seed,experiment_type,dataset,max_steps,K,sigma_min_all,sigma_min_Mk,cost,rmse,success,solve_ms,local_gate_fail,cond_gate_fail,slack_inf_norm,status,trajectory
0,fixed_k,iid,100,10,10.617474151254687,"[0.88681092 1.2616585  1.29329973 1.31012973 1.30264041 1.31274776
 1.31067762 1.312536   1.31351778 1.3117836  1.31371389 1.31134319
 1.31183863 1.30961571 1.31196332 1.31043216 1.3120547  1.30983192
 1.31353232 1.31014631 1.31402134 1.3105676  1.31233843 1.31177524
 1.31337815 1.31170205 1.31377142 1.31149592 1.31371389 1.31134319
 1.31416903 1.30864418 1.30992764 1.31191414 1.31188097 1.31235816
 1.31400199 1.31134319 1.3154792  1.30882644 1.31020167 1.31179852
 1.31356021 1.31235816 1.31354453 1.31254638 1.31179849 1.31235816
 1.31354453 1.31254638 1.31179849 1.31235816 1.31354453 1.31254638
 1.31179849 1.31235816 1.31354453 1.31254638 1.31179849 1.31235816
 1.31354453 1.31254638 1.31179849 1.31235816 1.31354453 1.31275868
 1.31169303 1.31275868 1.31169303 1.31275868 1.31169303 1.31275868
 1.31169303 1.31275868 1.31169303 1.31275868 1.31169303 1.31275868
 1.31188097 1.31235816 1.31354453 1.31275868 1.31188097 1.31235816
 1.31354453 1.31275868 1.31188097 1.31235816 1.31382358 1.31235816
 1.31382358 1.31235816 1.31382358 1.31235816 1.31382358 1.31235816
 1.31382358 1.31235816 1.31382358 1.31235816]",0.14316401378669652,0.18918510049606674,0,"[526.41214151 521.12852037 534.43278    519.43194028 517.23086089
 523.06563035 517.52830949 517.76154619 528.48593798 522.30576519
 515.24411701 526.95493679 519.40853242 519.47605144 522.39484619
 524.47731048 524.7353483  525.59816558 525.71387868 523.29841815
 524.84428138 522.06244878 519.08843685 518.4917599  522.28156105
 521.80139255 517.76315738 519.40356474 524.91341811 531.84090927
 520.50368767 530.23059946 521.64300531 527.83976588 523.26241788
 525.0091441  519.90989503 523.41780532 564.84114658 529.00650259
 531.74608666 535.1660559  533.60178228 528.66766695 532.72066079
 533.95957779 533.49041659 537.16747183 531.06558602 536.82407364
 530.2244937  536.17857676 556.28983863 529.43972312 687.76185066
 533.76233485 530.21133412 532.41131455 527.59481873 528.53473835
 534.32978317 530.33151384 532.1466187  529.93315924 532.49690775
 531.23908024 530.28893378 529.516479   532.27508813 527.1878466
 528.79546303 531.85255174 539.8950316  539.71324582 536.20058857
 530.53830564 532.34264534 534.91842188 531.26597684 529.86063436
 533.88270084 535.14489811 535.38027778 531.94994479 530.80929071
 530.79951555 533.63306075 530.9037948  530.7208579  529.39883713
 529.28328793 525.10070615 527.3957327  534.79086515 533.22761506
 528.23045105 525.55224858 524.32235982 526.07405931 530.5375699 ]",0,0,"[2.78671318e-04 2.17914669e-04 1.32251623e-04 1.86227656e-04
 2.06825828e-04 1.97307453e-04 2.82205755e-05 1.95539283e-04
 2.88085021e-05 1.95012286e-04 2.88890885e-05 1.94996777e-04
 2.81515216e-05 1.96478870e-04 2.86901959e-05 1.98672115e-04
 3.19779543e-05 1.97315172e-04 3.19192290e-05 1.97988840e-04
 2.80789512e-05 1.97525898e-04 4.50938310e-05 1.95775280e-04
 4.29931034e-05 1.96660284e-04 2.88231943e-05 1.95659120e-04
 2.88351415e-05 1.95040368e-04 2.82573286e-05 1.93953165e-04
 1.29670002e-04 1.95826092e-04 2.82616772e-05 1.96136433e-04
 2.87886149e-05 1.95054226e-04 2.84530721e-05 1.94702439e-04
 2.00152944e-04 1.96631244e-04 2.82090628e-05 1.96146809e-04
 2.84483428e-05 1.95691312e-04 2.82959124e-05 1.96147283e-04
 2.84412475e-05 1.95697232e-04 2.82892380e-05 1.96145911e-04
 2.84347789e-05 1.95702712e-04 2.82830522e-05 1.96145839e-04
 2.84287939e-05 1.95707833e-04 2.82773679e-05 1.96146570e-04
 2.84233135e-05 1.95712522e-04 2.82720856e-05 1.96147725e-04
 2.84182269e-05 1.95191075e-04 2.84617252e-05 1.95193064e-04
 2.84595114e-05 1.95195261e-04 2.84573151e-05 1.95197227e-04
 2.84552238e-05 1.95199198e-04 2.84532052e-05 1.95201014e-04
 2.84512942e-05 1.95202774e-04 2.81973274e-05 1.96154751e-04
 2.84015122e-05 1.95205911e-04 2.81938212e-05 1.96156656e-04
 2.83980730e-05 1.95208900e-04 2.81906244e-05 1.96158322e-04
 2.81230811e-05 1.96159188e-04 2.81215991e-05 1.96160003e-04
 2.81201843e-05 1.96160789e-04 2.81187815e-05 1.96161518e-04
 2.81175087e-05 1.96162132e-04 2.81162158e-05 1.96162835e-04]","['user_limit' 'user_limit' 'user_limit' 'user_limit' 'user_limit'
 'user_limit' 'user_limit' 'user_limit' 'user_limit' 'user_limit'
 'user_limit' 'user_limit' 'user_limit' 'user_limit' 'user_limit'
 'user_limit' 'user_limit' 'user_limit' 'user_limit' 'user_limit'
 'user_limit' 'user_limit' 'user_limit' 'user_limit' 'user_limit'
 'user_limit' 'user_limit' 'user_limit' 'user_limit' 'user_limit'
 'user_limit' 'user_limit' 'user_limit' 'user_limit' 'user_limit'
 'user_limit' 'user_limit' 'user_limit' 'user_limit' 'user_limit'
 'user_limit' 'user_limit' 'user_limit' 'user_limit' 'user_limit'
 'user_limit' 'user_limit' 'user_limit' 'user_limit' 'user_limit'
 'user_limit' 'user_limit' 'user_limit' 'user_limit' 'user_limit'
 'user_limit' 'user_limit' 'user_limit' 'user_limit' 'user_limit'
 'user_limit' 'user_limit' 'user_limit' 'user_limit' 'user_limit'
 'user_limit' 'user_limit' 'user_limit' 'user_limit' 'user_limit'
 'user_limit' 'user_limit' 'user_limit' 'user_limit' 'user_limit'
 'user_limit' 'user_limit' 'user_limit' 'user_limit' 'user_limit'
 'user_limit' 'user_limit' 'user_limit' 'user_limit' 'user_limit'
 'user_limit' 'user_limit' 'user_limit' 'user_limit' 'user_limit'
 'user_limit' 'user_limit' 'user_limit' 'user_limit' 'user_limit'
 'user_limit' 'user_limit' 'user_limit' 'user_limit' 'user_limit']","{'x_traj': array([[ 0.99962485,  0.99894022,  0.02738891, ...,  0.16728904,
        -0.09111115,  0.        ],
       [ 0.99962462,  0.99894419,  0.02739755, ...,  0.16728921,
        -0.09109986,  0.        ],
       [ 0.99962438,  0.99894806,  0.02740601, ...,  0.16728938,
        -0.0910888 ,  0.        ],
       ...,
       [ 0.99961452,  0.99910479,  0.02776363, ...,  0.1672955 ,
        -0.09062264,  0.        ],
       [ 0.99961448,  0.99910531,  0.02776488, ...,  0.16729552,
        -0.09062101,  0.        ],
       [ 0.99961445,  0.99910582,  0.02776611, ...,  0.16729554,
        -0.09061942,  0.        ]], shape=(100, 11)), 'u_traj': array([[0., 0.],
       [0., 0.],
       [0., 0.],
       [0., 0.],
       [0., 0.],
       [0., 0.],
       [0., 0.],
       [0., 0.],
       [0., 0.],
       [0., 0.],
       [0., 0.],
       [0., 0.],
       [0., 0.],
       [0., 0.],
       [0., 0.],
       [0., 0.],
       [0., 0.],
       [0., 0.],
       [0., 0.],
       [0., 0.],
       [0., 0.],
       [0., 0.],
       [0., 0.],
       [0., 0.],
       [0., 0.],
       [0., 0.],
       [0., 0.],
       [0., 0.],
       [0., 0.],
       [0., 0.],
       [0., 0.],
       [0., 0.],
       [0., 0.],
       [0., 0.],
       [0., 0.],
       [0., 0.],
       [0., 0.],
       [0., 0.],
       [0., 0.],
       [0., 0.],
       [0., 0.],
       [0., 0.],
       [0., 0.],
       [0., 0.],
       [0., 0.],
       [0., 0.],
       [0., 0.],
       [0., 0.],
       [0., 0.],
       [0., 0.],
       [0., 0.],
       [0., 0.],
       [0., 0.],
       [0., 0.],
       [0., 0.],
       [0., 0.],
       [0., 0.],
       [0., 0.],
       [0., 0.],
       [0., 0.],
       [0., 0.],
       [0., 0.],
       [0., 0.],
       [0., 0.],
       [0., 0.],
       [0., 0.],
       [0., 0.],
       [0., 0.],
       [0., 0.],
       [0., 0.],
       [0., 0.],
       [0., 0.],
       [0., 0.],
       [0., 0.],
       [0., 0.],
       [0., 0.],
       [0., 0.],
       [0., 0.],
       [0., 0.],
       [0., 0.],
       [0., 0.],
       [0., 0.],
       [0., 0.],
       [0., 0.],
       [0., 0.],
       [0., 0.],
       [0., 0.],
       [0., 0.],
       [0., 0.],
       [0., 0.],
       [0., 0.],
       [0., 0.],
       [0., 0.],
       [0., 0.],
       [0., 0.],
       [0., 0.],
       [0., 0.],
       [0., 0.],
       [0., 0.],
       [0., 0.]]), 'target_traj': array([[0.043, 0.09 ],
       [0.043, 0.09 ],
       [0.043, 0.09 ],
       [0.043, 0.09 ],
       [0.043, 0.09 ],
       [0.043, 0.09 ],
       [0.043, 0.09 ],
       [0.043, 0.09 ],
       [0.043, 0.09 ],
       [0.043, 0.09 ],
       [0.043, 0.09 ],
       [0.043, 0.09 ],
       [0.043, 0.09 ],
       [0.043, 0.09 ],
       [0.043, 0.09 ],
       [0.043, 0.09 ],
       [0.043, 0.09 ],
       [0.043, 0.09 ],
       [0.043, 0.09 ],
       [0.043, 0.09 ],
       [0.043, 0.09 ],
       [0.043, 0.09 ],
       [0.043, 0.09 ],
       [0.043, 0.09 ],
       [0.043, 0.09 ],
       [0.043, 0.09 ],
       [0.043, 0.09 ],
       [0.043, 0.09 ],
       [0.043, 0.09 ],
       [0.043, 0.09 ],
       [0.043, 0.09 ],
       [0.043, 0.09 ],
       [0.043, 0.09 ],
       [0.043, 0.09 ],
       [0.043, 0.09 ],
       [0.043, 0.09 ],
       [0.043, 0.09 ],
       [0.043, 0.09 ],
       [0.043, 0.09 ],
       [0.043, 0.09 ],
       [0.043, 0.09 ],
       [0.043, 0.09 ],
       [0.043, 0.09 ],
       [0.043, 0.09 ],
       [0.043, 0.09 ],
       [0.043, 0.09 ],
       [0.043, 0.09 ],
       [0.043, 0.09 ],
       [0.043, 0.09 ],
       [0.043, 0.09 ],
       [0.043, 0.09 ],
       [0.043, 0.09 ],
       [0.043, 0.09 ],
       [0.043, 0.09 ],
       [0.043, 0.09 ],
       [0.043, 0.09 ],
       [0.043, 0.09 ],
       [0.043, 0.09 ],
       [0.043, 0.09 ],
       [0.043, 0.09 ],
       [0.043, 0.09 ],
       [0.043, 0.09 ],
       [0.043, 0.09 ],
       [0.043, 0.09 ],
       [0.043, 0.09 ],
       [0.043, 0.09 ],
       [0.043, 0.09 ],
       [0.043, 0.09 ],
       [0.043, 0.09 ],
       [0.043, 0.09 ],
       [0.043, 0.09 ],
       [0.043, 0.09 ],
       [0.043, 0.09 ],
       [0.043, 0.09 ],
       [0.043, 0.09 ],
       [0.043, 0.09 ],
       [0.043, 0.09 ],
       [0.043, 0.09 ],
       [0.043, 0.09 ],
       [0.043, 0.09 ],
       [0.043, 0.09 ],
       [0.043, 0.09 ],
       [0.043, 0.09 ],
       [0.043, 0.09 ],
       [0.043, 0.09 ],
       [0.043, 0.09 ],
       [0.043, 0.09 ],
       [0.043, 0.09 ],
       [0.043, 0.09 ],
       [0.043, 0.09 ],
       [0.043, 0.09 ],
       [0.043, 0.09 ],
       [0.043, 0.09 ],
       [0.043, 0.09 ],
       [0.043, 0.09 ],
       [0.043, 0.09 ],
       [0.043, 0.09 ],
       [0.043, 0.09 ],
       [0.043, 0.09 ],
       [0.043, 0.09 ]]), 'err': array([0.18933254, 0.18932737, 0.18932229, 0.18931732, 0.18931245,
       0.18930767, 0.18930298, 0.18929839, 0.18929389, 0.18928948,
       0.18928515, 0.18928091, 0.18927676, 0.18927268, 0.18926869,
       0.18926477, 0.18926093, 0.18925717, 0.18925348, 0.18924987,
       0.18924632, 0.18924285, 0.18923944, 0.18923611, 0.18923283,
       0.18922963, 0.18922648, 0.1892234 , 0.18922038, 0.18921742,
       0.18921451, 0.18921167, 0.18920888, 0.18920614, 0.18920346,
       0.18920083, 0.18919826, 0.18919573, 0.18919326, 0.18919083,
       0.18918845, 0.18918612, 0.18918384, 0.18918159, 0.1891794 ,
       0.18917725, 0.18917514, 0.18917307, 0.18917104, 0.18916905,
       0.1891671 , 0.18916519, 0.18916332, 0.18916149, 0.18915969,
       0.18915793, 0.1891562 , 0.1891545 , 0.18915284, 0.18915121,
       0.18914962, 0.18914805, 0.18914652, 0.18914502, 0.18914354,
       0.1891421 , 0.18914068, 0.1891393 , 0.18913794, 0.1891366 ,
       0.1891353 , 0.18913401, 0.18913276, 0.18913153, 0.18913032,
       0.18912914, 0.18912798, 0.18912684, 0.18912573, 0.18912464,
       0.18912357, 0.18912252, 0.18912149, 0.18912048, 0.18911949,
       0.18911852, 0.18911757, 0.18911664, 0.18911573, 0.18911483,
       0.18911396, 0.1891131 , 0.18911226, 0.18911143, 0.18911062,
       0.18910983, 0.18910905, 0.18910829, 0.18910754, 0.18910681])}"
0,fixed_k,iid,100,20,10.617474151254687,"[0.88681092 1.2616585  1.29329973 1.31012973 1.30264041 1.31274776
 1.31067762 1.312536   1.31351778 1.3117836  1.31371389 1.31134319
 1.31183863 1.30961571 1.31196332 1.31043216 1.3120547  1.30983192
 1.31353232 1.31014631 1.31402134 1.3105676  1.31233843 1.31177524
 1.31337815 1.31170205 1.31377142 1.31149592 1.31371389 1.31134319
 1.31416903 1.30864418 1.30992764 1.31191414 1.31188097 1.31235816
 1.31400199 1.31134319 1.3154792  1.30882644 1.31020167 1.31179852
 1.31356021 1.31235816 1.31354453 1.31254638 1.31179849 1.31235816
 1.31354453 1.31254638 1.31179849 1.31235816 1.31354453 1.31254638
 1.31179849 1.31235816 1.31354453 1.31254638 1.31179849 1.31235816
 1.31354453 1.31254638 1.31179849 1.31235816 1.31354453 1.31275868
 1.31169303 1.31275868 1.31169303 1.31275868 1.31169303 1.31275868
 1.31169303 1.31275868 1.31169303 1.31275868 1.31169303 1.31275868
 1.31188097 1.31235816 1.31354453 1.31275868 1.31188097 1.31235816
 1.31354453 1.31275868 1.31188097 1.31235816 1.31382358 1.31235816
 1.31382358 1.31235816 1.31382358 1.31235816 1.31382358 1.31235816
 1.31382358 1.31235816 1.31382358 1.31235816]",0.14316401378669652,0.18918510049606674,0,"[525.9337863  530.65968771 526.33278817 528.01002935 526.62612684
 529.65882886 525.63298587 521.27726469 524.08676967 527.82439254
 527.66143158 523.26320019 526.05362423 526.39751602 532.74133336
 529.46193889 528.46130822 566.00996386 531.70183487 532.66837634
 529.91179936 532.04445634 531.71471786 532.17038978 530.91380559
 536.91142332 556.6894915  575.5263092  533.43685716 534.92530156
 530.34613002 531.6871414  534.81579106 539.33868464 538.272704
 544.35700085 535.32663453 533.45913813 558.18434712 531.56559262
 534.52834673 535.47559772 563.58873751 527.72567328 533.81846938
 527.65153255 527.15824731 527.85255108 537.08624002 529.18048855
 519.23134085 526.68085042 526.78852063 546.14967387 528.32598239
 534.58733857 529.72850204 540.18614255 535.27256567 523.46642129
 526.07114241 523.93389959 517.39227772 517.83599705 521.71763312
 532.15084877 527.74049621 524.49093107 529.73521408 531.53626993
 532.06438292 531.00386821 528.24768703 528.82830147 520.20519599
 518.09274405 502.49707513 515.98843373 523.0423063  517.12660119
 518.77320092 515.53247683 518.39888655 510.40030085 506.33206125
 512.15012092 508.89584981 506.96216617 504.94232867 519.5773337
 515.7132037  512.82885578 509.93290544 513.7085272  517.71731768
 509.34862345 508.03466793 507.03954417 511.79950405 506.63295295]",0,0,"[2.78671318e-04 2.17914669e-04 1.32251623e-04 1.86227656e-04
 2.06825828e-04 1.97307453e-04 2.82205755e-05 1.95539283e-04
 2.88085021e-05 1.95012286e-04 2.88890885e-05 1.94996777e-04
 2.81515216e-05 1.96478870e-04 2.86901959e-05 1.98672115e-04
 3.19779543e-05 1.97315172e-04 3.19192290e-05 1.97988840e-04
 2.80789512e-05 1.97525898e-04 4.50938310e-05 1.95775280e-04
 4.29931034e-05 1.96660284e-04 2.88231943e-05 1.95659120e-04
 2.88351415e-05 1.95040368e-04 2.82573286e-05 1.93953165e-04
 1.29670002e-04 1.95826092e-04 2.82616772e-05 1.96136433e-04
 2.87886149e-05 1.95054226e-04 2.84530721e-05 1.94702439e-04
 2.00152944e-04 1.96631244e-04 2.82090628e-05 1.96146809e-04
 2.84483428e-05 1.95691312e-04 2.82959124e-05 1.96147283e-04
 2.84412475e-05 1.95697232e-04 2.82892380e-05 1.96145911e-04
 2.84347789e-05 1.95702712e-04 2.82830522e-05 1.96145839e-04
 2.84287939e-05 1.95707833e-04 2.82773679e-05 1.96146570e-04
 2.84233135e-05 1.95712522e-04 2.82720856e-05 1.96147725e-04
 2.84182269e-05 1.95191075e-04 2.84617252e-05 1.95193064e-04
 2.84595114e-05 1.95195261e-04 2.84573151e-05 1.95197227e-04
 2.84552238e-05 1.95199198e-04 2.84532052e-05 1.95201014e-04
 2.84512942e-05 1.95202774e-04 2.81973274e-05 1.96154751e-04
 2.84015122e-05 1.95205911e-04 2.81938212e-05 1.96156656e-04
 2.83980730e-05 1.95208900e-04 2.81906244e-05 1.96158322e-04
 2.81230811e-05 1.96159188e-04 2.81215991e-05 1.96160003e-04
 2.81201843e-05 1.96160789e-04 2.81187815e-05 1.96161518e-04
 2.81175087e-05 1.96162132e-04 2.81162158e-05 1.96162835e-04]","['user_limit' 'user_limit' 'user_limit' 'user_limit' 'user_limit'
 'user_limit' 'user_limit' 'user_limit' 'user_limit' 'user_limit'
 'user_limit' 'user_limit' 'user_limit' 'user_limit' 'user_limit'
 'user_limit' 'user_limit' 'user_limit' 'user_limit' 'user_limit'
 'user_limit' 'user_limit' 'user_limit' 'user_limit' 'user_limit'
 'user_limit' 'user_limit' 'user_limit' 'user_limit' 'user_limit'
 'user_limit' 'user_limit' 'user_limit' 'user_limit' 'user_limit'
 'user_limit' 'user_limit' 'user_limit' 'user_limit' 'user_limit'
 'user_limit' 'user_limit' 'user_limit' 'user_limit' 'user_limit'
 'user_limit' 'user_limit' 'user_limit' 'user_limit' 'user_limit'
 'user_limit' 'user_limit' 'user_limit' 'user_limit' 'user_limit'
 'user_limit' 'user_limit' 'user_limit' 'user_limit' 'user_limit'
 'user_limit' 'user_limit' 'user_limit' 'user_limit' 'user_limit'
 'user_limit' 'user_limit' 'user_limit' 'user_limit' 'user_limit'
 'user_limit' 'user_limit' 'user_limit' 'user_limit' 'user_limit'
 'user_limit' 'user_limit' 'user_limit' 'user_limit' 'user_limit'
 'user_limit' 'user_limit' 'user_limit' 'user_limit' 'user_limit'
 'user_limit' 'user_limit' 'user_limit' 'user_limit' 'user_limit'
 'user_limit' 'user_limit' 'user_limit' 'user_limit' 'user_limit'
 'user_limit' 'user_limit' 'user_limit' 'user_limit' 'user_limit']","{'x_traj': array([[ 0.99962485,  0.99894022,  0.02738891, ...,  0.16728904,
        -0.09111115,  0.        ],
       [ 0.99962462,  0.99894419,  0.02739755, ...,  0.16728921,
        -0.09109986,  0.        ],
       [ 0.99962438,  0.99894806,  0.02740601, ...,  0.16728938,
        -0.0910888 ,  0.        ],
       ...,
       [ 0.99961452,  0.99910479,  0.02776363, ...,  0.1672955 ,
        -0.09062264,  0.        ],
       [ 0.99961448,  0.99910531,  0.02776488, ...,  0.16729552,
        -0.09062101,  0.        ],
       [ 0.99961445,  0.99910582,  0.02776611, ...,  0.16729554,
        -0.09061942,  0.        ]], shape=(100, 11)), 'u_traj': array([[0., 0.],
       [0., 0.],
       [0., 0.],
       [0., 0.],
       [0., 0.],
       [0., 0.],
       [0., 0.],
       [0., 0.],
       [0., 0.],
       [0., 0.],
       [0., 0.],
       [0., 0.],
       [0., 0.],
       [0., 0.],
       [0., 0.],
       [0., 0.],
       [0., 0.],
       [0., 0.],
       [0., 0.],
       [0., 0.],
       [0., 0.],
       [0., 0.],
       [0., 0.],
       [0., 0.],
       [0., 0.],
       [0., 0.],
       [0., 0.],
       [0., 0.],
       [0., 0.],
       [0., 0.],
       [0., 0.],
       [0., 0.],
       [0., 0.],
       [0., 0.],
       [0., 0.],
       [0., 0.],
       [0., 0.],
       [0., 0.],
       [0., 0.],
       [0., 0.],
       [0., 0.],
       [0., 0.],
       [0., 0.],
       [0., 0.],
       [0., 0.],
       [0., 0.],
       [0., 0.],
       [0., 0.],
       [0., 0.],
       [0., 0.],
       [0., 0.],
       [0., 0.],
       [0., 0.],
       [0., 0.],
       [0., 0.],
       [0., 0.],
       [0., 0.],
       [0., 0.],
       [0., 0.],
       [0., 0.],
       [0., 0.],
       [0., 0.],
       [0., 0.],
       [0., 0.],
       [0., 0.],
       [0., 0.],
       [0., 0.],
       [0., 0.],
       [0., 0.],
       [0., 0.],
       [0., 0.],
       [0., 0.],
       [0., 0.],
       [0., 0.],
       [0., 0.],
       [0., 0.],
       [0., 0.],
       [0., 0.],
       [0., 0.],
       [0., 0.],
       [0., 0.],
       [0., 0.],
       [0., 0.],
       [0., 0.],
       [0., 0.],
       [0., 0.],
       [0., 0.],
       [0., 0.],
       [0., 0.],
       [0., 0.],
       [0., 0.],
       [0., 0.],
       [0., 0.],
       [0., 0.],
       [0., 0.],
       [0., 0.],
       [0., 0.],
       [0., 0.],
       [0., 0.],
       [0., 0.]]), 'target_traj': array([[0.043, 0.09 ],
       [0.043, 0.09 ],
       [0.043, 0.09 ],
       [0.043, 0.09 ],
       [0.043, 0.09 ],
       [0.043, 0.09 ],
       [0.043, 0.09 ],
       [0.043, 0.09 ],
       [0.043, 0.09 ],
       [0.043, 0.09 ],
       [0.043, 0.09 ],
       [0.043, 0.09 ],
       [0.043, 0.09 ],
       [0.043, 0.09 ],
       [0.043, 0.09 ],
       [0.043, 0.09 ],
       [0.043, 0.09 ],
       [0.043, 0.09 ],
       [0.043, 0.09 ],
       [0.043, 0.09 ],
       [0.043, 0.09 ],
       [0.043, 0.09 ],
       [0.043, 0.09 ],
       [0.043, 0.09 ],
       [0.043, 0.09 ],
       [0.043, 0.09 ],
       [0.043, 0.09 ],
       [0.043, 0.09 ],
       [0.043, 0.09 ],
       [0.043, 0.09 ],
       [0.043, 0.09 ],
       [0.043, 0.09 ],
       [0.043, 0.09 ],
       [0.043, 0.09 ],
       [0.043, 0.09 ],
       [0.043, 0.09 ],
       [0.043, 0.09 ],
       [0.043, 0.09 ],
       [0.043, 0.09 ],
       [0.043, 0.09 ],
       [0.043, 0.09 ],
       [0.043, 0.09 ],
       [0.043, 0.09 ],
       [0.043, 0.09 ],
       [0.043, 0.09 ],
       [0.043, 0.09 ],
       [0.043, 0.09 ],
       [0.043, 0.09 ],
       [0.043, 0.09 ],
       [0.043, 0.09 ],
       [0.043, 0.09 ],
       [0.043, 0.09 ],
       [0.043, 0.09 ],
       [0.043, 0.09 ],
       [0.043, 0.09 ],
       [0.043, 0.09 ],
       [0.043, 0.09 ],
       [0.043, 0.09 ],
       [0.043, 0.09 ],
       [0.043, 0.09 ],
       [0.043, 0.09 ],
       [0.043, 0.09 ],
       [0.043, 0.09 ],
       [0.043, 0.09 ],
       [0.043, 0.09 ],
       [0.043, 0.09 ],
       [0.043, 0.09 ],
       [0.043, 0.09 ],
       [0.043, 0.09 ],
       [0.043, 0.09 ],
       [0.043, 0.09 ],
       [0.043, 0.09 ],
       [0.043, 0.09 ],
       [0.043, 0.09 ],
       [0.043, 0.09 ],
       [0.043, 0.09 ],
       [0.043, 0.09 ],
       [0.043, 0.09 ],
       [0.043, 0.09 ],
       [0.043, 0.09 ],
       [0.043, 0.09 ],
       [0.043, 0.09 ],
       [0.043, 0.09 ],
       [0.043, 0.09 ],
       [0.043, 0.09 ],
       [0.043, 0.09 ],
       [0.043, 0.09 ],
       [0.043, 0.09 ],
       [0.043, 0.09 ],
       [0.043, 0.09 ],
       [0.043, 0.09 ],
       [0.043, 0.09 ],
       [0.043, 0.09 ],
       [0.043, 0.09 ],
       [0.043, 0.09 ],
       [0.043, 0.09 ],
       [0.043, 0.09 ],
       [0.043, 0.09 ],
       [0.043, 0.09 ],
       [0.043, 0.09 ]]), 'err': array([0.18933254, 0.18932737, 0.18932229, 0.18931732, 0.18931245,
       0.18930767, 0.18930298, 0.18929839, 0.18929389, 0.18928948,
       0.18928515, 0.18928091, 0.18927676, 0.18927268, 0.18926869,
       0.18926477, 0.18926093, 0.18925717, 0.18925348, 0.18924987,
       0.18924632, 0.18924285, 0.18923944, 0.18923611, 0.18923283,
       0.18922963, 0.18922648, 0.1892234 , 0.18922038, 0.18921742,
       0.18921451, 0.18921167, 0.18920888, 0.18920614, 0.18920346,
       0.18920083, 0.18919826, 0.18919573, 0.18919326, 0.18919083,
       0.18918845, 0.18918612, 0.18918384, 0.18918159, 0.1891794 ,
       0.18917725, 0.18917514, 0.18917307, 0.18917104, 0.18916905,
       0.1891671 , 0.18916519, 0.18916332, 0.18916149, 0.18915969,
       0.18915793, 0.1891562 , 0.1891545 , 0.18915284, 0.18915121,
       0.18914962, 0.18914805, 0.18914652, 0.18914502, 0.18914354,
       0.1891421 , 0.18914068, 0.1891393 , 0.18913794, 0.1891366 ,
       0.1891353 , 0.18913401, 0.18913276, 0.18913153, 0.18913032,
       0.18912914, 0.18912798, 0.18912684, 0.18912573, 0.18912464,
       0.18912357, 0.18912252, 0.18912149, 0.18912048, 0.18911949,
       0.18911852, 0.18911757, 0.18911664, 0.18911573, 0.18911483,
       0.18911396, 0.1891131 , 0.18911226, 0.18911143, 0.18911062,
       0.18910983, 0.18910905, 0.18910829, 0.18910754, 0.18910681])}"
0,fixed_k,iid,100,30,10.617474151254687,"[0.88681092 1.2616585  1.29329973 1.31012973 1.30264041 1.31274776
 1.31067762 1.312536   1.31351778 1.3117836  1.31371389 1.31134319
 1.31183863 1.30961571 1.31196332 1.31043216 1.3120547  1.30983192
 1.31353232 1.31014631 1.31402134 1.3105676  1.31233843 1.31177524
 1.31337815 1.31170205 1.31377142 1.31149592 1.31371389 1.31134319
 1.31416903 1.30864418 1.30992764 1.31191414 1.31188097 1.31235816
 1.31400199 1.31134319 1.3154792  1.30882644 1.31020167 1.31179852
 1.31356021 1.31235816 1.31354453 1.31254638 1.31179849 1.31235816
 1.31354453 1.31254638 1.31179849 1.31235816 1.31354453 1.31254638
 1.31179849 1.31235816 1.31354453 1.31254638 1.31179849 1.31235816
 1.31354453 1.31254638 1.31179849 1.31235816 1.31354453 1.31275868
 1.31169303 1.31275868 1.31169303 1.31275868 1.31169303 1.31275868
 1.31169303 1.31275868 1.31169303 1.31275868 1.31169303 1.31275868
 1.31188097 1.31235816 1.31354453 1.31275868 1.31188097 1.31235816
 1.31354453 1.31275868 1.31188097 1.31235816 1.31382358 1.31235816
 1.31382358 1.31235816 1.31382358 1.31235816 1.31382358 1.31235816
 1.31382358 1.31235816 1.31382358 1.31235816]",0.14316401378669652,0.18918510049606674,0,"[520.40772513 510.80611348 513.60944565 512.49617804 515.6032769
 507.78878573 519.79662385 510.92094183 507.50105828 519.33734212
 510.10341104 506.43096119 506.21541962 509.73253138 523.96184299
 511.15992852 504.85186744 513.86977732 509.46943741 513.41079827
 504.79730032 520.71866672 509.62735619 503.80889699 526.06927045
 512.51022145 507.53190555 509.90271755 503.47902812 516.50130562
 502.84092315 655.32976855 511.1204125  505.44839632 514.7660831
 506.86988328 512.29745522 507.71539472 502.06778571 515.6284878
 512.69275974 509.30156559 517.10007247 512.16869615 515.87256137
 506.87844958 509.35164467 511.60339359 502.87626591 516.13875758
 506.39720354 511.27891243 506.03750441 511.04602311 515.73429815
 505.40529098 508.47546384 509.3942238  512.38075178 515.5168362
 514.52583913 508.44014436 513.4451054  506.28457405 516.87835343
 507.71392602 511.39506698 508.12876225 503.9082272  515.55585768
 507.29760807 508.37933179 509.08913556 513.73959053 512.63575908
 515.43797273 513.95809185 511.12042833 517.45353173 512.7235949
 510.51050797 511.35818101 506.64790813 506.03846088 510.31781361
 513.85156717 505.98401204 506.9741495  511.30321994 530.29237315
 508.18688888 519.37638409 536.40568908 507.82573223 517.21466426
 505.63065056 517.39522349 519.83194705 513.18759564 516.53667074]",0,0,"[2.78671318e-04 2.17914669e-04 1.32251623e-04 1.86227656e-04
 2.06825828e-04 1.97307453e-04 2.82205755e-05 1.95539283e-04
 2.88085021e-05 1.95012286e-04 2.88890885e-05 1.94996777e-04
 2.81515216e-05 1.96478870e-04 2.86901959e-05 1.98672115e-04
 3.19779543e-05 1.97315172e-04 3.19192290e-05 1.97988840e-04
 2.80789512e-05 1.97525898e-04 4.50938310e-05 1.95775280e-04
 4.29931034e-05 1.96660284e-04 2.88231943e-05 1.95659120e-04
 2.88351415e-05 1.95040368e-04 2.82573286e-05 1.93953165e-04
 1.29670002e-04 1.95826092e-04 2.82616772e-05 1.96136433e-04
 2.87886149e-05 1.95054226e-04 2.84530721e-05 1.94702439e-04
 2.00152944e-04 1.96631244e-04 2.82090628e-05 1.96146809e-04
 2.84483428e-05 1.95691312e-04 2.82959124e-05 1.96147283e-04
 2.84412475e-05 1.95697232e-04 2.82892380e-05 1.96145911e-04
 2.84347789e-05 1.95702712e-04 2.82830522e-05 1.96145839e-04
 2.84287939e-05 1.95707833e-04 2.82773679e-05 1.96146570e-04
 2.84233135e-05 1.95712522e-04 2.82720856e-05 1.96147725e-04
 2.84182269e-05 1.95191075e-04 2.84617252e-05 1.95193064e-04
 2.84595114e-05 1.95195261e-04 2.84573151e-05 1.95197227e-04
 2.84552238e-05 1.95199198e-04 2.84532052e-05 1.95201014e-04
 2.84512942e-05 1.95202774e-04 2.81973274e-05 1.96154751e-04
 2.84015122e-05 1.95205911e-04 2.81938212e-05 1.96156656e-04
 2.83980730e-05 1.95208900e-04 2.81906244e-05 1.96158322e-04
 2.81230811e-05 1.96159188e-04 2.81215991e-05 1.96160003e-04
 2.81201843e-05 1.96160789e-04 2.81187815e-05 1.96161518e-04
 2.81175087e-05 1.96162132e-04 2.81162158e-05 1.96162835e-04]","['user_limit' 'user_limit' 'user_limit' 'user_limit' 'user_limit'
 'user_limit' 'user_limit' 'user_limit' 'user_limit' 'user_limit'
 'user_limit' 'user_limit' 'user_limit' 'user_limit' 'user_limit'
 'user_limit' 'user_limit' 'user_limit' 'user_limit' 'user_limit'
 'user_limit' 'user_limit' 'user_limit' 'user_limit' 'user_limit'
 'user_limit' 'user_limit' 'user_limit' 'user_limit' 'user_limit'
 'user_limit' 'user_limit' 'user_limit' 'user_limit' 'user_limit'
 'user_limit' 'user_limit' 'user_limit' 'user_limit' 'user_limit'
 'user_limit' 'user_limit' 'user_limit' 'user_limit' 'user_limit'
 'user_limit' 'user_limit' 'user_limit' 'user_limit' 'user_limit'
 'user_limit' 'user_limit' 'user_limit' 'user_limit' 'user_limit'
 'user_limit' 'user_limit' 'user_limit' 'user_limit' 'user_limit'
 'user_limit' 'user_limit' 'user_limit' 'user_limit' 'user_limit'
 'user_limit' 'user_limit' 'user_limit' 'user_limit' 'user_limit'
 'user_limit' 'user_limit' 'user_limit' 'user_limit' 'user_limit'
 'user_limit' 'user_limit' 'user_limit' 'user_limit' 'user_limit'
 'user_limit' 'user_limit' 'user_limit' 'user_limit' 'user_limit'
 'user_limit' 'user_limit' 'user_limit' 'user_limit' 'user_limit'
 'user_limit' 'user_limit' 'user_limit' 'user_limit' 'user_limit'
 'user_limit' 'user_limit' 'user_limit' 'user_limit' 'user_limit']","{'x_traj': array([[ 0.99962485,  0.99894022,  0.02738891, ...,  0.16728904,
        -0.09111115,  0.        ],
       [ 0.99962462,  0.99894419,  0.02739755, ...,  0.16728921,
        -0.09109986,  0.        ],
       [ 0.99962438,  0.99894806,  0.02740601, ...,  0.16728938,
        -0.0910888 ,  0.        ],
       ...,
       [ 0.99961452,  0.99910479,  0.02776363, ...,  0.1672955 ,
        -0.09062264,  0.        ],
       [ 0.99961448,  0.99910531,  0.02776488, ...,  0.16729552,
        -0.09062101,  0.        ],
       [ 0.99961445,  0.99910582,  0.02776611, ...,  0.16729554,
        -0.09061942,  0.        ]], shape=(100, 11)), 'u_traj': array([[0., 0.],
       [0., 0.],
       [0., 0.],
       [0., 0.],
       [0., 0.],
       [0., 0.],
       [0., 0.],
       [0., 0.],
       [0., 0.],
       [0., 0.],
       [0., 0.],
       [0., 0.],
       [0., 0.],
       [0., 0.],
       [0., 0.],
       [0., 0.],
       [0., 0.],
       [0., 0.],
       [0., 0.],
       [0., 0.],
       [0., 0.],
       [0., 0.],
       [0., 0.],
       [0., 0.],
       [0., 0.],
       [0., 0.],
       [0., 0.],
       [0., 0.],
       [0., 0.],
       [0., 0.],
       [0., 0.],
       [0., 0.],
       [0., 0.],
       [0., 0.],
       [0., 0.],
       [0., 0.],
       [0., 0.],
       [0., 0.],
       [0., 0.],
       [0., 0.],
       [0., 0.],
       [0., 0.],
       [0., 0.],
       [0., 0.],
       [0., 0.],
       [0., 0.],
       [0., 0.],
       [0., 0.],
       [0., 0.],
       [0., 0.],
       [0., 0.],
       [0., 0.],
       [0., 0.],
       [0., 0.],
       [0., 0.],
       [0., 0.],
       [0., 0.],
       [0., 0.],
       [0., 0.],
       [0., 0.],
       [0., 0.],
       [0., 0.],
       [0., 0.],
       [0., 0.],
       [0., 0.],
       [0., 0.],
       [0., 0.],
       [0., 0.],
       [0., 0.],
       [0., 0.],
       [0., 0.],
       [0., 0.],
       [0., 0.],
       [0., 0.],
       [0., 0.],
       [0., 0.],
       [0., 0.],
       [0., 0.],
       [0., 0.],
       [0., 0.],
       [0., 0.],
       [0., 0.],
       [0., 0.],
       [0., 0.],
       [0., 0.],
       [0., 0.],
       [0., 0.],
       [0., 0.],
       [0., 0.],
       [0., 0.],
       [0., 0.],
       [0., 0.],
       [0., 0.],
       [0., 0.],
       [0., 0.],
       [0., 0.],
       [0., 0.],
       [0., 0.],
       [0., 0.],
       [0., 0.]]), 'target_traj': array([[0.043, 0.09 ],
       [0.043, 0.09 ],
       [0.043, 0.09 ],
       [0.043, 0.09 ],
       [0.043, 0.09 ],
       [0.043, 0.09 ],
       [0.043, 0.09 ],
       [0.043, 0.09 ],
       [0.043, 0.09 ],
       [0.043, 0.09 ],
       [0.043, 0.09 ],
       [0.043, 0.09 ],
       [0.043, 0.09 ],
       [0.043, 0.09 ],
       [0.043, 0.09 ],
       [0.043, 0.09 ],
       [0.043, 0.09 ],
       [0.043, 0.09 ],
       [0.043, 0.09 ],
       [0.043, 0.09 ],
       [0.043, 0.09 ],
       [0.043, 0.09 ],
       [0.043, 0.09 ],
       [0.043, 0.09 ],
       [0.043, 0.09 ],
       [0.043, 0.09 ],
       [0.043, 0.09 ],
       [0.043, 0.09 ],
       [0.043, 0.09 ],
       [0.043, 0.09 ],
       [0.043, 0.09 ],
       [0.043, 0.09 ],
       [0.043, 0.09 ],
       [0.043, 0.09 ],
       [0.043, 0.09 ],
       [0.043, 0.09 ],
       [0.043, 0.09 ],
       [0.043, 0.09 ],
       [0.043, 0.09 ],
       [0.043, 0.09 ],
       [0.043, 0.09 ],
       [0.043, 0.09 ],
       [0.043, 0.09 ],
       [0.043, 0.09 ],
       [0.043, 0.09 ],
       [0.043, 0.09 ],
       [0.043, 0.09 ],
       [0.043, 0.09 ],
       [0.043, 0.09 ],
       [0.043, 0.09 ],
       [0.043, 0.09 ],
       [0.043, 0.09 ],
       [0.043, 0.09 ],
       [0.043, 0.09 ],
       [0.043, 0.09 ],
       [0.043, 0.09 ],
       [0.043, 0.09 ],
       [0.043, 0.09 ],
       [0.043, 0.09 ],
       [0.043, 0.09 ],
       [0.043, 0.09 ],
       [0.043, 0.09 ],
       [0.043, 0.09 ],
       [0.043, 0.09 ],
       [0.043, 0.09 ],
       [0.043, 0.09 ],
       [0.043, 0.09 ],
       [0.043, 0.09 ],
       [0.043, 0.09 ],
       [0.043, 0.09 ],
       [0.043, 0.09 ],
       [0.043, 0.09 ],
       [0.043, 0.09 ],
       [0.043, 0.09 ],
       [0.043, 0.09 ],
       [0.043, 0.09 ],
       [0.043, 0.09 ],
       [0.043, 0.09 ],
       [0.043, 0.09 ],
       [0.043, 0.09 ],
       [0.043, 0.09 ],
       [0.043, 0.09 ],
       [0.043, 0.09 ],
       [0.043, 0.09 ],
       [0.043, 0.09 ],
       [0.043, 0.09 ],
       [0.043, 0.09 ],
       [0.043, 0.09 ],
       [0.043, 0.09 ],
       [0.043, 0.09 ],
       [0.043, 0.09 ],
       [0.043, 0.09 ],
       [0.043, 0.09 ],
       [0.043, 0.09 ],
       [0.043, 0.09 ],
       [0.043, 0.09 ],
       [0.043, 0.09 ],
       [0.043, 0.09 ],
       [0.043, 0.09 ],
       [0.043, 0.09 ]]), 'err': array([0.18933254, 0.18932737, 0.18932229, 0.18931732, 0.18931245,
       0.18930767, 0.18930298, 0.18929839, 0.18929389, 0.18928948,
       0.18928515, 0.18928091, 0.18927676, 0.18927268, 0.18926869,
       0.18926477, 0.18926093, 0.18925717, 0.18925348, 0.18924987,
       0.18924632, 0.18924285, 0.18923944, 0.18923611, 0.18923283,
       0.18922963, 0.18922648, 0.1892234 , 0.18922038, 0.18921742,
       0.18921451, 0.18921167, 0.18920888, 0.18920614, 0.18920346,
       0.18920083, 0.18919826, 0.18919573, 0.18919326, 0.18919083,
       0.18918845, 0.18918612, 0.18918384, 0.18918159, 0.1891794 ,
       0.18917725, 0.18917514, 0.18917307, 0.18917104, 0.18916905,
       0.1891671 , 0.18916519, 0.18916332, 0.18916149, 0.18915969,
       0.18915793, 0.1891562 , 0.1891545 , 0.18915284, 0.18915121,
       0.18914962, 0.18914805, 0.18914652, 0.18914502, 0.18914354,
       0.1891421 , 0.18914068, 0.1891393 , 0.18913794, 0.1891366 ,
       0.1891353 , 0.18913401, 0.18913276, 0.18913153, 0.18913032,
       0.18912914, 0.18912798, 0.18912684, 0.18912573, 0.18912464,
       0.18912357, 0.18912252, 0.18912149, 0.18912048, 0.18911949,
       0.18911852, 0.18911757, 0.18911664, 0.18911573, 0.18911483,
       0.18911396, 0.1891131 , 0.18911226, 0.18911143, 0.18911062,
       0.18910983, 0.18910905, 0.18910829, 0.18910754, 0.18910681])}"
0,fixed_k,iid,100,40,10.617474151254687,"[0.88681092 1.2616585  1.29329973 1.31012973 1.30264041 1.31274776
 1.31067762 1.312536   1.31351778 1.3117836  1.31371389 1.31134319
 1.31183863 1.30961571 1.31196332 1.31043216 1.3120547  1.30983192
 1.31353232 1.31014631 1.31402134 1.3105676  1.31233843 1.31177524
 1.31337815 1.31170205 1.31377142 1.31149592 1.31371389 1.31134319
 1.31416903 1.30864418 1.30992764 1.31191414 1.31188097 1.31235816
 1.31400199 1.31134319 1.3154792  1.30882644 1.31020167 1.31179852
 1.31356021 1.31235816 1.31354453 1.31254638 1.31179849 1.31235816
 1.31354453 1.31254638 1.31179849 1.31235816 1.31354453 1.31254638
 1.31179849 1.31235816 1.31354453 1.31254638 1.31179849 1.31235816
 1.31354453 1.31254638 1.31179849 1.31235816 1.31354453 1.31275868
 1.31169303 1.31275868 1.31169303 1.31275868 1.31169303 1.31275868
 1.31169303 1.31275868 1.31169303 1.31275868 1.31169303 1.31275868
 1.31188097 1.31235816 1.31354453 1.31275868 1.31188097 1.31235816
 1.31354453 1.31275868 1.31188097 1.31235816 1.31382358 1.31235816
 1.31382358 1.31235816 1.31382358 1.31235816 1.31382358 1.31235816
 1.31382358 1.31235816 1.31382358 1.31235816]",0.14316401378669652,0.18918510049606674,0,"[511.0615259  513.21732718 504.67348006 514.31947108 508.64901207
 513.73847481 507.03374855 507.52036739 509.22886003 513.03625107
 507.75915105 504.94489446 518.45411118 513.98326084 510.50163526
 506.10404648 512.52573915 506.15362078 516.72906894 508.28354619
 511.79149002 508.99744313 506.06023055 515.93015529 506.81307819
 506.36221748 505.61425462 515.1343802  520.56336217 506.36197161
 516.82372671 517.81648025 507.30336364 519.67614144 504.67537437
 514.89543077 510.08526236 506.40044548 514.57855664 511.56772673
 503.83217912 505.24111185 516.86020382 514.12356924 511.91428304
 505.62143791 511.91189885 507.50865601 520.01286298 513.02731223
 512.67506275 509.1833584  507.09402468 515.61828051 507.23990425
 503.7608007  506.68312423 508.63486994 509.00961179 510.35567559
 507.83662219 514.47135117 506.80321362 507.39072915 512.56321929
 517.26202201 510.34608949 518.87285803 507.11597502 517.16206595
 509.72217694 506.46900944 508.50431062 503.14895716 508.40783492
 505.94230928 510.1260487  504.87222429 511.12662628 508.89476482
 510.07759012 509.55190044 507.27832504 513.76285031 513.39034829
 514.6002518  510.12256648 515.90398327 507.13289995 507.40162563
 507.10793678 508.99002422 507.64887966 508.96864664 512.07277551
 508.35240539 508.16157274 506.69301581 521.76493127 510.59695706]",0,0,"[2.78671318e-04 2.17914669e-04 1.32251623e-04 1.86227656e-04
 2.06825828e-04 1.97307453e-04 2.82205755e-05 1.95539283e-04
 2.88085021e-05 1.95012286e-04 2.88890885e-05 1.94996777e-04
 2.81515216e-05 1.96478870e-04 2.86901959e-05 1.98672115e-04
 3.19779543e-05 1.97315172e-04 3.19192290e-05 1.97988840e-04
 2.80789512e-05 1.97525898e-04 4.50938310e-05 1.95775280e-04
 4.29931034e-05 1.96660284e-04 2.88231943e-05 1.95659120e-04
 2.88351415e-05 1.95040368e-04 2.82573286e-05 1.93953165e-04
 1.29670002e-04 1.95826092e-04 2.82616772e-05 1.96136433e-04
 2.87886149e-05 1.95054226e-04 2.84530721e-05 1.94702439e-04
 2.00152944e-04 1.96631244e-04 2.82090628e-05 1.96146809e-04
 2.84483428e-05 1.95691312e-04 2.82959124e-05 1.96147283e-04
 2.84412475e-05 1.95697232e-04 2.82892380e-05 1.96145911e-04
 2.84347789e-05 1.95702712e-04 2.82830522e-05 1.96145839e-04
 2.84287939e-05 1.95707833e-04 2.82773679e-05 1.96146570e-04
 2.84233135e-05 1.95712522e-04 2.82720856e-05 1.96147725e-04
 2.84182269e-05 1.95191075e-04 2.84617252e-05 1.95193064e-04
 2.84595114e-05 1.95195261e-04 2.84573151e-05 1.95197227e-04
 2.84552238e-05 1.95199198e-04 2.84532052e-05 1.95201014e-04
 2.84512942e-05 1.95202774e-04 2.81973274e-05 1.96154751e-04
 2.84015122e-05 1.95205911e-04 2.81938212e-05 1.96156656e-04
 2.83980730e-05 1.95208900e-04 2.81906244e-05 1.96158322e-04
 2.81230811e-05 1.96159188e-04 2.81215991e-05 1.96160003e-04
 2.81201843e-05 1.96160789e-04 2.81187815e-05 1.96161518e-04
 2.81175087e-05 1.96162132e-04 2.81162158e-05 1.96162835e-04]","['user_limit' 'user_limit' 'user_limit' 'user_limit' 'user_limit'
 'user_limit' 'user_limit' 'user_limit' 'user_limit' 'user_limit'
 'user_limit' 'user_limit' 'user_limit' 'user_limit' 'user_limit'
 'user_limit' 'user_limit' 'user_limit' 'user_limit' 'user_limit'
 'user_limit' 'user_limit' 'user_limit' 'user_limit' 'user_limit'
 'user_limit' 'user_limit' 'user_limit' 'user_limit' 'user_limit'
 'user_limit' 'user_limit' 'user_limit' 'user_limit' 'user_limit'
 'user_limit' 'user_limit' 'user_limit' 'user_limit' 'user_limit'
 'user_limit' 'user_limit' 'user_limit' 'user_limit' 'user_limit'
 'user_limit' 'user_limit' 'user_limit' 'user_limit' 'user_limit'
 'user_limit' 'user_limit' 'user_limit' 'user_limit' 'user_limit'
 'user_limit' 'user_limit' 'user_limit' 'user_limit' 'user_limit'
 'user_limit' 'user_limit' 'user_limit' 'user_limit' 'user_limit'
 'user_limit' 'user_limit' 'user_limit' 'user_limit' 'user_limit'
 'user_limit' 'user_limit' 'user_limit' 'user_limit' 'user_limit'
 'user_limit' 'user_limit' 'user_limit' 'user_limit' 'user_limit'
 'user_limit' 'user_limit' 'user_limit' 'user_limit' 'user_limit'
 'user_limit' 'user_limit' 'user_limit' 'user_limit' 'user_limit'
 'user_limit' 'user_limit' 'user_limit' 'user_limit' 'user_limit'
 'user_limit' 'user_limit' 'user_limit' 'user_limit' 'user_limit']","{'x_traj': array([[ 0.99962485,  0.99894022,  0.02738891, ...,  0.16728904,
        -0.09111115,  0.        ],
       [ 0.99962462,  0.99894419,  0.02739755, ...,  0.16728921,
        -0.09109986,  0.        ],
       [ 0.99962438,  0.99894806,  0.02740601, ...,  0.16728938,
        -0.0910888 ,  0.        ],
       ...,
       [ 0.99961452,  0.99910479,  0.02776363, ...,  0.1672955 ,
        -0.09062264,  0.        ],
       [ 0.99961448,  0.99910531,  0.02776488, ...,  0.16729552,
        -0.09062101,  0.        ],
       [ 0.99961445,  0.99910582,  0.02776611, ...,  0.16729554,
        -0.09061942,  0.        ]], shape=(100, 11)), 'u_traj': array([[0., 0.],
       [0., 0.],
       [0., 0.],
       [0., 0.],
       [0., 0.],
       [0., 0.],
       [0., 0.],
       [0., 0.],
       [0., 0.],
       [0., 0.],
       [0., 0.],
       [0., 0.],
       [0., 0.],
       [0., 0.],
       [0., 0.],
       [0., 0.],
       [0., 0.],
       [0., 0.],
       [0., 0.],
       [0., 0.],
       [0., 0.],
       [0., 0.],
       [0., 0.],
       [0., 0.],
       [0., 0.],
       [0., 0.],
       [0., 0.],
       [0., 0.],
       [0., 0.],
       [0., 0.],
       [0., 0.],
       [0., 0.],
       [0., 0.],
       [0., 0.],
       [0., 0.],
       [0., 0.],
       [0., 0.],
       [0., 0.],
       [0., 0.],
       [0., 0.],
       [0., 0.],
       [0., 0.],
       [0., 0.],
       [0., 0.],
       [0., 0.],
       [0., 0.],
       [0., 0.],
       [0., 0.],
       [0., 0.],
       [0., 0.],
       [0., 0.],
       [0., 0.],
       [0., 0.],
       [0., 0.],
       [0., 0.],
       [0., 0.],
       [0., 0.],
       [0., 0.],
       [0., 0.],
       [0., 0.],
       [0., 0.],
       [0., 0.],
       [0., 0.],
       [0., 0.],
       [0., 0.],
       [0., 0.],
       [0., 0.],
       [0., 0.],
       [0., 0.],
       [0., 0.],
       [0., 0.],
       [0., 0.],
       [0., 0.],
       [0., 0.],
       [0., 0.],
       [0., 0.],
       [0., 0.],
       [0., 0.],
       [0., 0.],
       [0., 0.],
       [0., 0.],
       [0., 0.],
       [0., 0.],
       [0., 0.],
       [0., 0.],
       [0., 0.],
       [0., 0.],
       [0., 0.],
       [0., 0.],
       [0., 0.],
       [0., 0.],
       [0., 0.],
       [0., 0.],
       [0., 0.],
       [0., 0.],
       [0., 0.],
       [0., 0.],
       [0., 0.],
       [0., 0.],
       [0., 0.]]), 'target_traj': array([[0.043, 0.09 ],
       [0.043, 0.09 ],
       [0.043, 0.09 ],
       [0.043, 0.09 ],
       [0.043, 0.09 ],
       [0.043, 0.09 ],
       [0.043, 0.09 ],
       [0.043, 0.09 ],
       [0.043, 0.09 ],
       [0.043, 0.09 ],
       [0.043, 0.09 ],
       [0.043, 0.09 ],
       [0.043, 0.09 ],
       [0.043, 0.09 ],
       [0.043, 0.09 ],
       [0.043, 0.09 ],
       [0.043, 0.09 ],
       [0.043, 0.09 ],
       [0.043, 0.09 ],
       [0.043, 0.09 ],
       [0.043, 0.09 ],
       [0.043, 0.09 ],
       [0.043, 0.09 ],
       [0.043, 0.09 ],
       [0.043, 0.09 ],
       [0.043, 0.09 ],
       [0.043, 0.09 ],
       [0.043, 0.09 ],
       [0.043, 0.09 ],
       [0.043, 0.09 ],
       [0.043, 0.09 ],
       [0.043, 0.09 ],
       [0.043, 0.09 ],
       [0.043, 0.09 ],
       [0.043, 0.09 ],
       [0.043, 0.09 ],
       [0.043, 0.09 ],
       [0.043, 0.09 ],
       [0.043, 0.09 ],
       [0.043, 0.09 ],
       [0.043, 0.09 ],
       [0.043, 0.09 ],
       [0.043, 0.09 ],
       [0.043, 0.09 ],
       [0.043, 0.09 ],
       [0.043, 0.09 ],
       [0.043, 0.09 ],
       [0.043, 0.09 ],
       [0.043, 0.09 ],
       [0.043, 0.09 ],
       [0.043, 0.09 ],
       [0.043, 0.09 ],
       [0.043, 0.09 ],
       [0.043, 0.09 ],
       [0.043, 0.09 ],
       [0.043, 0.09 ],
       [0.043, 0.09 ],
       [0.043, 0.09 ],
       [0.043, 0.09 ],
       [0.043, 0.09 ],
       [0.043, 0.09 ],
       [0.043, 0.09 ],
       [0.043, 0.09 ],
       [0.043, 0.09 ],
       [0.043, 0.09 ],
       [0.043, 0.09 ],
       [0.043, 0.09 ],
       [0.043, 0.09 ],
       [0.043, 0.09 ],
       [0.043, 0.09 ],
       [0.043, 0.09 ],
       [0.043, 0.09 ],
       [0.043, 0.09 ],
       [0.043, 0.09 ],
       [0.043, 0.09 ],
       [0.043, 0.09 ],
       [0.043, 0.09 ],
       [0.043, 0.09 ],
       [0.043, 0.09 ],
       [0.043, 0.09 ],
       [0.043, 0.09 ],
       [0.043, 0.09 ],
       [0.043, 0.09 ],
       [0.043, 0.09 ],
       [0.043, 0.09 ],
       [0.043, 0.09 ],
       [0.043, 0.09 ],
       [0.043, 0.09 ],
       [0.043, 0.09 ],
       [0.043, 0.09 ],
       [0.043, 0.09 ],
       [0.043, 0.09 ],
       [0.043, 0.09 ],
       [0.043, 0.09 ],
       [0.043, 0.09 ],
       [0.043, 0.09 ],
       [0.043, 0.09 ],
       [0.043, 0.09 ],
       [0.043, 0.09 ],
       [0.043, 0.09 ]]), 'err': array([0.18933254, 0.18932737, 0.18932229, 0.18931732, 0.18931245,
       0.18930767, 0.18930298, 0.18929839, 0.18929389, 0.18928948,
       0.18928515, 0.18928091, 0.18927676, 0.18927268, 0.18926869,
       0.18926477, 0.18926093, 0.18925717, 0.18925348, 0.18924987,
       0.18924632, 0.18924285, 0.18923944, 0.18923611, 0.18923283,
       0.18922963, 0.18922648, 0.1892234 , 0.18922038, 0.18921742,
       0.18921451, 0.18921167, 0.18920888, 0.18920614, 0.18920346,
       0.18920083, 0.18919826, 0.18919573, 0.18919326, 0.18919083,
       0.18918845, 0.18918612, 0.18918384, 0.18918159, 0.1891794 ,
       0.18917725, 0.18917514, 0.18917307, 0.18917104, 0.18916905,
       0.1891671 , 0.18916519, 0.18916332, 0.18916149, 0.18915969,
       0.18915793, 0.1891562 , 0.1891545 , 0.18915284, 0.18915121,
       0.18914962, 0.18914805, 0.18914652, 0.18914502, 0.18914354,
       0.1891421 , 0.18914068, 0.1891393 , 0.18913794, 0.1891366 ,
       0.1891353 , 0.18913401, 0.18913276, 0.18913153, 0.18913032,
       0.18912914, 0.18912798, 0.18912684, 0.18912573, 0.18912464,
       0.18912357, 0.18912252, 0.18912149, 0.18912048, 0.18911949,
       0.18911852, 0.18911757, 0.18911664, 0.18911573, 0.18911483,
       0.18911396, 0.1891131 , 0.18911226, 0.18911143, 0.18911062,
       0.18910983, 0.18910905, 0.18910829, 0.18910754, 0.18910681])}"
0,fixed_k,iid,100,50,10.617474151254687,"[0.88681092 1.2616585  1.29329973 1.31012973 1.30264041 1.31274776
 1.31067762 1.312536   1.31351778 1.3117836  1.31371389 1.31134319
 1.31183863 1.30961571 1.31196332 1.31043216 1.3120547  1.30983192
 1.31353232 1.31014631 1.31402134 1.3105676  1.31233843 1.31177524
 1.31337815 1.31170205 1.31377142 1.31149592 1.31371389 1.31134319
 1.31416903 1.30864418 1.30992764 1.31191414 1.31188097 1.31235816
 1.31400199 1.31134319 1.3154792  1.30882644 1.31020167 1.31179852
 1.31356021 1.31235816 1.31354453 1.31254638 1.31179849 1.31235816
 1.31354453 1.31254638 1.31179849 1.31235816 1.31354453 1.31254638
 1.31179849 1.31235816 1.31354453 1.31254638 1.31179849 1.31235816
 1.31354453 1.31254638 1.31179849 1.31235816 1.31354453 1.31275868
 1.31169303 1.31275868 1.31169303 1.31275868 1.31169303 1.31275868
 1.31169303 1.31275868 1.31169303 1.31275868 1.31169303 1.31275868
 1.31188097 1.31235816 1.31354453 1.31275868 1.31188097 1.31235816
 1.31354453 1.31275868 1.31188097 1.31235816 1.31382358 1.31235816
 1.31382358 1.31235816 1.31382358 1.31235816 1.31382358 1.31235816
 1.31382358 1.31235816 1.31382358 1.31235816]",0.14316401378669652,0.18918510049606674,0,"[516.72497019 517.29915757 518.97787768 509.31669027 515.33037703
 508.1758555  506.78351801 513.12491298 511.2714069  511.00208238
 511.90314908 513.67512345 522.62702771 508.53159185 506.30752742
 514.40355554 514.57114238 517.40889996 506.04506116 525.60377028
 523.11444189 511.62451599 513.25582247 504.52049635 508.95541068
 507.46997818 511.16749272 519.58641596 509.34078544 508.70323554
 513.56251538 509.33365244 512.05015741 506.04695175 514.63762578
 508.12693685 503.31454631 518.47728062 509.15449485 508.6133508
 506.11808896 509.87505168 505.7605505  504.57511377 508.66654981
 512.47798558 508.50275531 505.78827038 506.76836353 509.0045426
 505.90081792 507.94289075 517.66468957 507.67558441 506.32086117
 516.66918118 516.57671295 511.22066937 509.5944684  511.3311056
 512.09209394 503.40808742 507.95381796 507.13721849 505.08667063
 506.56848308 506.6117039  511.1531904  510.74934006 506.10217638
 508.44101049 513.72729335 503.28055304 521.26405761 508.08243919
 513.65634054 509.58043989 508.52838624 515.5285364  506.24526944
 507.76595622 646.46151382 512.54335325 507.1315933  512.24494539
 505.43309841 511.15527004 508.02402198 514.46685847 514.4639425
 505.56577463 516.85326733 509.45955608 517.35486742 507.73185026
 505.32704312 509.26768314 512.88243011 508.67465325 506.76521473]",0,0,"[2.78671318e-04 2.17914669e-04 1.32251623e-04 1.86227656e-04
 2.06825828e-04 1.97307453e-04 2.82205755e-05 1.95539283e-04
 2.88085021e-05 1.95012286e-04 2.88890885e-05 1.94996777e-04
 2.81515216e-05 1.96478870e-04 2.86901959e-05 1.98672115e-04
 3.19779543e-05 1.97315172e-04 3.19192290e-05 1.97988840e-04
 2.80789512e-05 1.97525898e-04 4.50938310e-05 1.95775280e-04
 4.29931034e-05 1.96660284e-04 2.88231943e-05 1.95659120e-04
 2.88351415e-05 1.95040368e-04 2.82573286e-05 1.93953165e-04
 1.29670002e-04 1.95826092e-04 2.82616772e-05 1.96136433e-04
 2.87886149e-05 1.95054226e-04 2.84530721e-05 1.94702439e-04
 2.00152944e-04 1.96631244e-04 2.82090628e-05 1.96146809e-04
 2.84483428e-05 1.95691312e-04 2.82959124e-05 1.96147283e-04
 2.84412475e-05 1.95697232e-04 2.82892380e-05 1.96145911e-04
 2.84347789e-05 1.95702712e-04 2.82830522e-05 1.96145839e-04
 2.84287939e-05 1.95707833e-04 2.82773679e-05 1.96146570e-04
 2.84233135e-05 1.95712522e-04 2.82720856e-05 1.96147725e-04
 2.84182269e-05 1.95191075e-04 2.84617252e-05 1.95193064e-04
 2.84595114e-05 1.95195261e-04 2.84573151e-05 1.95197227e-04
 2.84552238e-05 1.95199198e-04 2.84532052e-05 1.95201014e-04
 2.84512942e-05 1.95202774e-04 2.81973274e-05 1.96154751e-04
 2.84015122e-05 1.95205911e-04 2.81938212e-05 1.96156656e-04
 2.83980730e-05 1.95208900e-04 2.81906244e-05 1.96158322e-04
 2.81230811e-05 1.96159188e-04 2.81215991e-05 1.96160003e-04
 2.81201843e-05 1.96160789e-04 2.81187815e-05 1.96161518e-04
 2.81175087e-05 1.96162132e-04 2.81162158e-05 1.96162835e-04]","['user_limit' 'user_limit' 'user_limit' 'user_limit' 'user_limit'
 'user_limit' 'user_limit' 'user_limit' 'user_limit' 'user_limit'
 'user_limit' 'user_limit' 'user_limit' 'user_limit' 'user_limit'
 'user_limit' 'user_limit' 'user_limit' 'user_limit' 'user_limit'
 'user_limit' 'user_limit' 'user_limit' 'user_limit' 'user_limit'
 'user_limit' 'user_limit' 'user_limit' 'user_limit' 'user_limit'
 'user_limit' 'user_limit' 'user_limit' 'user_limit' 'user_limit'
 'user_limit' 'user_limit' 'user_limit' 'user_limit' 'user_limit'
 'user_limit' 'user_limit' 'user_limit' 'user_limit' 'user_limit'
 'user_limit' 'user_limit' 'user_limit' 'user_limit' 'user_limit'
 'user_limit' 'user_limit' 'user_limit' 'user_limit' 'user_limit'
 'user_limit' 'user_limit' 'user_limit' 'user_limit' 'user_limit'
 'user_limit' 'user_limit' 'user_limit' 'user_limit' 'user_limit'
 'user_limit' 'user_limit' 'user_limit' 'user_limit' 'user_limit'
 'user_limit' 'user_limit' 'user_limit' 'user_limit' 'user_limit'
 'user_limit' 'user_limit' 'user_limit' 'user_limit' 'user_limit'
 'user_limit' 'user_limit' 'user_limit' 'user_limit' 'user_limit'
 'user_limit' 'user_limit' 'user_limit' 'user_limit' 'user_limit'
 'user_limit' 'user_limit' 'user_limit' 'user_limit' 'user_limit'
 'user_limit' 'user_limit' 'user_limit' 'user_limit' 'user_limit']","{'x_traj': array([[ 0.99962485,  0.99894022,  0.02738891, ...,  0.16728904,
        -0.09111115,  0.        ],
       [ 0.99962462,  0.99894419,  0.02739755, ...,  0.16728921,
        -0.09109986,  0.        ],
       [ 0.99962438,  0.99894806,  0.02740601, ...,  0.16728938,
        -0.0910888 ,  0.        ],
       ...,
       [ 0.99961452,  0.99910479,  0.02776363, ...,  0.1672955 ,
        -0.09062264,  0.        ],
       [ 0.99961448,  0.99910531,  0.02776488, ...,  0.16729552,
        -0.09062101,  0.        ],
       [ 0.99961445,  0.99910582,  0.02776611, ...,  0.16729554,
        -0.09061942,  0.        ]], shape=(100, 11)), 'u_traj': array([[0., 0.],
       [0., 0.],
       [0., 0.],
       [0., 0.],
       [0., 0.],
       [0., 0.],
       [0., 0.],
       [0., 0.],
       [0., 0.],
       [0., 0.],
       [0., 0.],
       [0., 0.],
       [0., 0.],
       [0., 0.],
       [0., 0.],
       [0., 0.],
       [0., 0.],
       [0., 0.],
       [0., 0.],
       [0., 0.],
       [0., 0.],
       [0., 0.],
       [0., 0.],
       [0., 0.],
       [0., 0.],
       [0., 0.],
       [0., 0.],
       [0., 0.],
       [0., 0.],
       [0., 0.],
       [0., 0.],
       [0., 0.],
       [0., 0.],
       [0., 0.],
       [0., 0.],
       [0., 0.],
       [0., 0.],
       [0., 0.],
       [0., 0.],
       [0., 0.],
       [0., 0.],
       [0., 0.],
       [0., 0.],
       [0., 0.],
       [0., 0.],
       [0., 0.],
       [0., 0.],
       [0., 0.],
       [0., 0.],
       [0., 0.],
       [0., 0.],
       [0., 0.],
       [0., 0.],
       [0., 0.],
       [0., 0.],
       [0., 0.],
       [0., 0.],
       [0., 0.],
       [0., 0.],
       [0., 0.],
       [0., 0.],
       [0., 0.],
       [0., 0.],
       [0., 0.],
       [0., 0.],
       [0., 0.],
       [0., 0.],
       [0., 0.],
       [0., 0.],
       [0., 0.],
       [0., 0.],
       [0., 0.],
       [0., 0.],
       [0., 0.],
       [0., 0.],
       [0., 0.],
       [0., 0.],
       [0., 0.],
       [0., 0.],
       [0., 0.],
       [0., 0.],
       [0., 0.],
       [0., 0.],
       [0., 0.],
       [0., 0.],
       [0., 0.],
       [0., 0.],
       [0., 0.],
       [0., 0.],
       [0., 0.],
       [0., 0.],
       [0., 0.],
       [0., 0.],
       [0., 0.],
       [0., 0.],
       [0., 0.],
       [0., 0.],
       [0., 0.],
       [0., 0.],
       [0., 0.]]), 'target_traj': array([[0.043, 0.09 ],
       [0.043, 0.09 ],
       [0.043, 0.09 ],
       [0.043, 0.09 ],
       [0.043, 0.09 ],
       [0.043, 0.09 ],
       [0.043, 0.09 ],
       [0.043, 0.09 ],
       [0.043, 0.09 ],
       [0.043, 0.09 ],
       [0.043, 0.09 ],
       [0.043, 0.09 ],
       [0.043, 0.09 ],
       [0.043, 0.09 ],
       [0.043, 0.09 ],
       [0.043, 0.09 ],
       [0.043, 0.09 ],
       [0.043, 0.09 ],
       [0.043, 0.09 ],
       [0.043, 0.09 ],
       [0.043, 0.09 ],
       [0.043, 0.09 ],
       [0.043, 0.09 ],
       [0.043, 0.09 ],
       [0.043, 0.09 ],
       [0.043, 0.09 ],
       [0.043, 0.09 ],
       [0.043, 0.09 ],
       [0.043, 0.09 ],
       [0.043, 0.09 ],
       [0.043, 0.09 ],
       [0.043, 0.09 ],
       [0.043, 0.09 ],
       [0.043, 0.09 ],
       [0.043, 0.09 ],
       [0.043, 0.09 ],
       [0.043, 0.09 ],
       [0.043, 0.09 ],
       [0.043, 0.09 ],
       [0.043, 0.09 ],
       [0.043, 0.09 ],
       [0.043, 0.09 ],
       [0.043, 0.09 ],
       [0.043, 0.09 ],
       [0.043, 0.09 ],
       [0.043, 0.09 ],
       [0.043, 0.09 ],
       [0.043, 0.09 ],
       [0.043, 0.09 ],
       [0.043, 0.09 ],
       [0.043, 0.09 ],
       [0.043, 0.09 ],
       [0.043, 0.09 ],
       [0.043, 0.09 ],
       [0.043, 0.09 ],
       [0.043, 0.09 ],
       [0.043, 0.09 ],
       [0.043, 0.09 ],
       [0.043, 0.09 ],
       [0.043, 0.09 ],
       [0.043, 0.09 ],
       [0.043, 0.09 ],
       [0.043, 0.09 ],
       [0.043, 0.09 ],
       [0.043, 0.09 ],
       [0.043, 0.09 ],
       [0.043, 0.09 ],
       [0.043, 0.09 ],
       [0.043, 0.09 ],
       [0.043, 0.09 ],
       [0.043, 0.09 ],
       [0.043, 0.09 ],
       [0.043, 0.09 ],
       [0.043, 0.09 ],
       [0.043, 0.09 ],
       [0.043, 0.09 ],
       [0.043, 0.09 ],
       [0.043, 0.09 ],
       [0.043, 0.09 ],
       [0.043, 0.09 ],
       [0.043, 0.09 ],
       [0.043, 0.09 ],
       [0.043, 0.09 ],
       [0.043, 0.09 ],
       [0.043, 0.09 ],
       [0.043, 0.09 ],
       [0.043, 0.09 ],
       [0.043, 0.09 ],
       [0.043, 0.09 ],
       [0.043, 0.09 ],
       [0.043, 0.09 ],
       [0.043, 0.09 ],
       [0.043, 0.09 ],
       [0.043, 0.09 ],
       [0.043, 0.09 ],
       [0.043, 0.09 ],
       [0.043, 0.09 ],
       [0.043, 0.09 ],
       [0.043, 0.09 ],
       [0.043, 0.09 ]]), 'err': array([0.18933254, 0.18932737, 0.18932229, 0.18931732, 0.18931245,
       0.18930767, 0.18930298, 0.18929839, 0.18929389, 0.18928948,
       0.18928515, 0.18928091, 0.18927676, 0.18927268, 0.18926869,
       0.18926477, 0.18926093, 0.18925717, 0.18925348, 0.18924987,
       0.18924632, 0.18924285, 0.18923944, 0.18923611, 0.18923283,
       0.18922963, 0.18922648, 0.1892234 , 0.18922038, 0.18921742,
       0.18921451, 0.18921167, 0.18920888, 0.18920614, 0.18920346,
       0.18920083, 0.18919826, 0.18919573, 0.18919326, 0.18919083,
       0.18918845, 0.18918612, 0.18918384, 0.18918159, 0.1891794 ,
       0.18917725, 0.18917514, 0.18917307, 0.18917104, 0.18916905,
       0.1891671 , 0.18916519, 0.18916332, 0.18916149, 0.18915969,
       0.18915793, 0.1891562 , 0.1891545 , 0.18915284, 0.18915121,
       0.18914962, 0.18914805, 0.18914652, 0.18914502, 0.18914354,
       0.1891421 , 0.18914068, 0.1891393 , 0.18913794, 0.1891366 ,
       0.1891353 , 0.18913401, 0.18913276, 0.18913153, 0.18913032,
       0.18912914, 0.18912798, 0.18912684, 0.18912573, 0.18912464,
       0.18912357, 0.18912252, 0.18912149, 0.18912048, 0.18911949,
       0.18911852, 0.18911757, 0.18911664, 0.18911573, 0.18911483,
       0.18911396, 0.1891131 , 0.18911226, 0.18911143, 0.18911062,
       0.18910983, 0.18910905, 0.18910829, 0.18910754, 0.18910681])}"
0,fixed_k,iid,100,60,10.617474151254687,"[0.88681092 1.2616585  1.29329973 1.31012973 1.30264041 1.31274776
 1.31067762 1.312536   1.31351778 1.3117836  1.31371389 1.31134319
 1.31183863 1.30961571 1.31196332 1.31043216 1.3120547  1.30983192
 1.31353232 1.31014631 1.31402134 1.3105676  1.31233843 1.31177524
 1.31337815 1.31170205 1.31377142 1.31149592 1.31371389 1.31134319
 1.31416903 1.30864418 1.30992764 1.31191414 1.31188097 1.31235816
 1.31400199 1.31134319 1.3154792  1.30882644 1.31020167 1.31179852
 1.31356021 1.31235816 1.31354453 1.31254638 1.31179849 1.31235816
 1.31354453 1.31254638 1.31179849 1.31235816 1.31354453 1.31254638
 1.31179849 1.31235816 1.31354453 1.31254638 1.31179849 1.31235816
 1.31354453 1.31254638 1.31179849 1.31235816 1.31354453 1.31275868
 1.31169303 1.31275868 1.31169303 1.31275868 1.31169303 1.31275868
 1.31169303 1.31275868 1.31169303 1.31275868 1.31169303 1.31275868
 1.31188097 1.31235816 1.31354453 1.31275868 1.31188097 1.31235816
 1.31354453 1.31275868 1.31188097 1.31235816 1.31382358 1.31235816
 1.31382358 1.31235816 1.31382358 1.31235816 1.31382358 1.31235816
 1.31382358 1.31235816 1.31382358 1.31235816]",0.14316401378669652,0.18918510049606674,0,"[509.77497548 515.25276341 510.63024998 510.22611745 512.41070032
 510.38559712 517.90772937 516.00224711 507.69041572 514.77186009
 512.18052395 515.1747074  505.88585436 506.29419368 513.68909236
 501.58355292 516.29203279 511.62177045 505.37701882 505.38696442
 508.25163163 516.88727178 515.2688669  506.84325676 506.67952467
 519.01338156 522.33192883 508.2080476  505.60248829 511.39063202
 505.44274412 514.50063195 508.72634724 504.26367577 508.24427605
 503.65389138 517.63658971 505.13766054 506.79172575 506.60984963
 512.26230804 509.9387113  512.27493957 511.1598298  512.88903784
 510.55334695 514.23733868 511.26956567 504.55634668 505.82615938
 505.30537963 514.61686939 506.90988917 505.47151454 511.44130342
 516.38523303 510.29452868 508.83569848 512.30162755 507.22575933
 506.26429729 517.23899879 520.05346585 508.54449067 509.19080712
 507.09563307 514.23408277 507.27188308 509.63140931 506.9082994
 511.02909911 508.65405053 509.23343562 514.69575334 506.82853628
 507.99106248 513.32065556 512.85231486 505.62605355 518.064823
 509.98757966 514.04169668 507.31061399 507.89732113 508.87470786
 507.8889085  508.69303849 508.94594006 514.28066846 508.96925759
 507.0222728  510.60771104 510.72806399 505.93825057 517.13753026
 509.62191541 510.05194709 516.63274411 508.640646   512.73656543]",0,0,"[2.78671318e-04 2.17914669e-04 1.32251623e-04 1.86227656e-04
 2.06825828e-04 1.97307453e-04 2.82205755e-05 1.95539283e-04
 2.88085021e-05 1.95012286e-04 2.88890885e-05 1.94996777e-04
 2.81515216e-05 1.96478870e-04 2.86901959e-05 1.98672115e-04
 3.19779543e-05 1.97315172e-04 3.19192290e-05 1.97988840e-04
 2.80789512e-05 1.97525898e-04 4.50938310e-05 1.95775280e-04
 4.29931034e-05 1.96660284e-04 2.88231943e-05 1.95659120e-04
 2.88351415e-05 1.95040368e-04 2.82573286e-05 1.93953165e-04
 1.29670002e-04 1.95826092e-04 2.82616772e-05 1.96136433e-04
 2.87886149e-05 1.95054226e-04 2.84530721e-05 1.94702439e-04
 2.00152944e-04 1.96631244e-04 2.82090628e-05 1.96146809e-04
 2.84483428e-05 1.95691312e-04 2.82959124e-05 1.96147283e-04
 2.84412475e-05 1.95697232e-04 2.82892380e-05 1.96145911e-04
 2.84347789e-05 1.95702712e-04 2.82830522e-05 1.96145839e-04
 2.84287939e-05 1.95707833e-04 2.82773679e-05 1.96146570e-04
 2.84233135e-05 1.95712522e-04 2.82720856e-05 1.96147725e-04
 2.84182269e-05 1.95191075e-04 2.84617252e-05 1.95193064e-04
 2.84595114e-05 1.95195261e-04 2.84573151e-05 1.95197227e-04
 2.84552238e-05 1.95199198e-04 2.84532052e-05 1.95201014e-04
 2.84512942e-05 1.95202774e-04 2.81973274e-05 1.96154751e-04
 2.84015122e-05 1.95205911e-04 2.81938212e-05 1.96156656e-04
 2.83980730e-05 1.95208900e-04 2.81906244e-05 1.96158322e-04
 2.81230811e-05 1.96159188e-04 2.81215991e-05 1.96160003e-04
 2.81201843e-05 1.96160789e-04 2.81187815e-05 1.96161518e-04
 2.81175087e-05 1.96162132e-04 2.81162158e-05 1.96162835e-04]","['user_limit' 'user_limit' 'user_limit' 'user_limit' 'user_limit'
 'user_limit' 'user_limit' 'user_limit' 'user_limit' 'user_limit'
 'user_limit' 'user_limit' 'user_limit' 'user_limit' 'user_limit'
 'user_limit' 'user_limit' 'user_limit' 'user_limit' 'user_limit'
 'user_limit' 'user_limit' 'user_limit' 'user_limit' 'user_limit'
 'user_limit' 'user_limit' 'user_limit' 'user_limit' 'user_limit'
 'user_limit' 'user_limit' 'user_limit' 'user_limit' 'user_limit'
 'user_limit' 'user_limit' 'user_limit' 'user_limit' 'user_limit'
 'user_limit' 'user_limit' 'user_limit' 'user_limit' 'user_limit'
 'user_limit' 'user_limit' 'user_limit' 'user_limit' 'user_limit'
 'user_limit' 'user_limit' 'user_limit' 'user_limit' 'user_limit'
 'user_limit' 'user_limit' 'user_limit' 'user_limit' 'user_limit'
 'user_limit' 'user_limit' 'user_limit' 'user_limit' 'user_limit'
 'user_limit' 'user_limit' 'user_limit' 'user_limit' 'user_limit'
 'user_limit' 'user_limit' 'user_limit' 'user_limit' 'user_limit'
 'user_limit' 'user_limit' 'user_limit' 'user_limit' 'user_limit'
 'user_limit' 'user_limit' 'user_limit' 'user_limit' 'user_limit'
 'user_limit' 'user_limit' 'user_limit' 'user_limit' 'user_limit'
 'user_limit' 'user_limit' 'user_limit' 'user_limit' 'user_limit'
 'user_limit' 'user_limit' 'user_limit' 'user_limit' 'user_limit']","{'x_traj': array([[ 0.99962485,  0.99894022,  0.02738891, ...,  0.16728904,
        -0.09111115,  0.        ],
       [ 0.99962462,  0.99894419,  0.02739755, ...,  0.16728921,
        -0.09109986,  0.        ],
       [ 0.99962438,  0.99894806,  0.02740601, ...,  0.16728938,
        -0.0910888 ,  0.        ],
       ...,
       [ 0.99961452,  0.99910479,  0.02776363, ...,  0.1672955 ,
        -0.09062264,  0.        ],
       [ 0.99961448,  0.99910531,  0.02776488, ...,  0.16729552,
        -0.09062101,  0.        ],
       [ 0.99961445,  0.99910582,  0.02776611, ...,  0.16729554,
        -0.09061942,  0.        ]], shape=(100, 11)), 'u_traj': array([[0., 0.],
       [0., 0.],
       [0., 0.],
       [0., 0.],
       [0., 0.],
       [0., 0.],
       [0., 0.],
       [0., 0.],
       [0., 0.],
       [0., 0.],
       [0., 0.],
       [0., 0.],
       [0., 0.],
       [0., 0.],
       [0., 0.],
       [0., 0.],
       [0., 0.],
       [0., 0.],
       [0., 0.],
       [0., 0.],
       [0., 0.],
       [0., 0.],
       [0., 0.],
       [0., 0.],
       [0., 0.],
       [0., 0.],
       [0., 0.],
       [0., 0.],
       [0., 0.],
       [0., 0.],
       [0., 0.],
       [0., 0.],
       [0., 0.],
       [0., 0.],
       [0., 0.],
       [0., 0.],
       [0., 0.],
       [0., 0.],
       [0., 0.],
       [0., 0.],
       [0., 0.],
       [0., 0.],
       [0., 0.],
       [0., 0.],
       [0., 0.],
       [0., 0.],
       [0., 0.],
       [0., 0.],
       [0., 0.],
       [0., 0.],
       [0., 0.],
       [0., 0.],
       [0., 0.],
       [0., 0.],
       [0., 0.],
       [0., 0.],
       [0., 0.],
       [0., 0.],
       [0., 0.],
       [0., 0.],
       [0., 0.],
       [0., 0.],
       [0., 0.],
       [0., 0.],
       [0., 0.],
       [0., 0.],
       [0., 0.],
       [0., 0.],
       [0., 0.],
       [0., 0.],
       [0., 0.],
       [0., 0.],
       [0., 0.],
       [0., 0.],
       [0., 0.],
       [0., 0.],
       [0., 0.],
       [0., 0.],
       [0., 0.],
       [0., 0.],
       [0., 0.],
       [0., 0.],
       [0., 0.],
       [0., 0.],
       [0., 0.],
       [0., 0.],
       [0., 0.],
       [0., 0.],
       [0., 0.],
       [0., 0.],
       [0., 0.],
       [0., 0.],
       [0., 0.],
       [0., 0.],
       [0., 0.],
       [0., 0.],
       [0., 0.],
       [0., 0.],
       [0., 0.],
       [0., 0.]]), 'target_traj': array([[0.043, 0.09 ],
       [0.043, 0.09 ],
       [0.043, 0.09 ],
       [0.043, 0.09 ],
       [0.043, 0.09 ],
       [0.043, 0.09 ],
       [0.043, 0.09 ],
       [0.043, 0.09 ],
       [0.043, 0.09 ],
       [0.043, 0.09 ],
       [0.043, 0.09 ],
       [0.043, 0.09 ],
       [0.043, 0.09 ],
       [0.043, 0.09 ],
       [0.043, 0.09 ],
       [0.043, 0.09 ],
       [0.043, 0.09 ],
       [0.043, 0.09 ],
       [0.043, 0.09 ],
       [0.043, 0.09 ],
       [0.043, 0.09 ],
       [0.043, 0.09 ],
       [0.043, 0.09 ],
       [0.043, 0.09 ],
       [0.043, 0.09 ],
       [0.043, 0.09 ],
       [0.043, 0.09 ],
       [0.043, 0.09 ],
       [0.043, 0.09 ],
       [0.043, 0.09 ],
       [0.043, 0.09 ],
       [0.043, 0.09 ],
       [0.043, 0.09 ],
       [0.043, 0.09 ],
       [0.043, 0.09 ],
       [0.043, 0.09 ],
       [0.043, 0.09 ],
       [0.043, 0.09 ],
       [0.043, 0.09 ],
       [0.043, 0.09 ],
       [0.043, 0.09 ],
       [0.043, 0.09 ],
       [0.043, 0.09 ],
       [0.043, 0.09 ],
       [0.043, 0.09 ],
       [0.043, 0.09 ],
       [0.043, 0.09 ],
       [0.043, 0.09 ],
       [0.043, 0.09 ],
       [0.043, 0.09 ],
       [0.043, 0.09 ],
       [0.043, 0.09 ],
       [0.043, 0.09 ],
       [0.043, 0.09 ],
       [0.043, 0.09 ],
       [0.043, 0.09 ],
       [0.043, 0.09 ],
       [0.043, 0.09 ],
       [0.043, 0.09 ],
       [0.043, 0.09 ],
       [0.043, 0.09 ],
       [0.043, 0.09 ],
       [0.043, 0.09 ],
       [0.043, 0.09 ],
       [0.043, 0.09 ],
       [0.043, 0.09 ],
       [0.043, 0.09 ],
       [0.043, 0.09 ],
       [0.043, 0.09 ],
       [0.043, 0.09 ],
       [0.043, 0.09 ],
       [0.043, 0.09 ],
       [0.043, 0.09 ],
       [0.043, 0.09 ],
       [0.043, 0.09 ],
       [0.043, 0.09 ],
       [0.043, 0.09 ],
       [0.043, 0.09 ],
       [0.043, 0.09 ],
       [0.043, 0.09 ],
       [0.043, 0.09 ],
       [0.043, 0.09 ],
       [0.043, 0.09 ],
       [0.043, 0.09 ],
       [0.043, 0.09 ],
       [0.043, 0.09 ],
       [0.043, 0.09 ],
       [0.043, 0.09 ],
       [0.043, 0.09 ],
       [0.043, 0.09 ],
       [0.043, 0.09 ],
       [0.043, 0.09 ],
       [0.043, 0.09 ],
       [0.043, 0.09 ],
       [0.043, 0.09 ],
       [0.043, 0.09 ],
       [0.043, 0.09 ],
       [0.043, 0.09 ],
       [0.043, 0.09 ],
       [0.043, 0.09 ]]), 'err': array([0.18933254, 0.18932737, 0.18932229, 0.18931732, 0.18931245,
       0.18930767, 0.18930298, 0.18929839, 0.18929389, 0.18928948,
       0.18928515, 0.18928091, 0.18927676, 0.18927268, 0.18926869,
       0.18926477, 0.18926093, 0.18925717, 0.18925348, 0.18924987,
       0.18924632, 0.18924285, 0.18923944, 0.18923611, 0.18923283,
       0.18922963, 0.18922648, 0.1892234 , 0.18922038, 0.18921742,
       0.18921451, 0.18921167, 0.18920888, 0.18920614, 0.18920346,
       0.18920083, 0.18919826, 0.18919573, 0.18919326, 0.18919083,
       0.18918845, 0.18918612, 0.18918384, 0.18918159, 0.1891794 ,
       0.18917725, 0.18917514, 0.18917307, 0.18917104, 0.18916905,
       0.1891671 , 0.18916519, 0.18916332, 0.18916149, 0.18915969,
       0.18915793, 0.1891562 , 0.1891545 , 0.18915284, 0.18915121,
       0.18914962, 0.18914805, 0.18914652, 0.18914502, 0.18914354,
       0.1891421 , 0.18914068, 0.1891393 , 0.18913794, 0.1891366 ,
       0.1891353 , 0.18913401, 0.18913276, 0.18913153, 0.18913032,
       0.18912914, 0.18912798, 0.18912684, 0.18912573, 0.18912464,
       0.18912357, 0.18912252, 0.18912149, 0.18912048, 0.18911949,
       0.18911852, 0.18911757, 0.18911664, 0.18911573, 0.18911483,
       0.18911396, 0.1891131 , 0.18911226, 0.18911143, 0.18911062,
       0.18910983, 0.18910905, 0.18910829, 0.18910754, 0.18910681])}"
0,fixed_k,iid,100,70,10.617474151254687,"[0.88681092 1.2616585  1.29329973 1.31012973 1.30264041 1.31274776
 1.31067762 1.312536   1.31351778 1.3117836  1.31371389 1.31134319
 1.31183863 1.30961571 1.31196332 1.31043216 1.3120547  1.30983192
 1.31353232 1.31014631 1.31402134 1.3105676  1.31233843 1.31177524
 1.31337815 1.31170205 1.31377142 1.31149592 1.31371389 1.31134319
 1.31416903 1.30864418 1.30992764 1.31191414 1.31188097 1.31235816
 1.31400199 1.31134319 1.3154792  1.30882644 1.31020167 1.31179852
 1.31356021 1.31235816 1.31354453 1.31254638 1.31179849 1.31235816
 1.31354453 1.31254638 1.31179849 1.31235816 1.31354453 1.31254638
 1.31179849 1.31235816 1.31354453 1.31254638 1.31179849 1.31235816
 1.31354453 1.31254638 1.31179849 1.31235816 1.31354453 1.31275868
 1.31169303 1.31275868 1.31169303 1.31275868 1.31169303 1.31275868
 1.31169303 1.31275868 1.31169303 1.31275868 1.31169303 1.31275868
 1.31188097 1.31235816 1.31354453 1.31275868 1.31188097 1.31235816
 1.31354453 1.31275868 1.31188097 1.31235816 1.31382358 1.31235816
 1.31382358 1.31235816 1.31382358 1.31235816 1.31382358 1.31235816
 1.31382358 1.31235816 1.31382358 1.31235816]",0.14316401378669652,0.18918510049606674,0,"[517.25975517 510.40069479 504.91195545 506.8596825  504.48765699
 520.4226533  503.99697199 509.1856895  506.82277232 516.09801967
 514.53327015 509.70240775 508.93347431 510.13330463 512.84966525
 515.6647535  512.78052852 505.63309155 507.00260606 508.79332796
 518.39958876 507.36145489 502.31409818 506.21951558 511.41548995
 515.58607817 503.59365903 506.48184307 507.57051446 510.78098454
 513.25882599 510.74466668 515.21428861 506.95739314 508.84943269
 513.98931164 505.96413482 506.60925172 504.38540801 512.52631564
 503.40649113 508.20195209 505.1018605  513.5877328  504.06898372
 501.83515809 513.83119076 513.5568371  506.35399204 504.86165192
 520.59678361 522.0528841  508.52250587 509.10124276 510.41649282
 506.00987021 514.39647097 507.62221124 513.3962417  508.50610435
 506.74581807 518.25697999 508.62675719 507.07890373 509.95312352
 516.80040825 515.59261046 507.37026334 518.53899099 518.52674689
 509.28734057 520.80803644 508.0295736  511.13746408 510.24087053
 507.78084341 514.99943808 507.88065325 507.56923761 515.34166653
 518.26356072 515.80473781 506.2503973  516.78996254 512.91019749
 507.7953767  519.12255678 511.28497813 518.93917937 507.62204267
 507.85381068 522.09156193 505.09956386 505.16624376 508.37371312
 511.63856778 514.72994499 504.63776849 513.49333394 512.71441206]",0,0,"[2.78671318e-04 2.17914669e-04 1.32251623e-04 1.86227656e-04
 2.06825828e-04 1.97307453e-04 2.82205755e-05 1.95539283e-04
 2.88085021e-05 1.95012286e-04 2.88890885e-05 1.94996777e-04
 2.81515216e-05 1.96478870e-04 2.86901959e-05 1.98672115e-04
 3.19779543e-05 1.97315172e-04 3.19192290e-05 1.97988840e-04
 2.80789512e-05 1.97525898e-04 4.50938310e-05 1.95775280e-04
 4.29931034e-05 1.96660284e-04 2.88231943e-05 1.95659120e-04
 2.88351415e-05 1.95040368e-04 2.82573286e-05 1.93953165e-04
 1.29670002e-04 1.95826092e-04 2.82616772e-05 1.96136433e-04
 2.87886149e-05 1.95054226e-04 2.84530721e-05 1.94702439e-04
 2.00152944e-04 1.96631244e-04 2.82090628e-05 1.96146809e-04
 2.84483428e-05 1.95691312e-04 2.82959124e-05 1.96147283e-04
 2.84412475e-05 1.95697232e-04 2.82892380e-05 1.96145911e-04
 2.84347789e-05 1.95702712e-04 2.82830522e-05 1.96145839e-04
 2.84287939e-05 1.95707833e-04 2.82773679e-05 1.96146570e-04
 2.84233135e-05 1.95712522e-04 2.82720856e-05 1.96147725e-04
 2.84182269e-05 1.95191075e-04 2.84617252e-05 1.95193064e-04
 2.84595114e-05 1.95195261e-04 2.84573151e-05 1.95197227e-04
 2.84552238e-05 1.95199198e-04 2.84532052e-05 1.95201014e-04
 2.84512942e-05 1.95202774e-04 2.81973274e-05 1.96154751e-04
 2.84015122e-05 1.95205911e-04 2.81938212e-05 1.96156656e-04
 2.83980730e-05 1.95208900e-04 2.81906244e-05 1.96158322e-04
 2.81230811e-05 1.96159188e-04 2.81215991e-05 1.96160003e-04
 2.81201843e-05 1.96160789e-04 2.81187815e-05 1.96161518e-04
 2.81175087e-05 1.96162132e-04 2.81162158e-05 1.96162835e-04]","['user_limit' 'user_limit' 'user_limit' 'user_limit' 'user_limit'
 'user_limit' 'user_limit' 'user_limit' 'user_limit' 'user_limit'
 'user_limit' 'user_limit' 'user_limit' 'user_limit' 'user_limit'
 'user_limit' 'user_limit' 'user_limit' 'user_limit' 'user_limit'
 'user_limit' 'user_limit' 'user_limit' 'user_limit' 'user_limit'
 'user_limit' 'user_limit' 'user_limit' 'user_limit' 'user_limit'
 'user_limit' 'user_limit' 'user_limit' 'user_limit' 'user_limit'
 'user_limit' 'user_limit' 'user_limit' 'user_limit' 'user_limit'
 'user_limit' 'user_limit' 'user_limit' 'user_limit' 'user_limit'
 'user_limit' 'user_limit' 'user_limit' 'user_limit' 'user_limit'
 'user_limit' 'user_limit' 'user_limit' 'user_limit' 'user_limit'
 'user_limit' 'user_limit' 'user_limit' 'user_limit' 'user_limit'
 'user_limit' 'user_limit' 'user_limit' 'user_limit' 'user_limit'
 'user_limit' 'user_limit' 'user_limit' 'user_limit' 'user_limit'
 'user_limit' 'user_limit' 'user_limit' 'user_limit' 'user_limit'
 'user_limit' 'user_limit' 'user_limit' 'user_limit' 'user_limit'
 'user_limit' 'user_limit' 'user_limit' 'user_limit' 'user_limit'
 'user_limit' 'user_limit' 'user_limit' 'user_limit' 'user_limit'
 'user_limit' 'user_limit' 'user_limit' 'user_limit' 'user_limit'
 'user_limit' 'user_limit' 'user_limit' 'user_limit' 'user_limit']","{'x_traj': array([[ 0.99962485,  0.99894022,  0.02738891, ...,  0.16728904,
        -0.09111115,  0.        ],
       [ 0.99962462,  0.99894419,  0.02739755, ...,  0.16728921,
        -0.09109986,  0.        ],
       [ 0.99962438,  0.99894806,  0.02740601, ...,  0.16728938,
        -0.0910888 ,  0.        ],
       ...,
       [ 0.99961452,  0.99910479,  0.02776363, ...,  0.1672955 ,
        -0.09062264,  0.        ],
       [ 0.99961448,  0.99910531,  0.02776488, ...,  0.16729552,
        -0.09062101,  0.        ],
       [ 0.99961445,  0.99910582,  0.02776611, ...,  0.16729554,
        -0.09061942,  0.        ]], shape=(100, 11)), 'u_traj': array([[0., 0.],
       [0., 0.],
       [0., 0.],
       [0., 0.],
       [0., 0.],
       [0., 0.],
       [0., 0.],
       [0., 0.],
       [0., 0.],
       [0., 0.],
       [0., 0.],
       [0., 0.],
       [0., 0.],
       [0., 0.],
       [0., 0.],
       [0., 0.],
       [0., 0.],
       [0., 0.],
       [0., 0.],
       [0., 0.],
       [0., 0.],
       [0., 0.],
       [0., 0.],
       [0., 0.],
       [0., 0.],
       [0., 0.],
       [0., 0.],
       [0., 0.],
       [0., 0.],
       [0., 0.],
       [0., 0.],
       [0., 0.],
       [0., 0.],
       [0., 0.],
       [0., 0.],
       [0., 0.],
       [0., 0.],
       [0., 0.],
       [0., 0.],
       [0., 0.],
       [0., 0.],
       [0., 0.],
       [0., 0.],
       [0., 0.],
       [0., 0.],
       [0., 0.],
       [0., 0.],
       [0., 0.],
       [0., 0.],
       [0., 0.],
       [0., 0.],
       [0., 0.],
       [0., 0.],
       [0., 0.],
       [0., 0.],
       [0., 0.],
       [0., 0.],
       [0., 0.],
       [0., 0.],
       [0., 0.],
       [0., 0.],
       [0., 0.],
       [0., 0.],
       [0., 0.],
       [0., 0.],
       [0., 0.],
       [0., 0.],
       [0., 0.],
       [0., 0.],
       [0., 0.],
       [0., 0.],
       [0., 0.],
       [0., 0.],
       [0., 0.],
       [0., 0.],
       [0., 0.],
       [0., 0.],
       [0., 0.],
       [0., 0.],
       [0., 0.],
       [0., 0.],
       [0., 0.],
       [0., 0.],
       [0., 0.],
       [0., 0.],
       [0., 0.],
       [0., 0.],
       [0., 0.],
       [0., 0.],
       [0., 0.],
       [0., 0.],
       [0., 0.],
       [0., 0.],
       [0., 0.],
       [0., 0.],
       [0., 0.],
       [0., 0.],
       [0., 0.],
       [0., 0.],
       [0., 0.]]), 'target_traj': array([[0.043, 0.09 ],
       [0.043, 0.09 ],
       [0.043, 0.09 ],
       [0.043, 0.09 ],
       [0.043, 0.09 ],
       [0.043, 0.09 ],
       [0.043, 0.09 ],
       [0.043, 0.09 ],
       [0.043, 0.09 ],
       [0.043, 0.09 ],
       [0.043, 0.09 ],
       [0.043, 0.09 ],
       [0.043, 0.09 ],
       [0.043, 0.09 ],
       [0.043, 0.09 ],
       [0.043, 0.09 ],
       [0.043, 0.09 ],
       [0.043, 0.09 ],
       [0.043, 0.09 ],
       [0.043, 0.09 ],
       [0.043, 0.09 ],
       [0.043, 0.09 ],
       [0.043, 0.09 ],
       [0.043, 0.09 ],
       [0.043, 0.09 ],
       [0.043, 0.09 ],
       [0.043, 0.09 ],
       [0.043, 0.09 ],
       [0.043, 0.09 ],
       [0.043, 0.09 ],
       [0.043, 0.09 ],
       [0.043, 0.09 ],
       [0.043, 0.09 ],
       [0.043, 0.09 ],
       [0.043, 0.09 ],
       [0.043, 0.09 ],
       [0.043, 0.09 ],
       [0.043, 0.09 ],
       [0.043, 0.09 ],
       [0.043, 0.09 ],
       [0.043, 0.09 ],
       [0.043, 0.09 ],
       [0.043, 0.09 ],
       [0.043, 0.09 ],
       [0.043, 0.09 ],
       [0.043, 0.09 ],
       [0.043, 0.09 ],
       [0.043, 0.09 ],
       [0.043, 0.09 ],
       [0.043, 0.09 ],
       [0.043, 0.09 ],
       [0.043, 0.09 ],
       [0.043, 0.09 ],
       [0.043, 0.09 ],
       [0.043, 0.09 ],
       [0.043, 0.09 ],
       [0.043, 0.09 ],
       [0.043, 0.09 ],
       [0.043, 0.09 ],
       [0.043, 0.09 ],
       [0.043, 0.09 ],
       [0.043, 0.09 ],
       [0.043, 0.09 ],
       [0.043, 0.09 ],
       [0.043, 0.09 ],
       [0.043, 0.09 ],
       [0.043, 0.09 ],
       [0.043, 0.09 ],
       [0.043, 0.09 ],
       [0.043, 0.09 ],
       [0.043, 0.09 ],
       [0.043, 0.09 ],
       [0.043, 0.09 ],
       [0.043, 0.09 ],
       [0.043, 0.09 ],
       [0.043, 0.09 ],
       [0.043, 0.09 ],
       [0.043, 0.09 ],
       [0.043, 0.09 ],
       [0.043, 0.09 ],
       [0.043, 0.09 ],
       [0.043, 0.09 ],
       [0.043, 0.09 ],
       [0.043, 0.09 ],
       [0.043, 0.09 ],
       [0.043, 0.09 ],
       [0.043, 0.09 ],
       [0.043, 0.09 ],
       [0.043, 0.09 ],
       [0.043, 0.09 ],
       [0.043, 0.09 ],
       [0.043, 0.09 ],
       [0.043, 0.09 ],
       [0.043, 0.09 ],
       [0.043, 0.09 ],
       [0.043, 0.09 ],
       [0.043, 0.09 ],
       [0.043, 0.09 ],
       [0.043, 0.09 ],
       [0.043, 0.09 ]]), 'err': array([0.18933254, 0.18932737, 0.18932229, 0.18931732, 0.18931245,
       0.18930767, 0.18930298, 0.18929839, 0.18929389, 0.18928948,
       0.18928515, 0.18928091, 0.18927676, 0.18927268, 0.18926869,
       0.18926477, 0.18926093, 0.18925717, 0.18925348, 0.18924987,
       0.18924632, 0.18924285, 0.18923944, 0.18923611, 0.18923283,
       0.18922963, 0.18922648, 0.1892234 , 0.18922038, 0.18921742,
       0.18921451, 0.18921167, 0.18920888, 0.18920614, 0.18920346,
       0.18920083, 0.18919826, 0.18919573, 0.18919326, 0.18919083,
       0.18918845, 0.18918612, 0.18918384, 0.18918159, 0.1891794 ,
       0.18917725, 0.18917514, 0.18917307, 0.18917104, 0.18916905,
       0.1891671 , 0.18916519, 0.18916332, 0.18916149, 0.18915969,
       0.18915793, 0.1891562 , 0.1891545 , 0.18915284, 0.18915121,
       0.18914962, 0.18914805, 0.18914652, 0.18914502, 0.18914354,
       0.1891421 , 0.18914068, 0.1891393 , 0.18913794, 0.1891366 ,
       0.1891353 , 0.18913401, 0.18913276, 0.18913153, 0.18913032,
       0.18912914, 0.18912798, 0.18912684, 0.18912573, 0.18912464,
       0.18912357, 0.18912252, 0.18912149, 0.18912048, 0.18911949,
       0.18911852, 0.18911757, 0.18911664, 0.18911573, 0.18911483,
       0.18911396, 0.1891131 , 0.18911226, 0.18911143, 0.18911062,
       0.18910983, 0.18910905, 0.18910829, 0.18910754, 0.18910681])}"
0,fixed_k,iid,100,80,10.617474151254687,"[0.88681092 1.2616585  1.29329973 1.31012973 1.30264041 1.31274776
 1.31067762 1.312536   1.31351778 1.3117836  1.31371389 1.31134319
 1.31183863 1.30961571 1.31196332 1.31043216 1.3120547  1.30983192
 1.31353232 1.31014631 1.31402134 1.3105676  1.31233843 1.31177524
 1.31337815 1.31170205 1.31377142 1.31149592 1.31371389 1.31134319
 1.31416903 1.30864418 1.30992764 1.31191414 1.31188097 1.31235816
 1.31400199 1.31134319 1.3154792  1.30882644 1.31020167 1.31179852
 1.31356021 1.31235816 1.31354453 1.31254638 1.31179849 1.31235816
 1.31354453 1.31254638 1.31179849 1.31235816 1.31354453 1.31254638
 1.31179849 1.31235816 1.31354453 1.31254638 1.31179849 1.31235816
 1.31354453 1.31254638 1.31179849 1.31235816 1.31354453 1.31275868
 1.31169303 1.31275868 1.31169303 1.31275868 1.31169303 1.31275868
 1.31169303 1.31275868 1.31169303 1.31275868 1.31169303 1.31275868
 1.31188097 1.31235816 1.31354453 1.31275868 1.31188097 1.31235816
 1.31354453 1.31275868 1.31188097 1.31235816 1.31382358 1.31235816
 1.31382358 1.31235816 1.31382358 1.31235816 1.31382358 1.31235816
 1.31382358 1.31235816 1.31382358 1.31235816]",0.14316401378669652,0.18918510049606674,0,"[523.55134208 509.58273839 504.28197626 518.64557248 510.07452607
 517.16084033 507.9092877  506.63733203 509.68304463 509.52645019
 513.89010344 509.11445078 509.79374349 507.71999545 507.15043116
 519.73078214 512.36656588 505.60546666 515.55709075 506.9619203
 514.77581542 517.77380798 508.72956403 514.55056388 506.6050794
 517.27221161 511.43964846 513.64360098 506.11914229 504.12490685
 516.97885431 510.78324206 506.71897549 511.69211324 505.49669005
 520.58126032 652.23209374 509.5800804  511.73489913 518.7720973
 516.56754874 509.63269174 516.63462445 505.62730059 505.3024767
 516.25630073 508.77148565 504.83011641 508.18050187 512.53350917
 515.01825079 505.24976011 505.06256148 511.42409816 515.07825777
 518.29426549 505.0332332  520.60918789 513.17419484 509.17683449
 518.14369764 508.44811276 503.20243649 501.48491468 505.83900511
 511.38227992 506.51191175 504.52169683 511.76917925 510.32221783
 509.33395699 511.90455258 516.46431349 505.27714845 506.21211343
 509.23836324 513.08458485 510.69264486 512.79676054 510.95296349
 510.78268327 506.18229154 507.66869821 511.77345775 508.97333864
 508.38767737 507.32438825 512.97224406 509.89850424 508.86240508
 508.93571693 505.09915035 507.78223202 516.72895998 515.00656549
 508.70044064 509.62191354 509.22176801 511.63914427 507.56040309]",0,0,"[2.78671318e-04 2.17914669e-04 1.32251623e-04 1.86227656e-04
 2.06825828e-04 1.97307453e-04 2.82205755e-05 1.95539283e-04
 2.88085021e-05 1.95012286e-04 2.88890885e-05 1.94996777e-04
 2.81515216e-05 1.96478870e-04 2.86901959e-05 1.98672115e-04
 3.19779543e-05 1.97315172e-04 3.19192290e-05 1.97988840e-04
 2.80789512e-05 1.97525898e-04 4.50938310e-05 1.95775280e-04
 4.29931034e-05 1.96660284e-04 2.88231943e-05 1.95659120e-04
 2.88351415e-05 1.95040368e-04 2.82573286e-05 1.93953165e-04
 1.29670002e-04 1.95826092e-04 2.82616772e-05 1.96136433e-04
 2.87886149e-05 1.95054226e-04 2.84530721e-05 1.94702439e-04
 2.00152944e-04 1.96631244e-04 2.82090628e-05 1.96146809e-04
 2.84483428e-05 1.95691312e-04 2.82959124e-05 1.96147283e-04
 2.84412475e-05 1.95697232e-04 2.82892380e-05 1.96145911e-04
 2.84347789e-05 1.95702712e-04 2.82830522e-05 1.96145839e-04
 2.84287939e-05 1.95707833e-04 2.82773679e-05 1.96146570e-04
 2.84233135e-05 1.95712522e-04 2.82720856e-05 1.96147725e-04
 2.84182269e-05 1.95191075e-04 2.84617252e-05 1.95193064e-04
 2.84595114e-05 1.95195261e-04 2.84573151e-05 1.95197227e-04
 2.84552238e-05 1.95199198e-04 2.84532052e-05 1.95201014e-04
 2.84512942e-05 1.95202774e-04 2.81973274e-05 1.96154751e-04
 2.84015122e-05 1.95205911e-04 2.81938212e-05 1.96156656e-04
 2.83980730e-05 1.95208900e-04 2.81906244e-05 1.96158322e-04
 2.81230811e-05 1.96159188e-04 2.81215991e-05 1.96160003e-04
 2.81201843e-05 1.96160789e-04 2.81187815e-05 1.96161518e-04
 2.81175087e-05 1.96162132e-04 2.81162158e-05 1.96162835e-04]","['user_limit' 'user_limit' 'user_limit' 'user_limit' 'user_limit'
 'user_limit' 'user_limit' 'user_limit' 'user_limit' 'user_limit'
 'user_limit' 'user_limit' 'user_limit' 'user_limit' 'user_limit'
 'user_limit' 'user_limit' 'user_limit' 'user_limit' 'user_limit'
 'user_limit' 'user_limit' 'user_limit' 'user_limit' 'user_limit'
 'user_limit' 'user_limit' 'user_limit' 'user_limit' 'user_limit'
 'user_limit' 'user_limit' 'user_limit' 'user_limit' 'user_limit'
 'user_limit' 'user_limit' 'user_limit' 'user_limit' 'user_limit'
 'user_limit' 'user_limit' 'user_limit' 'user_limit' 'user_limit'
 'user_limit' 'user_limit' 'user_limit' 'user_limit' 'user_limit'
 'user_limit' 'user_limit' 'user_limit' 'user_limit' 'user_limit'
 'user_limit' 'user_limit' 'user_limit' 'user_limit' 'user_limit'
 'user_limit' 'user_limit' 'user_limit' 'user_limit' 'user_limit'
 'user_limit' 'user_limit' 'user_limit' 'user_limit' 'user_limit'
 'user_limit' 'user_limit' 'user_limit' 'user_limit' 'user_limit'
 'user_limit' 'user_limit' 'user_limit' 'user_limit' 'user_limit'
 'user_limit' 'user_limit' 'user_limit' 'user_limit' 'user_limit'
 'user_limit' 'user_limit' 'user_limit' 'user_limit' 'user_limit'
 'user_limit' 'user_limit' 'user_limit' 'user_limit' 'user_limit'
 'user_limit' 'user_limit' 'user_limit' 'user_limit' 'user_limit']","{'x_traj': array([[ 0.99962485,  0.99894022,  0.02738891, ...,  0.16728904,
        -0.09111115,  0.        ],
       [ 0.99962462,  0.99894419,  0.02739755, ...,  0.16728921,
        -0.09109986,  0.        ],
       [ 0.99962438,  0.99894806,  0.02740601, ...,  0.16728938,
        -0.0910888 ,  0.        ],
       ...,
       [ 0.99961452,  0.99910479,  0.02776363, ...,  0.1672955 ,
        -0.09062264,  0.        ],
       [ 0.99961448,  0.99910531,  0.02776488, ...,  0.16729552,
        -0.09062101,  0.        ],
       [ 0.99961445,  0.99910582,  0.02776611, ...,  0.16729554,
        -0.09061942,  0.        ]], shape=(100, 11)), 'u_traj': array([[0., 0.],
       [0., 0.],
       [0., 0.],
       [0., 0.],
       [0., 0.],
       [0., 0.],
       [0., 0.],
       [0., 0.],
       [0., 0.],
       [0., 0.],
       [0., 0.],
       [0., 0.],
       [0., 0.],
       [0., 0.],
       [0., 0.],
       [0., 0.],
       [0., 0.],
       [0., 0.],
       [0., 0.],
       [0., 0.],
       [0., 0.],
       [0., 0.],
       [0., 0.],
       [0., 0.],
       [0., 0.],
       [0., 0.],
       [0., 0.],
       [0., 0.],
       [0., 0.],
       [0., 0.],
       [0., 0.],
       [0., 0.],
       [0., 0.],
       [0., 0.],
       [0., 0.],
       [0., 0.],
       [0., 0.],
       [0., 0.],
       [0., 0.],
       [0., 0.],
       [0., 0.],
       [0., 0.],
       [0., 0.],
       [0., 0.],
       [0., 0.],
       [0., 0.],
       [0., 0.],
       [0., 0.],
       [0., 0.],
       [0., 0.],
       [0., 0.],
       [0., 0.],
       [0., 0.],
       [0., 0.],
       [0., 0.],
       [0., 0.],
       [0., 0.],
       [0., 0.],
       [0., 0.],
       [0., 0.],
       [0., 0.],
       [0., 0.],
       [0., 0.],
       [0., 0.],
       [0., 0.],
       [0., 0.],
       [0., 0.],
       [0., 0.],
       [0., 0.],
       [0., 0.],
       [0., 0.],
       [0., 0.],
       [0., 0.],
       [0., 0.],
       [0., 0.],
       [0., 0.],
       [0., 0.],
       [0., 0.],
       [0., 0.],
       [0., 0.],
       [0., 0.],
       [0., 0.],
       [0., 0.],
       [0., 0.],
       [0., 0.],
       [0., 0.],
       [0., 0.],
       [0., 0.],
       [0., 0.],
       [0., 0.],
       [0., 0.],
       [0., 0.],
       [0., 0.],
       [0., 0.],
       [0., 0.],
       [0., 0.],
       [0., 0.],
       [0., 0.],
       [0., 0.],
       [0., 0.]]), 'target_traj': array([[0.043, 0.09 ],
       [0.043, 0.09 ],
       [0.043, 0.09 ],
       [0.043, 0.09 ],
       [0.043, 0.09 ],
       [0.043, 0.09 ],
       [0.043, 0.09 ],
       [0.043, 0.09 ],
       [0.043, 0.09 ],
       [0.043, 0.09 ],
       [0.043, 0.09 ],
       [0.043, 0.09 ],
       [0.043, 0.09 ],
       [0.043, 0.09 ],
       [0.043, 0.09 ],
       [0.043, 0.09 ],
       [0.043, 0.09 ],
       [0.043, 0.09 ],
       [0.043, 0.09 ],
       [0.043, 0.09 ],
       [0.043, 0.09 ],
       [0.043, 0.09 ],
       [0.043, 0.09 ],
       [0.043, 0.09 ],
       [0.043, 0.09 ],
       [0.043, 0.09 ],
       [0.043, 0.09 ],
       [0.043, 0.09 ],
       [0.043, 0.09 ],
       [0.043, 0.09 ],
       [0.043, 0.09 ],
       [0.043, 0.09 ],
       [0.043, 0.09 ],
       [0.043, 0.09 ],
       [0.043, 0.09 ],
       [0.043, 0.09 ],
       [0.043, 0.09 ],
       [0.043, 0.09 ],
       [0.043, 0.09 ],
       [0.043, 0.09 ],
       [0.043, 0.09 ],
       [0.043, 0.09 ],
       [0.043, 0.09 ],
       [0.043, 0.09 ],
       [0.043, 0.09 ],
       [0.043, 0.09 ],
       [0.043, 0.09 ],
       [0.043, 0.09 ],
       [0.043, 0.09 ],
       [0.043, 0.09 ],
       [0.043, 0.09 ],
       [0.043, 0.09 ],
       [0.043, 0.09 ],
       [0.043, 0.09 ],
       [0.043, 0.09 ],
       [0.043, 0.09 ],
       [0.043, 0.09 ],
       [0.043, 0.09 ],
       [0.043, 0.09 ],
       [0.043, 0.09 ],
       [0.043, 0.09 ],
       [0.043, 0.09 ],
       [0.043, 0.09 ],
       [0.043, 0.09 ],
       [0.043, 0.09 ],
       [0.043, 0.09 ],
       [0.043, 0.09 ],
       [0.043, 0.09 ],
       [0.043, 0.09 ],
       [0.043, 0.09 ],
       [0.043, 0.09 ],
       [0.043, 0.09 ],
       [0.043, 0.09 ],
       [0.043, 0.09 ],
       [0.043, 0.09 ],
       [0.043, 0.09 ],
       [0.043, 0.09 ],
       [0.043, 0.09 ],
       [0.043, 0.09 ],
       [0.043, 0.09 ],
       [0.043, 0.09 ],
       [0.043, 0.09 ],
       [0.043, 0.09 ],
       [0.043, 0.09 ],
       [0.043, 0.09 ],
       [0.043, 0.09 ],
       [0.043, 0.09 ],
       [0.043, 0.09 ],
       [0.043, 0.09 ],
       [0.043, 0.09 ],
       [0.043, 0.09 ],
       [0.043, 0.09 ],
       [0.043, 0.09 ],
       [0.043, 0.09 ],
       [0.043, 0.09 ],
       [0.043, 0.09 ],
       [0.043, 0.09 ],
       [0.043, 0.09 ],
       [0.043, 0.09 ],
       [0.043, 0.09 ]]), 'err': array([0.18933254, 0.18932737, 0.18932229, 0.18931732, 0.18931245,
       0.18930767, 0.18930298, 0.18929839, 0.18929389, 0.18928948,
       0.18928515, 0.18928091, 0.18927676, 0.18927268, 0.18926869,
       0.18926477, 0.18926093, 0.18925717, 0.18925348, 0.18924987,
       0.18924632, 0.18924285, 0.18923944, 0.18923611, 0.18923283,
       0.18922963, 0.18922648, 0.1892234 , 0.18922038, 0.18921742,
       0.18921451, 0.18921167, 0.18920888, 0.18920614, 0.18920346,
       0.18920083, 0.18919826, 0.18919573, 0.18919326, 0.18919083,
       0.18918845, 0.18918612, 0.18918384, 0.18918159, 0.1891794 ,
       0.18917725, 0.18917514, 0.18917307, 0.18917104, 0.18916905,
       0.1891671 , 0.18916519, 0.18916332, 0.18916149, 0.18915969,
       0.18915793, 0.1891562 , 0.1891545 , 0.18915284, 0.18915121,
       0.18914962, 0.18914805, 0.18914652, 0.18914502, 0.18914354,
       0.1891421 , 0.18914068, 0.1891393 , 0.18913794, 0.1891366 ,
       0.1891353 , 0.18913401, 0.18913276, 0.18913153, 0.18913032,
       0.18912914, 0.18912798, 0.18912684, 0.18912573, 0.18912464,
       0.18912357, 0.18912252, 0.18912149, 0.18912048, 0.18911949,
       0.18911852, 0.18911757, 0.18911664, 0.18911573, 0.18911483,
       0.18911396, 0.1891131 , 0.18911226, 0.18911143, 0.18911062,
       0.18910983, 0.18910905, 0.18910829, 0.18910754, 0.18910681])}"
0,fixed_k,iid,100,90,10.617474151254687,"[0.88681092 1.2616585  1.29329973 1.31012973 1.30264041 1.31274776
 1.31067762 1.312536   1.31351778 1.3117836  1.31371389 1.31134319
 1.31183863 1.30961571 1.31196332 1.31043216 1.3120547  1.30983192
 1.31353232 1.31014631 1.31402134 1.3105676  1.31233843 1.31177524
 1.31337815 1.31170205 1.31377142 1.31149592 1.31371389 1.31134319
 1.31416903 1.30864418 1.30992764 1.31191414 1.31188097 1.31235816
 1.31400199 1.31134319 1.3154792  1.30882644 1.31020167 1.31179852
 1.31356021 1.31235816 1.31354453 1.31254638 1.31179849 1.31235816
 1.31354453 1.31254638 1.31179849 1.31235816 1.31354453 1.31254638
 1.31179849 1.31235816 1.31354453 1.31254638 1.31179849 1.31235816
 1.31354453 1.31254638 1.31179849 1.31235816 1.31354453 1.31275868
 1.31169303 1.31275868 1.31169303 1.31275868 1.31169303 1.31275868
 1.31169303 1.31275868 1.31169303 1.31275868 1.31169303 1.31275868
 1.31188097 1.31235816 1.31354453 1.31275868 1.31188097 1.31235816
 1.31354453 1.31275868 1.31188097 1.31235816 1.31382358 1.31235816
 1.31382358 1.31235816 1.31382358 1.31235816 1.31382358 1.31235816
 1.31382358 1.31235816 1.31382358 1.31235816]",0.14316401378669652,0.18918510049606674,0,"[514.73275572 506.88876491 506.60419278 510.01166366 520.13508417
 507.5598564  505.34094032 519.6407726  511.83352526 517.67323352
 516.41307306 516.98868629 508.57341383 507.7806646  512.14885805
 512.56556343 502.66613811 504.16785758 504.11089975 515.37246071
 505.06914407 506.71262201 505.16064558 508.69649369 507.6486636
 513.03851698 515.47894068 506.73779473 516.52391348 509.24029388
 514.59042076 506.01732451 511.01750694 505.40854409 512.19793502
 503.80003918 505.30629046 512.70287577 506.25838991 508.71770736
 504.11965232 510.93123481 506.81134872 511.11236215 509.77346767
 513.49740662 518.26520823 508.09540413 512.85307948 508.09444301
 504.58967034 507.57545698 509.41939093 508.70995037 509.33248922
 509.1103008  510.83146874 508.33577011 507.11048208 506.54762145
 505.80423605 514.77688737 507.76736625 509.20520071 517.92700961
 507.7559026  509.43956245 511.23362221 505.70458453 505.86963631
 501.48744974 508.87805596 505.21939434 507.98944011 509.46141407
 508.16079229 504.96723503 508.41510948 513.76054063 513.61238863
 513.2012004  506.52356166 522.59411756 507.75663368 513.54053989
 509.01209842 504.1777296  505.17614279 506.1948644  512.9052354
 509.37993079 505.92913572 506.04781695 512.68125046 508.51632562
 514.45642766 506.61353581 519.59994808 508.93936493 508.00360367]",0,0,"[2.78671318e-04 2.17914669e-04 1.32251623e-04 1.86227656e-04
 2.06825828e-04 1.97307453e-04 2.82205755e-05 1.95539283e-04
 2.88085021e-05 1.95012286e-04 2.88890885e-05 1.94996777e-04
 2.81515216e-05 1.96478870e-04 2.86901959e-05 1.98672115e-04
 3.19779543e-05 1.97315172e-04 3.19192290e-05 1.97988840e-04
 2.80789512e-05 1.97525898e-04 4.50938310e-05 1.95775280e-04
 4.29931034e-05 1.96660284e-04 2.88231943e-05 1.95659120e-04
 2.88351415e-05 1.95040368e-04 2.82573286e-05 1.93953165e-04
 1.29670002e-04 1.95826092e-04 2.82616772e-05 1.96136433e-04
 2.87886149e-05 1.95054226e-04 2.84530721e-05 1.94702439e-04
 2.00152944e-04 1.96631244e-04 2.82090628e-05 1.96146809e-04
 2.84483428e-05 1.95691312e-04 2.82959124e-05 1.96147283e-04
 2.84412475e-05 1.95697232e-04 2.82892380e-05 1.96145911e-04
 2.84347789e-05 1.95702712e-04 2.82830522e-05 1.96145839e-04
 2.84287939e-05 1.95707833e-04 2.82773679e-05 1.96146570e-04
 2.84233135e-05 1.95712522e-04 2.82720856e-05 1.96147725e-04
 2.84182269e-05 1.95191075e-04 2.84617252e-05 1.95193064e-04
 2.84595114e-05 1.95195261e-04 2.84573151e-05 1.95197227e-04
 2.84552238e-05 1.95199198e-04 2.84532052e-05 1.95201014e-04
 2.84512942e-05 1.95202774e-04 2.81973274e-05 1.96154751e-04
 2.84015122e-05 1.95205911e-04 2.81938212e-05 1.96156656e-04
 2.83980730e-05 1.95208900e-04 2.81906244e-05 1.96158322e-04
 2.81230811e-05 1.96159188e-04 2.81215991e-05 1.96160003e-04
 2.81201843e-05 1.96160789e-04 2.81187815e-05 1.96161518e-04
 2.81175087e-05 1.96162132e-04 2.81162158e-05 1.96162835e-04]","['user_limit' 'user_limit' 'user_limit' 'user_limit' 'user_limit'
 'user_limit' 'user_limit' 'user_limit' 'user_limit' 'user_limit'
 'user_limit' 'user_limit' 'user_limit' 'user_limit' 'user_limit'
 'user_limit' 'user_limit' 'user_limit' 'user_limit' 'user_limit'
 'user_limit' 'user_limit' 'user_limit' 'user_limit' 'user_limit'
 'user_limit' 'user_limit' 'user_limit' 'user_limit' 'user_limit'
 'user_limit' 'user_limit' 'user_limit' 'user_limit' 'user_limit'
 'user_limit' 'user_limit' 'user_limit' 'user_limit' 'user_limit'
 'user_limit' 'user_limit' 'user_limit' 'user_limit' 'user_limit'
 'user_limit' 'user_limit' 'user_limit' 'user_limit' 'user_limit'
 'user_limit' 'user_limit' 'user_limit' 'user_limit' 'user_limit'
 'user_limit' 'user_limit' 'user_limit' 'user_limit' 'user_limit'
 'user_limit' 'user_limit' 'user_limit' 'user_limit' 'user_limit'
 'user_limit' 'user_limit' 'user_limit' 'user_limit' 'user_limit'
 'user_limit' 'user_limit' 'user_limit' 'user_limit' 'user_limit'
 'user_limit' 'user_limit' 'user_limit' 'user_limit' 'user_limit'
 'user_limit' 'user_limit' 'user_limit' 'user_limit' 'user_limit'
 'user_limit' 'user_limit' 'user_limit' 'user_limit' 'user_limit'
 'user_limit' 'user_limit' 'user_limit' 'user_limit' 'user_limit'
 'user_limit' 'user_limit' 'user_limit' 'user_limit' 'user_limit']","{'x_traj': array([[ 0.99962485,  0.99894022,  0.02738891, ...,  0.16728904,
        -0.09111115,  0.        ],
       [ 0.99962462,  0.99894419,  0.02739755, ...,  0.16728921,
        -0.09109986,  0.        ],
       [ 0.99962438,  0.99894806,  0.02740601, ...,  0.16728938,
        -0.0910888 ,  0.        ],
       ...,
       [ 0.99961452,  0.99910479,  0.02776363, ...,  0.1672955 ,
        -0.09062264,  0.        ],
       [ 0.99961448,  0.99910531,  0.02776488, ...,  0.16729552,
        -0.09062101,  0.        ],
       [ 0.99961445,  0.99910582,  0.02776611, ...,  0.16729554,
        -0.09061942,  0.        ]], shape=(100, 11)), 'u_traj': array([[0., 0.],
       [0., 0.],
       [0., 0.],
       [0., 0.],
       [0., 0.],
       [0., 0.],
       [0., 0.],
       [0., 0.],
       [0., 0.],
       [0., 0.],
       [0., 0.],
       [0., 0.],
       [0., 0.],
       [0., 0.],
       [0., 0.],
       [0., 0.],
       [0., 0.],
       [0., 0.],
       [0., 0.],
       [0., 0.],
       [0., 0.],
       [0., 0.],
       [0., 0.],
       [0., 0.],
       [0., 0.],
       [0., 0.],
       [0., 0.],
       [0., 0.],
       [0., 0.],
       [0., 0.],
       [0., 0.],
       [0., 0.],
       [0., 0.],
       [0., 0.],
       [0., 0.],
       [0., 0.],
       [0., 0.],
       [0., 0.],
       [0., 0.],
       [0., 0.],
       [0., 0.],
       [0., 0.],
       [0., 0.],
       [0., 0.],
       [0., 0.],
       [0., 0.],
       [0., 0.],
       [0., 0.],
       [0., 0.],
       [0., 0.],
       [0., 0.],
       [0., 0.],
       [0., 0.],
       [0., 0.],
       [0., 0.],
       [0., 0.],
       [0., 0.],
       [0., 0.],
       [0., 0.],
       [0., 0.],
       [0., 0.],
       [0., 0.],
       [0., 0.],
       [0., 0.],
       [0., 0.],
       [0., 0.],
       [0., 0.],
       [0., 0.],
       [0., 0.],
       [0., 0.],
       [0., 0.],
       [0., 0.],
       [0., 0.],
       [0., 0.],
       [0., 0.],
       [0., 0.],
       [0., 0.],
       [0., 0.],
       [0., 0.],
       [0., 0.],
       [0., 0.],
       [0., 0.],
       [0., 0.],
       [0., 0.],
       [0., 0.],
       [0., 0.],
       [0., 0.],
       [0., 0.],
       [0., 0.],
       [0., 0.],
       [0., 0.],
       [0., 0.],
       [0., 0.],
       [0., 0.],
       [0., 0.],
       [0., 0.],
       [0., 0.],
       [0., 0.],
       [0., 0.],
       [0., 0.]]), 'target_traj': array([[0.043, 0.09 ],
       [0.043, 0.09 ],
       [0.043, 0.09 ],
       [0.043, 0.09 ],
       [0.043, 0.09 ],
       [0.043, 0.09 ],
       [0.043, 0.09 ],
       [0.043, 0.09 ],
       [0.043, 0.09 ],
       [0.043, 0.09 ],
       [0.043, 0.09 ],
       [0.043, 0.09 ],
       [0.043, 0.09 ],
       [0.043, 0.09 ],
       [0.043, 0.09 ],
       [0.043, 0.09 ],
       [0.043, 0.09 ],
       [0.043, 0.09 ],
       [0.043, 0.09 ],
       [0.043, 0.09 ],
       [0.043, 0.09 ],
       [0.043, 0.09 ],
       [0.043, 0.09 ],
       [0.043, 0.09 ],
       [0.043, 0.09 ],
       [0.043, 0.09 ],
       [0.043, 0.09 ],
       [0.043, 0.09 ],
       [0.043, 0.09 ],
       [0.043, 0.09 ],
       [0.043, 0.09 ],
       [0.043, 0.09 ],
       [0.043, 0.09 ],
       [0.043, 0.09 ],
       [0.043, 0.09 ],
       [0.043, 0.09 ],
       [0.043, 0.09 ],
       [0.043, 0.09 ],
       [0.043, 0.09 ],
       [0.043, 0.09 ],
       [0.043, 0.09 ],
       [0.043, 0.09 ],
       [0.043, 0.09 ],
       [0.043, 0.09 ],
       [0.043, 0.09 ],
       [0.043, 0.09 ],
       [0.043, 0.09 ],
       [0.043, 0.09 ],
       [0.043, 0.09 ],
       [0.043, 0.09 ],
       [0.043, 0.09 ],
       [0.043, 0.09 ],
       [0.043, 0.09 ],
       [0.043, 0.09 ],
       [0.043, 0.09 ],
       [0.043, 0.09 ],
       [0.043, 0.09 ],
       [0.043, 0.09 ],
       [0.043, 0.09 ],
       [0.043, 0.09 ],
       [0.043, 0.09 ],
       [0.043, 0.09 ],
       [0.043, 0.09 ],
       [0.043, 0.09 ],
       [0.043, 0.09 ],
       [0.043, 0.09 ],
       [0.043, 0.09 ],
       [0.043, 0.09 ],
       [0.043, 0.09 ],
       [0.043, 0.09 ],
       [0.043, 0.09 ],
       [0.043, 0.09 ],
       [0.043, 0.09 ],
       [0.043, 0.09 ],
       [0.043, 0.09 ],
       [0.043, 0.09 ],
       [0.043, 0.09 ],
       [0.043, 0.09 ],
       [0.043, 0.09 ],
       [0.043, 0.09 ],
       [0.043, 0.09 ],
       [0.043, 0.09 ],
       [0.043, 0.09 ],
       [0.043, 0.09 ],
       [0.043, 0.09 ],
       [0.043, 0.09 ],
       [0.043, 0.09 ],
       [0.043, 0.09 ],
       [0.043, 0.09 ],
       [0.043, 0.09 ],
       [0.043, 0.09 ],
       [0.043, 0.09 ],
       [0.043, 0.09 ],
       [0.043, 0.09 ],
       [0.043, 0.09 ],
       [0.043, 0.09 ],
       [0.043, 0.09 ],
       [0.043, 0.09 ],
       [0.043, 0.09 ],
       [0.043, 0.09 ]]), 'err': array([0.18933254, 0.18932737, 0.18932229, 0.18931732, 0.18931245,
       0.18930767, 0.18930298, 0.18929839, 0.18929389, 0.18928948,
       0.18928515, 0.18928091, 0.18927676, 0.18927268, 0.18926869,
       0.18926477, 0.18926093, 0.18925717, 0.18925348, 0.18924987,
       0.18924632, 0.18924285, 0.18923944, 0.18923611, 0.18923283,
       0.18922963, 0.18922648, 0.1892234 , 0.18922038, 0.18921742,
       0.18921451, 0.18921167, 0.18920888, 0.18920614, 0.18920346,
       0.18920083, 0.18919826, 0.18919573, 0.18919326, 0.18919083,
       0.18918845, 0.18918612, 0.18918384, 0.18918159, 0.1891794 ,
       0.18917725, 0.18917514, 0.18917307, 0.18917104, 0.18916905,
       0.1891671 , 0.18916519, 0.18916332, 0.18916149, 0.18915969,
       0.18915793, 0.1891562 , 0.1891545 , 0.18915284, 0.18915121,
       0.18914962, 0.18914805, 0.18914652, 0.18914502, 0.18914354,
       0.1891421 , 0.18914068, 0.1891393 , 0.18913794, 0.1891366 ,
       0.1891353 , 0.18913401, 0.18913276, 0.18913153, 0.18913032,
       0.18912914, 0.18912798, 0.18912684, 0.18912573, 0.18912464,
       0.18912357, 0.18912252, 0.18912149, 0.18912048, 0.18911949,
       0.18911852, 0.18911757, 0.18911664, 0.18911573, 0.18911483,
       0.18911396, 0.1891131 , 0.18911226, 0.18911143, 0.18911062,
       0.18910983, 0.18910905, 0.18910829, 0.18910754, 0.18910681])}"
1,fixed_k,iid,100,10,10.617474151254687,"[0.91187209 1.27038284 1.24367184 1.3080614  1.30963734 1.32654346
 1.31926999 1.32931206 1.31337002 1.32382449 1.30947586 1.32947977
 1.32612991 1.33099262 1.33074077 1.33475086 1.3321161  1.33147707
 1.32611567 1.33099163 1.3293173  1.32952609 1.327876   1.3344462
 1.32687078 1.33654069 1.32512957 1.33122545 1.32729388 1.31766105
 1.32093633 1.30821689 1.31156214 1.3296913  1.31031208 1.32281478
 1.3068159  1.31358547 1.32626645 1.32139754 1.32640828 1.31154171
 1.3252573  1.31785318 1.32758683 1.31338921 1.31428083 1.32822074
 1.32603012 1.33299943 1.33424472 1.33777185 1.32135323 1.32949024
 1.32226794 1.32930228 1.31180638 1.3204554  1.31217067 1.31236523
 1.32742478 1.31319906 1.31916748 1.31336682 1.32574171 1.30934233
 1.31981616 1.31144762 1.32386793 1.32615484 1.33098045 1.32168791
 1.32704417 1.314793   1.31996879 1.31052258 1.32384699 1.31396804
 1.31544026 1.32483103 1.31880513 1.31834925 1.31369554 1.31581669
 1.32446312 1.31338    1.31973277 1.32546779 1.33044731 1.31233537
 1.32433058 1.31840473 1.31924297 1.31139002 1.31680397 1.32372918
 1.30981609 1.32824437 1.31502254 1.31347465]",0.13604906954401788,0.18442414880289587,0,"[513.51545751 505.82233444 507.04466738 513.00485805 506.2486371
 507.28279073 509.70128644 505.79004921 514.76049423 511.30854711
 518.17519497 507.21089169 510.55742055 665.13371468 513.24759424
 505.82429115 513.8448691  513.55804503 515.75188246 510.96357871
 506.55365735 510.75823139 504.45891637 511.22496091 506.3788062
 511.37388777 504.44081146 505.03155403 510.21565311 507.20963906
 506.87567052 506.39994629 507.45422207 508.08479823 511.19649131
 511.14244107 512.34476082 507.91798532 510.97122673 508.17381497
 514.84040916 505.94939571 504.83972859 506.01030141 514.82939627
 506.89881667 510.48468146 509.29250754 505.63507713 513.08316831
 509.17561911 511.94325276 509.52638406 516.49479382 515.7913994
 514.69449699 508.9930892  506.70164637 507.01736193 517.08543114
 506.79236464 505.05341589 503.03160585 505.09680714 518.10688525
 510.46803966 509.10550449 506.69515505 513.36823404 517.60243811
 511.43091545 517.72113331 508.77276715 507.64758047 518.00693758
 506.46374747 505.1929336  506.16070163 507.79708941 517.67228451
 507.4075656  511.03151869 505.80412708 510.20562183 510.6618721
 513.4566389  513.76408432 509.70242079 505.47429826 519.84799467
 513.90946936 508.61079525 516.56657178 510.95152181 507.1835909
 513.74793146 510.24970505 506.29064534 506.23083767 504.4418266 ]",0,0,"[1.95124740e-04 4.87879999e-05 7.49900260e-05 1.85132969e-04
 1.94682898e-04 9.74294389e-05 2.01256727e-04 1.01424437e-04
 1.94871743e-04 6.83981705e-05 1.42620129e-04 7.98478385e-05
 1.64042499e-04 1.46949733e-04 1.77706792e-04 1.48569535e-04
 1.24153989e-04 1.54443981e-04 1.92149003e-04 1.52484409e-04
 1.52059292e-04 1.73036295e-04 9.42168941e-05 1.45753259e-04
 1.52506023e-04 1.12517661e-04 1.76507791e-04 1.42808919e-04
 5.88643197e-05 2.07112471e-04 7.86944481e-05 1.94789819e-04
 1.55870059e-04 3.26985085e-05 1.75102526e-04 1.90430589e-05
 1.98108765e-04 4.69407809e-05 9.19953337e-05 1.79636449e-04
 2.88436350e-05 1.95383743e-04 6.22032791e-05 1.79773123e-04
 5.89192994e-05 1.34896263e-04 1.45231214e-04 1.00197379e-04
 1.69082561e-04 1.60575394e-04 1.12267305e-04 1.40887855e-04
 1.56547168e-04 2.25251543e-05 1.95866906e-04 9.79893057e-05
 1.89929909e-04 6.84272402e-05 1.27643124e-04 1.78514003e-04
 7.50051872e-05 1.89349861e-04 2.48234261e-05 2.10131518e-04
 4.32500577e-05 2.10796370e-04 5.08182391e-05 1.41841577e-04
 1.31611724e-04 8.76017342e-05 1.52082083e-04 1.92150420e-04
 2.04048657e-05 2.04425461e-04 1.15540761e-04 1.97412098e-04
 6.52345172e-05 1.27409801e-04 1.76594747e-04 1.16331690e-05
 1.87862067e-04 1.39570198e-04 7.89804799e-05 1.91625342e-04
 1.45708593e-04 1.91790043e-04 3.09827817e-05 2.04345603e-04
 1.13689883e-04 2.11642142e-04 6.16819842e-05 1.61421733e-04
 2.11073975e-04 2.85187127e-05 2.16232235e-04 2.07037587e-05
 2.11195294e-04 1.05703608e-04 2.04896320e-04 8.22960096e-05]","['user_limit' 'user_limit' 'user_limit' 'user_limit' 'user_limit'
 'user_limit' 'user_limit' 'user_limit' 'user_limit' 'user_limit'
 'user_limit' 'user_limit' 'user_limit' 'user_limit' 'user_limit'
 'user_limit' 'user_limit' 'user_limit' 'user_limit' 'user_limit'
 'user_limit' 'user_limit' 'user_limit' 'user_limit' 'user_limit'
 'user_limit' 'user_limit' 'user_limit' 'user_limit' 'user_limit'
 'user_limit' 'user_limit' 'user_limit' 'user_limit' 'user_limit'
 'user_limit' 'user_limit' 'user_limit' 'user_limit' 'user_limit'
 'user_limit' 'user_limit' 'user_limit' 'user_limit' 'user_limit'
 'user_limit' 'user_limit' 'user_limit' 'user_limit' 'user_limit'
 'user_limit' 'user_limit' 'user_limit' 'user_limit' 'user_limit'
 'user_limit' 'user_limit' 'user_limit' 'user_limit' 'user_limit'
 'user_limit' 'user_limit' 'user_limit' 'user_limit' 'user_limit'
 'user_limit' 'user_limit' 'user_limit' 'user_limit' 'user_limit'
 'user_limit' 'user_limit' 'user_limit' 'user_limit' 'user_limit'
 'user_limit' 'user_limit' 'user_limit' 'user_limit' 'user_limit'
 'user_limit' 'user_limit' 'user_limit' 'user_limit' 'user_limit'
 'user_limit' 'user_limit' 'user_limit' 'user_limit' 'user_limit'
 'user_limit' 'user_limit' 'user_limit' 'user_limit' 'user_limit'
 'user_limit' 'user_limit' 'user_limit' 'user_limit' 'user_limit']","{'x_traj': array([[0.9999972 , 0.99594439, 0.00236432, ..., 0.28479732, 0.04106165,
        0.        ],
       [0.99999705, 0.99594601, 0.00242921, ..., 0.28479683, 0.04107327,
        0.        ],
       [0.99999689, 0.9959476 , 0.00249282, ..., 0.28479634, 0.04108467,
        0.        ],
       ...,
       [0.99998662, 0.99601399, 0.00517237, ..., 0.2847754 , 0.04156491,
        0.        ],
       [0.99998657, 0.99601422, 0.00518172, ..., 0.28477533, 0.04156658,
        0.        ],
       [0.99998653, 0.99601444, 0.00519088, ..., 0.28477526, 0.04156823,
        0.        ]], shape=(100, 11)), 'u_traj': array([[0., 0.],
       [0., 0.],
       [0., 0.],
       [0., 0.],
       [0., 0.],
       [0., 0.],
       [0., 0.],
       [0., 0.],
       [0., 0.],
       [0., 0.],
       [0., 0.],
       [0., 0.],
       [0., 0.],
       [0., 0.],
       [0., 0.],
       [0., 0.],
       [0., 0.],
       [0., 0.],
       [0., 0.],
       [0., 0.],
       [0., 0.],
       [0., 0.],
       [0., 0.],
       [0., 0.],
       [0., 0.],
       [0., 0.],
       [0., 0.],
       [0., 0.],
       [0., 0.],
       [0., 0.],
       [0., 0.],
       [0., 0.],
       [0., 0.],
       [0., 0.],
       [0., 0.],
       [0., 0.],
       [0., 0.],
       [0., 0.],
       [0., 0.],
       [0., 0.],
       [0., 0.],
       [0., 0.],
       [0., 0.],
       [0., 0.],
       [0., 0.],
       [0., 0.],
       [0., 0.],
       [0., 0.],
       [0., 0.],
       [0., 0.],
       [0., 0.],
       [0., 0.],
       [0., 0.],
       [0., 0.],
       [0., 0.],
       [0., 0.],
       [0., 0.],
       [0., 0.],
       [0., 0.],
       [0., 0.],
       [0., 0.],
       [0., 0.],
       [0., 0.],
       [0., 0.],
       [0., 0.],
       [0., 0.],
       [0., 0.],
       [0., 0.],
       [0., 0.],
       [0., 0.],
       [0., 0.],
       [0., 0.],
       [0., 0.],
       [0., 0.],
       [0., 0.],
       [0., 0.],
       [0., 0.],
       [0., 0.],
       [0., 0.],
       [0., 0.],
       [0., 0.],
       [0., 0.],
       [0., 0.],
       [0., 0.],
       [0., 0.],
       [0., 0.],
       [0., 0.],
       [0., 0.],
       [0., 0.],
       [0., 0.],
       [0., 0.],
       [0., 0.],
       [0., 0.],
       [0., 0.],
       [0., 0.],
       [0., 0.],
       [0., 0.],
       [0., 0.],
       [0., 0.],
       [0., 0.]]), 'target_traj': array([[0.043, 0.09 ],
       [0.043, 0.09 ],
       [0.043, 0.09 ],
       [0.043, 0.09 ],
       [0.043, 0.09 ],
       [0.043, 0.09 ],
       [0.043, 0.09 ],
       [0.043, 0.09 ],
       [0.043, 0.09 ],
       [0.043, 0.09 ],
       [0.043, 0.09 ],
       [0.043, 0.09 ],
       [0.043, 0.09 ],
       [0.043, 0.09 ],
       [0.043, 0.09 ],
       [0.043, 0.09 ],
       [0.043, 0.09 ],
       [0.043, 0.09 ],
       [0.043, 0.09 ],
       [0.043, 0.09 ],
       [0.043, 0.09 ],
       [0.043, 0.09 ],
       [0.043, 0.09 ],
       [0.043, 0.09 ],
       [0.043, 0.09 ],
       [0.043, 0.09 ],
       [0.043, 0.09 ],
       [0.043, 0.09 ],
       [0.043, 0.09 ],
       [0.043, 0.09 ],
       [0.043, 0.09 ],
       [0.043, 0.09 ],
       [0.043, 0.09 ],
       [0.043, 0.09 ],
       [0.043, 0.09 ],
       [0.043, 0.09 ],
       [0.043, 0.09 ],
       [0.043, 0.09 ],
       [0.043, 0.09 ],
       [0.043, 0.09 ],
       [0.043, 0.09 ],
       [0.043, 0.09 ],
       [0.043, 0.09 ],
       [0.043, 0.09 ],
       [0.043, 0.09 ],
       [0.043, 0.09 ],
       [0.043, 0.09 ],
       [0.043, 0.09 ],
       [0.043, 0.09 ],
       [0.043, 0.09 ],
       [0.043, 0.09 ],
       [0.043, 0.09 ],
       [0.043, 0.09 ],
       [0.043, 0.09 ],
       [0.043, 0.09 ],
       [0.043, 0.09 ],
       [0.043, 0.09 ],
       [0.043, 0.09 ],
       [0.043, 0.09 ],
       [0.043, 0.09 ],
       [0.043, 0.09 ],
       [0.043, 0.09 ],
       [0.043, 0.09 ],
       [0.043, 0.09 ],
       [0.043, 0.09 ],
       [0.043, 0.09 ],
       [0.043, 0.09 ],
       [0.043, 0.09 ],
       [0.043, 0.09 ],
       [0.043, 0.09 ],
       [0.043, 0.09 ],
       [0.043, 0.09 ],
       [0.043, 0.09 ],
       [0.043, 0.09 ],
       [0.043, 0.09 ],
       [0.043, 0.09 ],
       [0.043, 0.09 ],
       [0.043, 0.09 ],
       [0.043, 0.09 ],
       [0.043, 0.09 ],
       [0.043, 0.09 ],
       [0.043, 0.09 ],
       [0.043, 0.09 ],
       [0.043, 0.09 ],
       [0.043, 0.09 ],
       [0.043, 0.09 ],
       [0.043, 0.09 ],
       [0.043, 0.09 ],
       [0.043, 0.09 ],
       [0.043, 0.09 ],
       [0.043, 0.09 ],
       [0.043, 0.09 ],
       [0.043, 0.09 ],
       [0.043, 0.09 ],
       [0.043, 0.09 ],
       [0.043, 0.09 ],
       [0.043, 0.09 ],
       [0.043, 0.09 ],
       [0.043, 0.09 ],
       [0.043, 0.09 ]]), 'err': array([0.18457954, 0.18457408, 0.18456873, 0.18456348, 0.18455834,
       0.1845533 , 0.18454836, 0.18454352, 0.18453877, 0.18453412,
       0.18452956, 0.18452509, 0.18452071, 0.18451641, 0.1845122 ,
       0.18450807, 0.18450403, 0.18450006, 0.18449618, 0.18449237,
       0.18448863, 0.18448497, 0.18448138, 0.18447786, 0.18447442,
       0.18447103, 0.18446772, 0.18446447, 0.18446129, 0.18445817,
       0.18445511, 0.18445211, 0.18444917, 0.18444629, 0.18444347,
       0.1844407 , 0.18443799, 0.18443533, 0.18443272, 0.18443016,
       0.18442766, 0.1844252 , 0.1844228 , 0.18442044, 0.18441812,
       0.18441586, 0.18441363, 0.18441146, 0.18440932, 0.18440723,
       0.18440518, 0.18440316, 0.18440119, 0.18439926, 0.18439737,
       0.18439551, 0.18439369, 0.18439191, 0.18439016, 0.18438844,
       0.18438676, 0.18438511, 0.1843835 , 0.18438192, 0.18438037,
       0.18437885, 0.18437736, 0.18437589, 0.18437446, 0.18437306,
       0.18437168, 0.18437033, 0.18436901, 0.18436771, 0.18436644,
       0.1843652 , 0.18436398, 0.18436278, 0.18436161, 0.18436046,
       0.18435933, 0.18435823, 0.18435714, 0.18435608, 0.18435504,
       0.18435402, 0.18435302, 0.18435204, 0.18435108, 0.18435014,
       0.18434922, 0.18434831, 0.18434743, 0.18434656, 0.1843457 ,
       0.18434487, 0.18434405, 0.18434325, 0.18434246, 0.18434169])}"
1,fixed_k,iid,100,20,10.617474151254687,"[0.91187209 1.27038284 1.24367184 1.3080614  1.30963734 1.32654346
 1.31926999 1.32931206 1.31337002 1.32382449 1.30947586 1.32947977
 1.32612991 1.33099262 1.33074077 1.33475086 1.3321161  1.33147707
 1.32611567 1.33099163 1.3293173  1.32952609 1.327876   1.3344462
 1.32687078 1.33654069 1.32512957 1.33122545 1.32729388 1.31766105
 1.32093633 1.30821689 1.31156214 1.3296913  1.31031208 1.32281478
 1.3068159  1.31358547 1.32626645 1.32139754 1.32640828 1.31154171
 1.3252573  1.31785318 1.32758683 1.31338921 1.31428083 1.32822074
 1.32603012 1.33299943 1.33424472 1.33777185 1.32135323 1.32949024
 1.32226794 1.32930228 1.31180638 1.3204554  1.31217067 1.31236523
 1.32742478 1.31319906 1.31916748 1.31336682 1.32574171 1.30934233
 1.31981616 1.31144762 1.32386793 1.32615484 1.33098045 1.32168791
 1.32704417 1.314793   1.31996879 1.31052258 1.32384699 1.31396804
 1.31544026 1.32483103 1.31880513 1.31834925 1.31369554 1.31581669
 1.32446312 1.31338    1.31973277 1.32546779 1.33044731 1.31233537
 1.32433058 1.31840473 1.31924297 1.31139002 1.31680397 1.32372918
 1.30981609 1.32824437 1.31502254 1.31347465]",0.13604906954401788,0.18442414880289587,0,"[509.76215303 512.70006131 511.16488222 521.11355122 509.24955029
 505.54408133 518.92592106 509.21205245 516.52938407 512.03831658
 512.9772732  509.35696717 504.52993903 514.25704081 504.14232723
 505.6102667  507.53056258 510.95859613 514.54692055 509.7594792
 502.84310151 520.53517941 509.55815054 511.25510409 517.10228622
 515.00349119 509.11726989 506.5259235  507.87758641 504.57084924
 502.50279903 507.03514181 512.43382785 506.68011233 505.14136255
 505.76858222 511.67320833 502.10279319 505.85448928 519.0988332
 511.47010922 502.20741238 517.03497488 509.93971247 519.29455716
 505.80832642 509.74526443 510.14895178 504.91251238 514.84309696
 505.21611329 517.27665588 504.02200036 505.6124609  513.95350881
 504.22681682 505.80909196 509.31326393 513.65467906 507.71278981
 517.55753905 517.64036901 517.83110294 509.53980256 511.48622949
 507.43789133 504.8433505  505.67671936 506.6960305  513.89808953
 505.45995496 512.31201272 506.71949796 514.67617135 504.77836747
 512.12869212 509.17663611 507.46909529 518.83341372 511.55125722
 514.19249922 508.78348015 506.47552963 506.36503659 508.0653457
 505.36353886 508.68841633 505.95663767 512.69131899 515.53193294
 506.481505   513.06868624 507.77405966 515.26434626 508.72563198
 514.08807281 517.7095551  514.27537668 514.92020395 511.32577937]",0,0,"[1.95124740e-04 4.87879999e-05 7.49900260e-05 1.85132969e-04
 1.94682898e-04 9.74294389e-05 2.01256727e-04 1.01424437e-04
 1.94871743e-04 6.83981705e-05 1.42620129e-04 7.98478385e-05
 1.64042499e-04 1.46949733e-04 1.77706792e-04 1.48569535e-04
 1.24153989e-04 1.54443981e-04 1.92149003e-04 1.52484409e-04
 1.52059292e-04 1.73036295e-04 9.42168941e-05 1.45753259e-04
 1.52506023e-04 1.12517661e-04 1.76507791e-04 1.42808919e-04
 5.88643197e-05 2.07112471e-04 7.86944481e-05 1.94789819e-04
 1.55870059e-04 3.26985085e-05 1.75102526e-04 1.90430589e-05
 1.98108765e-04 4.69407809e-05 9.19953337e-05 1.79636449e-04
 2.88436350e-05 1.95383743e-04 6.22032791e-05 1.79773123e-04
 5.89192994e-05 1.34896263e-04 1.45231214e-04 1.00197379e-04
 1.69082561e-04 1.60575394e-04 1.12267305e-04 1.40887855e-04
 1.56547168e-04 2.25251543e-05 1.95866906e-04 9.79893057e-05
 1.89929909e-04 6.84272402e-05 1.27643124e-04 1.78514003e-04
 7.50051872e-05 1.89349861e-04 2.48234261e-05 2.10131518e-04
 4.32500577e-05 2.10796370e-04 5.08182391e-05 1.41841577e-04
 1.31611724e-04 8.76017342e-05 1.52082083e-04 1.92150420e-04
 2.04048657e-05 2.04425461e-04 1.15540761e-04 1.97412098e-04
 6.52345172e-05 1.27409801e-04 1.76594747e-04 1.16331690e-05
 1.87862067e-04 1.39570198e-04 7.89804799e-05 1.91625342e-04
 1.45708593e-04 1.91790043e-04 3.09827817e-05 2.04345603e-04
 1.13689883e-04 2.11642142e-04 6.16819842e-05 1.61421733e-04
 2.11073975e-04 2.85187127e-05 2.16232235e-04 2.07037587e-05
 2.11195294e-04 1.05703608e-04 2.04896320e-04 8.22960096e-05]","['user_limit' 'user_limit' 'user_limit' 'user_limit' 'user_limit'
 'user_limit' 'user_limit' 'user_limit' 'user_limit' 'user_limit'
 'user_limit' 'user_limit' 'user_limit' 'user_limit' 'user_limit'
 'user_limit' 'user_limit' 'user_limit' 'user_limit' 'user_limit'
 'user_limit' 'user_limit' 'user_limit' 'user_limit' 'user_limit'
 'user_limit' 'user_limit' 'user_limit' 'user_limit' 'user_limit'
 'user_limit' 'user_limit' 'user_limit' 'user_limit' 'user_limit'
 'user_limit' 'user_limit' 'user_limit' 'user_limit' 'user_limit'
 'user_limit' 'user_limit' 'user_limit' 'user_limit' 'user_limit'
 'user_limit' 'user_limit' 'user_limit' 'user_limit' 'user_limit'
 'user_limit' 'user_limit' 'user_limit' 'user_limit' 'user_limit'
 'user_limit' 'user_limit' 'user_limit' 'user_limit' 'user_limit'
 'user_limit' 'user_limit' 'user_limit' 'user_limit' 'user_limit'
 'user_limit' 'user_limit' 'user_limit' 'user_limit' 'user_limit'
 'user_limit' 'user_limit' 'user_limit' 'user_limit' 'user_limit'
 'user_limit' 'user_limit' 'user_limit' 'user_limit' 'user_limit'
 'user_limit' 'user_limit' 'user_limit' 'user_limit' 'user_limit'
 'user_limit' 'user_limit' 'user_limit' 'user_limit' 'user_limit'
 'user_limit' 'user_limit' 'user_limit' 'user_limit' 'user_limit'
 'user_limit' 'user_limit' 'user_limit' 'user_limit' 'user_limit']","{'x_traj': array([[0.9999972 , 0.99594439, 0.00236432, ..., 0.28479732, 0.04106165,
        0.        ],
       [0.99999705, 0.99594601, 0.00242921, ..., 0.28479683, 0.04107327,
        0.        ],
       [0.99999689, 0.9959476 , 0.00249282, ..., 0.28479634, 0.04108467,
        0.        ],
       ...,
       [0.99998662, 0.99601399, 0.00517237, ..., 0.2847754 , 0.04156491,
        0.        ],
       [0.99998657, 0.99601422, 0.00518172, ..., 0.28477533, 0.04156658,
        0.        ],
       [0.99998653, 0.99601444, 0.00519088, ..., 0.28477526, 0.04156823,
        0.        ]], shape=(100, 11)), 'u_traj': array([[0., 0.],
       [0., 0.],
       [0., 0.],
       [0., 0.],
       [0., 0.],
       [0., 0.],
       [0., 0.],
       [0., 0.],
       [0., 0.],
       [0., 0.],
       [0., 0.],
       [0., 0.],
       [0., 0.],
       [0., 0.],
       [0., 0.],
       [0., 0.],
       [0., 0.],
       [0., 0.],
       [0., 0.],
       [0., 0.],
       [0., 0.],
       [0., 0.],
       [0., 0.],
       [0., 0.],
       [0., 0.],
       [0., 0.],
       [0., 0.],
       [0., 0.],
       [0., 0.],
       [0., 0.],
       [0., 0.],
       [0., 0.],
       [0., 0.],
       [0., 0.],
       [0., 0.],
       [0., 0.],
       [0., 0.],
       [0., 0.],
       [0., 0.],
       [0., 0.],
       [0., 0.],
       [0., 0.],
       [0., 0.],
       [0., 0.],
       [0., 0.],
       [0., 0.],
       [0., 0.],
       [0., 0.],
       [0., 0.],
       [0., 0.],
       [0., 0.],
       [0., 0.],
       [0., 0.],
       [0., 0.],
       [0., 0.],
       [0., 0.],
       [0., 0.],
       [0., 0.],
       [0., 0.],
       [0., 0.],
       [0., 0.],
       [0., 0.],
       [0., 0.],
       [0., 0.],
       [0., 0.],
       [0., 0.],
       [0., 0.],
       [0., 0.],
       [0., 0.],
       [0., 0.],
       [0., 0.],
       [0., 0.],
       [0., 0.],
       [0., 0.],
       [0., 0.],
       [0., 0.],
       [0., 0.],
       [0., 0.],
       [0., 0.],
       [0., 0.],
       [0., 0.],
       [0., 0.],
       [0., 0.],
       [0., 0.],
       [0., 0.],
       [0., 0.],
       [0., 0.],
       [0., 0.],
       [0., 0.],
       [0., 0.],
       [0., 0.],
       [0., 0.],
       [0., 0.],
       [0., 0.],
       [0., 0.],
       [0., 0.],
       [0., 0.],
       [0., 0.],
       [0., 0.],
       [0., 0.]]), 'target_traj': array([[0.043, 0.09 ],
       [0.043, 0.09 ],
       [0.043, 0.09 ],
       [0.043, 0.09 ],
       [0.043, 0.09 ],
       [0.043, 0.09 ],
       [0.043, 0.09 ],
       [0.043, 0.09 ],
       [0.043, 0.09 ],
       [0.043, 0.09 ],
       [0.043, 0.09 ],
       [0.043, 0.09 ],
       [0.043, 0.09 ],
       [0.043, 0.09 ],
       [0.043, 0.09 ],
       [0.043, 0.09 ],
       [0.043, 0.09 ],
       [0.043, 0.09 ],
       [0.043, 0.09 ],
       [0.043, 0.09 ],
       [0.043, 0.09 ],
       [0.043, 0.09 ],
       [0.043, 0.09 ],
       [0.043, 0.09 ],
       [0.043, 0.09 ],
       [0.043, 0.09 ],
       [0.043, 0.09 ],
       [0.043, 0.09 ],
       [0.043, 0.09 ],
       [0.043, 0.09 ],
       [0.043, 0.09 ],
       [0.043, 0.09 ],
       [0.043, 0.09 ],
       [0.043, 0.09 ],
       [0.043, 0.09 ],
       [0.043, 0.09 ],
       [0.043, 0.09 ],
       [0.043, 0.09 ],
       [0.043, 0.09 ],
       [0.043, 0.09 ],
       [0.043, 0.09 ],
       [0.043, 0.09 ],
       [0.043, 0.09 ],
       [0.043, 0.09 ],
       [0.043, 0.09 ],
       [0.043, 0.09 ],
       [0.043, 0.09 ],
       [0.043, 0.09 ],
       [0.043, 0.09 ],
       [0.043, 0.09 ],
       [0.043, 0.09 ],
       [0.043, 0.09 ],
       [0.043, 0.09 ],
       [0.043, 0.09 ],
       [0.043, 0.09 ],
       [0.043, 0.09 ],
       [0.043, 0.09 ],
       [0.043, 0.09 ],
       [0.043, 0.09 ],
       [0.043, 0.09 ],
       [0.043, 0.09 ],
       [0.043, 0.09 ],
       [0.043, 0.09 ],
       [0.043, 0.09 ],
       [0.043, 0.09 ],
       [0.043, 0.09 ],
       [0.043, 0.09 ],
       [0.043, 0.09 ],
       [0.043, 0.09 ],
       [0.043, 0.09 ],
       [0.043, 0.09 ],
       [0.043, 0.09 ],
       [0.043, 0.09 ],
       [0.043, 0.09 ],
       [0.043, 0.09 ],
       [0.043, 0.09 ],
       [0.043, 0.09 ],
       [0.043, 0.09 ],
       [0.043, 0.09 ],
       [0.043, 0.09 ],
       [0.043, 0.09 ],
       [0.043, 0.09 ],
       [0.043, 0.09 ],
       [0.043, 0.09 ],
       [0.043, 0.09 ],
       [0.043, 0.09 ],
       [0.043, 0.09 ],
       [0.043, 0.09 ],
       [0.043, 0.09 ],
       [0.043, 0.09 ],
       [0.043, 0.09 ],
       [0.043, 0.09 ],
       [0.043, 0.09 ],
       [0.043, 0.09 ],
       [0.043, 0.09 ],
       [0.043, 0.09 ],
       [0.043, 0.09 ],
       [0.043, 0.09 ],
       [0.043, 0.09 ],
       [0.043, 0.09 ]]), 'err': array([0.18457954, 0.18457408, 0.18456873, 0.18456348, 0.18455834,
       0.1845533 , 0.18454836, 0.18454352, 0.18453877, 0.18453412,
       0.18452956, 0.18452509, 0.18452071, 0.18451641, 0.1845122 ,
       0.18450807, 0.18450403, 0.18450006, 0.18449618, 0.18449237,
       0.18448863, 0.18448497, 0.18448138, 0.18447786, 0.18447442,
       0.18447103, 0.18446772, 0.18446447, 0.18446129, 0.18445817,
       0.18445511, 0.18445211, 0.18444917, 0.18444629, 0.18444347,
       0.1844407 , 0.18443799, 0.18443533, 0.18443272, 0.18443016,
       0.18442766, 0.1844252 , 0.1844228 , 0.18442044, 0.18441812,
       0.18441586, 0.18441363, 0.18441146, 0.18440932, 0.18440723,
       0.18440518, 0.18440316, 0.18440119, 0.18439926, 0.18439737,
       0.18439551, 0.18439369, 0.18439191, 0.18439016, 0.18438844,
       0.18438676, 0.18438511, 0.1843835 , 0.18438192, 0.18438037,
       0.18437885, 0.18437736, 0.18437589, 0.18437446, 0.18437306,
       0.18437168, 0.18437033, 0.18436901, 0.18436771, 0.18436644,
       0.1843652 , 0.18436398, 0.18436278, 0.18436161, 0.18436046,
       0.18435933, 0.18435823, 0.18435714, 0.18435608, 0.18435504,
       0.18435402, 0.18435302, 0.18435204, 0.18435108, 0.18435014,
       0.18434922, 0.18434831, 0.18434743, 0.18434656, 0.1843457 ,
       0.18434487, 0.18434405, 0.18434325, 0.18434246, 0.18434169])}"
1,fixed_k,iid,100,30,10.617474151254687,"[0.91187209 1.27038284 1.24367184 1.3080614  1.30963734 1.32654346
 1.31926999 1.32931206 1.31337002 1.32382449 1.30947586 1.32947977
 1.32612991 1.33099262 1.33074077 1.33475086 1.3321161  1.33147707
 1.32611567 1.33099163 1.3293173  1.32952609 1.327876   1.3344462
 1.32687078 1.33654069 1.32512957 1.33122545 1.32729388 1.31766105
 1.32093633 1.30821689 1.31156214 1.3296913  1.31031208 1.32281478
 1.3068159  1.31358547 1.32626645 1.32139754 1.32640828 1.31154171
 1.3252573  1.31785318 1.32758683 1.31338921 1.31428083 1.32822074
 1.32603012 1.33299943 1.33424472 1.33777185 1.32135323 1.32949024
 1.32226794 1.32930228 1.31180638 1.3204554  1.31217067 1.31236523
 1.32742478 1.31319906 1.31916748 1.31336682 1.32574171 1.30934233
 1.31981616 1.31144762 1.32386793 1.32615484 1.33098045 1.32168791
 1.32704417 1.314793   1.31996879 1.31052258 1.32384699 1.31396804
 1.31544026 1.32483103 1.31880513 1.31834925 1.31369554 1.31581669
 1.32446312 1.31338    1.31973277 1.32546779 1.33044731 1.31233537
 1.32433058 1.31840473 1.31924297 1.31139002 1.31680397 1.32372918
 1.30981609 1.32824437 1.31502254 1.31347465]",0.13604906954401788,0.18442414880289587,0,"[509.04932246 511.30581554 515.75429738 505.47603145 509.39645153
 505.33348322 506.07326813 515.55770915 512.38144934 516.51973277
 513.73668201 506.26232661 523.58318958 506.71213027 507.99420942
 507.3922351  507.44302571 515.35015833 505.79440128 512.26318628
 506.19677082 506.09563664 513.98544014 512.391367   505.49821742
 503.13472096 506.54065702 525.83138458 509.85021051 509.11180023
 513.77407741 511.65601425 515.71210194 509.38966498 511.11001521
 507.50553608 505.93123399 514.08571377 512.54824083 506.81713969
 507.4055912  505.44359069 518.36159453 506.43457938 510.92507597
 513.64493277 506.04667142 515.39893262 518.84142496 518.90386175
 505.64426929 506.13099895 509.73212998 511.83837559 507.45848939
 503.95454187 507.04862829 513.02449033 507.97051657 506.27648551
 511.72873564 506.39161561 506.67318515 655.96870426 514.08394519
 508.68730806 518.7262306  515.05822223 514.98313155 509.42944922
 506.91371132 515.28803725 516.50252845 505.2801799  519.38921027
 511.45345531 508.67260061 510.18794626 508.22850317 511.7252348
 506.78669196 514.27017245 511.85453776 509.41106211 514.37939145
 509.33452696 510.69710497 508.82068742 509.4855614  507.87024852
 509.75146238 504.29774635 509.51075926 505.90160862 510.70440374
 506.30936027 508.91304482 507.9261791  512.95528561 512.05752976]",0,0,"[1.95124740e-04 4.87879999e-05 7.49900260e-05 1.85132969e-04
 1.94682898e-04 9.74294389e-05 2.01256727e-04 1.01424437e-04
 1.94871743e-04 6.83981705e-05 1.42620129e-04 7.98478385e-05
 1.64042499e-04 1.46949733e-04 1.77706792e-04 1.48569535e-04
 1.24153989e-04 1.54443981e-04 1.92149003e-04 1.52484409e-04
 1.52059292e-04 1.73036295e-04 9.42168941e-05 1.45753259e-04
 1.52506023e-04 1.12517661e-04 1.76507791e-04 1.42808919e-04
 5.88643197e-05 2.07112471e-04 7.86944481e-05 1.94789819e-04
 1.55870059e-04 3.26985085e-05 1.75102526e-04 1.90430589e-05
 1.98108765e-04 4.69407809e-05 9.19953337e-05 1.79636449e-04
 2.88436350e-05 1.95383743e-04 6.22032791e-05 1.79773123e-04
 5.89192994e-05 1.34896263e-04 1.45231214e-04 1.00197379e-04
 1.69082561e-04 1.60575394e-04 1.12267305e-04 1.40887855e-04
 1.56547168e-04 2.25251543e-05 1.95866906e-04 9.79893057e-05
 1.89929909e-04 6.84272402e-05 1.27643124e-04 1.78514003e-04
 7.50051872e-05 1.89349861e-04 2.48234261e-05 2.10131518e-04
 4.32500577e-05 2.10796370e-04 5.08182391e-05 1.41841577e-04
 1.31611724e-04 8.76017342e-05 1.52082083e-04 1.92150420e-04
 2.04048657e-05 2.04425461e-04 1.15540761e-04 1.97412098e-04
 6.52345172e-05 1.27409801e-04 1.76594747e-04 1.16331690e-05
 1.87862067e-04 1.39570198e-04 7.89804799e-05 1.91625342e-04
 1.45708593e-04 1.91790043e-04 3.09827817e-05 2.04345603e-04
 1.13689883e-04 2.11642142e-04 6.16819842e-05 1.61421733e-04
 2.11073975e-04 2.85187127e-05 2.16232235e-04 2.07037587e-05
 2.11195294e-04 1.05703608e-04 2.04896320e-04 8.22960096e-05]","['user_limit' 'user_limit' 'user_limit' 'user_limit' 'user_limit'
 'user_limit' 'user_limit' 'user_limit' 'user_limit' 'user_limit'
 'user_limit' 'user_limit' 'user_limit' 'user_limit' 'user_limit'
 'user_limit' 'user_limit' 'user_limit' 'user_limit' 'user_limit'
 'user_limit' 'user_limit' 'user_limit' 'user_limit' 'user_limit'
 'user_limit' 'user_limit' 'user_limit' 'user_limit' 'user_limit'
 'user_limit' 'user_limit' 'user_limit' 'user_limit' 'user_limit'
 'user_limit' 'user_limit' 'user_limit' 'user_limit' 'user_limit'
 'user_limit' 'user_limit' 'user_limit' 'user_limit' 'user_limit'
 'user_limit' 'user_limit' 'user_limit' 'user_limit' 'user_limit'
 'user_limit' 'user_limit' 'user_limit' 'user_limit' 'user_limit'
 'user_limit' 'user_limit' 'user_limit' 'user_limit' 'user_limit'
 'user_limit' 'user_limit' 'user_limit' 'user_limit' 'user_limit'
 'user_limit' 'user_limit' 'user_limit' 'user_limit' 'user_limit'
 'user_limit' 'user_limit' 'user_limit' 'user_limit' 'user_limit'
 'user_limit' 'user_limit' 'user_limit' 'user_limit' 'user_limit'
 'user_limit' 'user_limit' 'user_limit' 'user_limit' 'user_limit'
 'user_limit' 'user_limit' 'user_limit' 'user_limit' 'user_limit'
 'user_limit' 'user_limit' 'user_limit' 'user_limit' 'user_limit'
 'user_limit' 'user_limit' 'user_limit' 'user_limit' 'user_limit']","{'x_traj': array([[0.9999972 , 0.99594439, 0.00236432, ..., 0.28479732, 0.04106165,
        0.        ],
       [0.99999705, 0.99594601, 0.00242921, ..., 0.28479683, 0.04107327,
        0.        ],
       [0.99999689, 0.9959476 , 0.00249282, ..., 0.28479634, 0.04108467,
        0.        ],
       ...,
       [0.99998662, 0.99601399, 0.00517237, ..., 0.2847754 , 0.04156491,
        0.        ],
       [0.99998657, 0.99601422, 0.00518172, ..., 0.28477533, 0.04156658,
        0.        ],
       [0.99998653, 0.99601444, 0.00519088, ..., 0.28477526, 0.04156823,
        0.        ]], shape=(100, 11)), 'u_traj': array([[0., 0.],
       [0., 0.],
       [0., 0.],
       [0., 0.],
       [0., 0.],
       [0., 0.],
       [0., 0.],
       [0., 0.],
       [0., 0.],
       [0., 0.],
       [0., 0.],
       [0., 0.],
       [0., 0.],
       [0., 0.],
       [0., 0.],
       [0., 0.],
       [0., 0.],
       [0., 0.],
       [0., 0.],
       [0., 0.],
       [0., 0.],
       [0., 0.],
       [0., 0.],
       [0., 0.],
       [0., 0.],
       [0., 0.],
       [0., 0.],
       [0., 0.],
       [0., 0.],
       [0., 0.],
       [0., 0.],
       [0., 0.],
       [0., 0.],
       [0., 0.],
       [0., 0.],
       [0., 0.],
       [0., 0.],
       [0., 0.],
       [0., 0.],
       [0., 0.],
       [0., 0.],
       [0., 0.],
       [0., 0.],
       [0., 0.],
       [0., 0.],
       [0., 0.],
       [0., 0.],
       [0., 0.],
       [0., 0.],
       [0., 0.],
       [0., 0.],
       [0., 0.],
       [0., 0.],
       [0., 0.],
       [0., 0.],
       [0., 0.],
       [0., 0.],
       [0., 0.],
       [0., 0.],
       [0., 0.],
       [0., 0.],
       [0., 0.],
       [0., 0.],
       [0., 0.],
       [0., 0.],
       [0., 0.],
       [0., 0.],
       [0., 0.],
       [0., 0.],
       [0., 0.],
       [0., 0.],
       [0., 0.],
       [0., 0.],
       [0., 0.],
       [0., 0.],
       [0., 0.],
       [0., 0.],
       [0., 0.],
       [0., 0.],
       [0., 0.],
       [0., 0.],
       [0., 0.],
       [0., 0.],
       [0., 0.],
       [0., 0.],
       [0., 0.],
       [0., 0.],
       [0., 0.],
       [0., 0.],
       [0., 0.],
       [0., 0.],
       [0., 0.],
       [0., 0.],
       [0., 0.],
       [0., 0.],
       [0., 0.],
       [0., 0.],
       [0., 0.],
       [0., 0.],
       [0., 0.]]), 'target_traj': array([[0.043, 0.09 ],
       [0.043, 0.09 ],
       [0.043, 0.09 ],
       [0.043, 0.09 ],
       [0.043, 0.09 ],
       [0.043, 0.09 ],
       [0.043, 0.09 ],
       [0.043, 0.09 ],
       [0.043, 0.09 ],
       [0.043, 0.09 ],
       [0.043, 0.09 ],
       [0.043, 0.09 ],
       [0.043, 0.09 ],
       [0.043, 0.09 ],
       [0.043, 0.09 ],
       [0.043, 0.09 ],
       [0.043, 0.09 ],
       [0.043, 0.09 ],
       [0.043, 0.09 ],
       [0.043, 0.09 ],
       [0.043, 0.09 ],
       [0.043, 0.09 ],
       [0.043, 0.09 ],
       [0.043, 0.09 ],
       [0.043, 0.09 ],
       [0.043, 0.09 ],
       [0.043, 0.09 ],
       [0.043, 0.09 ],
       [0.043, 0.09 ],
       [0.043, 0.09 ],
       [0.043, 0.09 ],
       [0.043, 0.09 ],
       [0.043, 0.09 ],
       [0.043, 0.09 ],
       [0.043, 0.09 ],
       [0.043, 0.09 ],
       [0.043, 0.09 ],
       [0.043, 0.09 ],
       [0.043, 0.09 ],
       [0.043, 0.09 ],
       [0.043, 0.09 ],
       [0.043, 0.09 ],
       [0.043, 0.09 ],
       [0.043, 0.09 ],
       [0.043, 0.09 ],
       [0.043, 0.09 ],
       [0.043, 0.09 ],
       [0.043, 0.09 ],
       [0.043, 0.09 ],
       [0.043, 0.09 ],
       [0.043, 0.09 ],
       [0.043, 0.09 ],
       [0.043, 0.09 ],
       [0.043, 0.09 ],
       [0.043, 0.09 ],
       [0.043, 0.09 ],
       [0.043, 0.09 ],
       [0.043, 0.09 ],
       [0.043, 0.09 ],
       [0.043, 0.09 ],
       [0.043, 0.09 ],
       [0.043, 0.09 ],
       [0.043, 0.09 ],
       [0.043, 0.09 ],
       [0.043, 0.09 ],
       [0.043, 0.09 ],
       [0.043, 0.09 ],
       [0.043, 0.09 ],
       [0.043, 0.09 ],
       [0.043, 0.09 ],
       [0.043, 0.09 ],
       [0.043, 0.09 ],
       [0.043, 0.09 ],
       [0.043, 0.09 ],
       [0.043, 0.09 ],
       [0.043, 0.09 ],
       [0.043, 0.09 ],
       [0.043, 0.09 ],
       [0.043, 0.09 ],
       [0.043, 0.09 ],
       [0.043, 0.09 ],
       [0.043, 0.09 ],
       [0.043, 0.09 ],
       [0.043, 0.09 ],
       [0.043, 0.09 ],
       [0.043, 0.09 ],
       [0.043, 0.09 ],
       [0.043, 0.09 ],
       [0.043, 0.09 ],
       [0.043, 0.09 ],
       [0.043, 0.09 ],
       [0.043, 0.09 ],
       [0.043, 0.09 ],
       [0.043, 0.09 ],
       [0.043, 0.09 ],
       [0.043, 0.09 ],
       [0.043, 0.09 ],
       [0.043, 0.09 ],
       [0.043, 0.09 ],
       [0.043, 0.09 ]]), 'err': array([0.18457954, 0.18457408, 0.18456873, 0.18456348, 0.18455834,
       0.1845533 , 0.18454836, 0.18454352, 0.18453877, 0.18453412,
       0.18452956, 0.18452509, 0.18452071, 0.18451641, 0.1845122 ,
       0.18450807, 0.18450403, 0.18450006, 0.18449618, 0.18449237,
       0.18448863, 0.18448497, 0.18448138, 0.18447786, 0.18447442,
       0.18447103, 0.18446772, 0.18446447, 0.18446129, 0.18445817,
       0.18445511, 0.18445211, 0.18444917, 0.18444629, 0.18444347,
       0.1844407 , 0.18443799, 0.18443533, 0.18443272, 0.18443016,
       0.18442766, 0.1844252 , 0.1844228 , 0.18442044, 0.18441812,
       0.18441586, 0.18441363, 0.18441146, 0.18440932, 0.18440723,
       0.18440518, 0.18440316, 0.18440119, 0.18439926, 0.18439737,
       0.18439551, 0.18439369, 0.18439191, 0.18439016, 0.18438844,
       0.18438676, 0.18438511, 0.1843835 , 0.18438192, 0.18438037,
       0.18437885, 0.18437736, 0.18437589, 0.18437446, 0.18437306,
       0.18437168, 0.18437033, 0.18436901, 0.18436771, 0.18436644,
       0.1843652 , 0.18436398, 0.18436278, 0.18436161, 0.18436046,
       0.18435933, 0.18435823, 0.18435714, 0.18435608, 0.18435504,
       0.18435402, 0.18435302, 0.18435204, 0.18435108, 0.18435014,
       0.18434922, 0.18434831, 0.18434743, 0.18434656, 0.1843457 ,
       0.18434487, 0.18434405, 0.18434325, 0.18434246, 0.18434169])}"
1,fixed_k,iid,100,40,10.617474151254687,"[0.91187209 1.27038284 1.24367184 1.3080614  1.30963734 1.32654346
 1.31926999 1.32931206 1.31337002 1.32382449 1.30947586 1.32947977
 1.32612991 1.33099262 1.33074077 1.33475086 1.3321161  1.33147707
 1.32611567 1.33099163 1.3293173  1.32952609 1.327876   1.3344462
 1.32687078 1.33654069 1.32512957 1.33122545 1.32729388 1.31766105
 1.32093633 1.30821689 1.31156214 1.3296913  1.31031208 1.32281478
 1.3068159  1.31358547 1.32626645 1.32139754 1.32640828 1.31154171
 1.3252573  1.31785318 1.32758683 1.31338921 1.31428083 1.32822074
 1.32603012 1.33299943 1.33424472 1.33777185 1.32135323 1.32949024
 1.32226794 1.32930228 1.31180638 1.3204554  1.31217067 1.31236523
 1.32742478 1.31319906 1.31916748 1.31336682 1.32574171 1.30934233
 1.31981616 1.31144762 1.32386793 1.32615484 1.33098045 1.32168791
 1.32704417 1.314793   1.31996879 1.31052258 1.32384699 1.31396804
 1.31544026 1.32483103 1.31880513 1.31834925 1.31369554 1.31581669
 1.32446312 1.31338    1.31973277 1.32546779 1.33044731 1.31233537
 1.32433058 1.31840473 1.31924297 1.31139002 1.31680397 1.32372918
 1.30981609 1.32824437 1.31502254 1.31347465]",0.13604906954401788,0.18442414880289587,0,"[512.99806964 518.89243349 508.97275191 521.16335277 507.40825664
 513.01209442 516.02910925 512.74521742 504.36923373 517.88716391
 505.38835302 521.53465152 508.75204429 511.61229145 507.82151613
 506.84938207 524.05241784 507.35360477 517.58838817 512.8873447
 510.44120826 516.67035464 512.9465675  507.39775598 506.94820005
 506.88119419 516.90969244 509.78487357 503.60115059 512.46177871
 506.9958875  514.78092372 505.17119654 512.57690135 513.3328978
 505.58792613 511.22863684 516.50529448 508.1679849  506.82518259
 506.98464829 509.81291756 503.45161743 504.8670629  510.52026264
 505.70784789 505.77508379 504.26448137 514.08656407 508.68268311
 503.95133812 506.43808953 515.88351931 505.37228677 504.01907042
 518.46149378 511.62155159 506.00125268 505.77134825 510.33470966
 507.2404677  506.53708167 507.88374059 512.00699434 504.47759032
 506.2953569  507.72649888 518.86639278 518.38693768 519.01968103
 524.91447609 521.79489657 522.35245984 526.85738448 524.0083579
 519.80257686 521.21219132 523.79139513 519.89186648 520.77168319
 525.69902875 524.3827831  518.00580509 520.45562863 520.7671104
 523.35244883 522.00768888 523.1455341  522.68156875 518.5008375
 525.05551279 525.16726777 522.64401689 520.55253368 518.29683036
 520.72381135 524.9044681  521.60347067 518.41140166 522.86347002]",0,0,"[1.95124740e-04 4.87879999e-05 7.49900260e-05 1.85132969e-04
 1.94682898e-04 9.74294389e-05 2.01256727e-04 1.01424437e-04
 1.94871743e-04 6.83981705e-05 1.42620129e-04 7.98478385e-05
 1.64042499e-04 1.46949733e-04 1.77706792e-04 1.48569535e-04
 1.24153989e-04 1.54443981e-04 1.92149003e-04 1.52484409e-04
 1.52059292e-04 1.73036295e-04 9.42168941e-05 1.45753259e-04
 1.52506023e-04 1.12517661e-04 1.76507791e-04 1.42808919e-04
 5.88643197e-05 2.07112471e-04 7.86944481e-05 1.94789819e-04
 1.55870059e-04 3.26985085e-05 1.75102526e-04 1.90430589e-05
 1.98108765e-04 4.69407809e-05 9.19953337e-05 1.79636449e-04
 2.88436350e-05 1.95383743e-04 6.22032791e-05 1.79773123e-04
 5.89192994e-05 1.34896263e-04 1.45231214e-04 1.00197379e-04
 1.69082561e-04 1.60575394e-04 1.12267305e-04 1.40887855e-04
 1.56547168e-04 2.25251543e-05 1.95866906e-04 9.79893057e-05
 1.89929909e-04 6.84272402e-05 1.27643124e-04 1.78514003e-04
 7.50051872e-05 1.89349861e-04 2.48234261e-05 2.10131518e-04
 4.32500577e-05 2.10796370e-04 5.08182391e-05 1.41841577e-04
 1.31611724e-04 8.76017342e-05 1.52082083e-04 1.92150420e-04
 2.04048657e-05 2.04425461e-04 1.15540761e-04 1.97412098e-04
 6.52345172e-05 1.27409801e-04 1.76594747e-04 1.16331690e-05
 1.87862067e-04 1.39570198e-04 7.89804799e-05 1.91625342e-04
 1.45708593e-04 1.91790043e-04 3.09827817e-05 2.04345603e-04
 1.13689883e-04 2.11642142e-04 6.16819842e-05 1.61421733e-04
 2.11073975e-04 2.85187127e-05 2.16232235e-04 2.07037587e-05
 2.11195294e-04 1.05703608e-04 2.04896320e-04 8.22960096e-05]","['user_limit' 'user_limit' 'user_limit' 'user_limit' 'user_limit'
 'user_limit' 'user_limit' 'user_limit' 'user_limit' 'user_limit'
 'user_limit' 'user_limit' 'user_limit' 'user_limit' 'user_limit'
 'user_limit' 'user_limit' 'user_limit' 'user_limit' 'user_limit'
 'user_limit' 'user_limit' 'user_limit' 'user_limit' 'user_limit'
 'user_limit' 'user_limit' 'user_limit' 'user_limit' 'user_limit'
 'user_limit' 'user_limit' 'user_limit' 'user_limit' 'user_limit'
 'user_limit' 'user_limit' 'user_limit' 'user_limit' 'user_limit'
 'user_limit' 'user_limit' 'user_limit' 'user_limit' 'user_limit'
 'user_limit' 'user_limit' 'user_limit' 'user_limit' 'user_limit'
 'user_limit' 'user_limit' 'user_limit' 'user_limit' 'user_limit'
 'user_limit' 'user_limit' 'user_limit' 'user_limit' 'user_limit'
 'user_limit' 'user_limit' 'user_limit' 'user_limit' 'user_limit'
 'user_limit' 'user_limit' 'user_limit' 'user_limit' 'user_limit'
 'user_limit' 'user_limit' 'user_limit' 'user_limit' 'user_limit'
 'user_limit' 'user_limit' 'user_limit' 'user_limit' 'user_limit'
 'user_limit' 'user_limit' 'user_limit' 'user_limit' 'user_limit'
 'user_limit' 'user_limit' 'user_limit' 'user_limit' 'user_limit'
 'user_limit' 'user_limit' 'user_limit' 'user_limit' 'user_limit'
 'user_limit' 'user_limit' 'user_limit' 'user_limit' 'user_limit']","{'x_traj': array([[0.9999972 , 0.99594439, 0.00236432, ..., 0.28479732, 0.04106165,
        0.        ],
       [0.99999705, 0.99594601, 0.00242921, ..., 0.28479683, 0.04107327,
        0.        ],
       [0.99999689, 0.9959476 , 0.00249282, ..., 0.28479634, 0.04108467,
        0.        ],
       ...,
       [0.99998662, 0.99601399, 0.00517237, ..., 0.2847754 , 0.04156491,
        0.        ],
       [0.99998657, 0.99601422, 0.00518172, ..., 0.28477533, 0.04156658,
        0.        ],
       [0.99998653, 0.99601444, 0.00519088, ..., 0.28477526, 0.04156823,
        0.        ]], shape=(100, 11)), 'u_traj': array([[0., 0.],
       [0., 0.],
       [0., 0.],
       [0., 0.],
       [0., 0.],
       [0., 0.],
       [0., 0.],
       [0., 0.],
       [0., 0.],
       [0., 0.],
       [0., 0.],
       [0., 0.],
       [0., 0.],
       [0., 0.],
       [0., 0.],
       [0., 0.],
       [0., 0.],
       [0., 0.],
       [0., 0.],
       [0., 0.],
       [0., 0.],
       [0., 0.],
       [0., 0.],
       [0., 0.],
       [0., 0.],
       [0., 0.],
       [0., 0.],
       [0., 0.],
       [0., 0.],
       [0., 0.],
       [0., 0.],
       [0., 0.],
       [0., 0.],
       [0., 0.],
       [0., 0.],
       [0., 0.],
       [0., 0.],
       [0., 0.],
       [0., 0.],
       [0., 0.],
       [0., 0.],
       [0., 0.],
       [0., 0.],
       [0., 0.],
       [0., 0.],
       [0., 0.],
       [0., 0.],
       [0., 0.],
       [0., 0.],
       [0., 0.],
       [0., 0.],
       [0., 0.],
       [0., 0.],
       [0., 0.],
       [0., 0.],
       [0., 0.],
       [0., 0.],
       [0., 0.],
       [0., 0.],
       [0., 0.],
       [0., 0.],
       [0., 0.],
       [0., 0.],
       [0., 0.],
       [0., 0.],
       [0., 0.],
       [0., 0.],
       [0., 0.],
       [0., 0.],
       [0., 0.],
       [0., 0.],
       [0., 0.],
       [0., 0.],
       [0., 0.],
       [0., 0.],
       [0., 0.],
       [0., 0.],
       [0., 0.],
       [0., 0.],
       [0., 0.],
       [0., 0.],
       [0., 0.],
       [0., 0.],
       [0., 0.],
       [0., 0.],
       [0., 0.],
       [0., 0.],
       [0., 0.],
       [0., 0.],
       [0., 0.],
       [0., 0.],
       [0., 0.],
       [0., 0.],
       [0., 0.],
       [0., 0.],
       [0., 0.],
       [0., 0.],
       [0., 0.],
       [0., 0.],
       [0., 0.]]), 'target_traj': array([[0.043, 0.09 ],
       [0.043, 0.09 ],
       [0.043, 0.09 ],
       [0.043, 0.09 ],
       [0.043, 0.09 ],
       [0.043, 0.09 ],
       [0.043, 0.09 ],
       [0.043, 0.09 ],
       [0.043, 0.09 ],
       [0.043, 0.09 ],
       [0.043, 0.09 ],
       [0.043, 0.09 ],
       [0.043, 0.09 ],
       [0.043, 0.09 ],
       [0.043, 0.09 ],
       [0.043, 0.09 ],
       [0.043, 0.09 ],
       [0.043, 0.09 ],
       [0.043, 0.09 ],
       [0.043, 0.09 ],
       [0.043, 0.09 ],
       [0.043, 0.09 ],
       [0.043, 0.09 ],
       [0.043, 0.09 ],
       [0.043, 0.09 ],
       [0.043, 0.09 ],
       [0.043, 0.09 ],
       [0.043, 0.09 ],
       [0.043, 0.09 ],
       [0.043, 0.09 ],
       [0.043, 0.09 ],
       [0.043, 0.09 ],
       [0.043, 0.09 ],
       [0.043, 0.09 ],
       [0.043, 0.09 ],
       [0.043, 0.09 ],
       [0.043, 0.09 ],
       [0.043, 0.09 ],
       [0.043, 0.09 ],
       [0.043, 0.09 ],
       [0.043, 0.09 ],
       [0.043, 0.09 ],
       [0.043, 0.09 ],
       [0.043, 0.09 ],
       [0.043, 0.09 ],
       [0.043, 0.09 ],
       [0.043, 0.09 ],
       [0.043, 0.09 ],
       [0.043, 0.09 ],
       [0.043, 0.09 ],
       [0.043, 0.09 ],
       [0.043, 0.09 ],
       [0.043, 0.09 ],
       [0.043, 0.09 ],
       [0.043, 0.09 ],
       [0.043, 0.09 ],
       [0.043, 0.09 ],
       [0.043, 0.09 ],
       [0.043, 0.09 ],
       [0.043, 0.09 ],
       [0.043, 0.09 ],
       [0.043, 0.09 ],
       [0.043, 0.09 ],
       [0.043, 0.09 ],
       [0.043, 0.09 ],
       [0.043, 0.09 ],
       [0.043, 0.09 ],
       [0.043, 0.09 ],
       [0.043, 0.09 ],
       [0.043, 0.09 ],
       [0.043, 0.09 ],
       [0.043, 0.09 ],
       [0.043, 0.09 ],
       [0.043, 0.09 ],
       [0.043, 0.09 ],
       [0.043, 0.09 ],
       [0.043, 0.09 ],
       [0.043, 0.09 ],
       [0.043, 0.09 ],
       [0.043, 0.09 ],
       [0.043, 0.09 ],
       [0.043, 0.09 ],
       [0.043, 0.09 ],
       [0.043, 0.09 ],
       [0.043, 0.09 ],
       [0.043, 0.09 ],
       [0.043, 0.09 ],
       [0.043, 0.09 ],
       [0.043, 0.09 ],
       [0.043, 0.09 ],
       [0.043, 0.09 ],
       [0.043, 0.09 ],
       [0.043, 0.09 ],
       [0.043, 0.09 ],
       [0.043, 0.09 ],
       [0.043, 0.09 ],
       [0.043, 0.09 ],
       [0.043, 0.09 ],
       [0.043, 0.09 ],
       [0.043, 0.09 ]]), 'err': array([0.18457954, 0.18457408, 0.18456873, 0.18456348, 0.18455834,
       0.1845533 , 0.18454836, 0.18454352, 0.18453877, 0.18453412,
       0.18452956, 0.18452509, 0.18452071, 0.18451641, 0.1845122 ,
       0.18450807, 0.18450403, 0.18450006, 0.18449618, 0.18449237,
       0.18448863, 0.18448497, 0.18448138, 0.18447786, 0.18447442,
       0.18447103, 0.18446772, 0.18446447, 0.18446129, 0.18445817,
       0.18445511, 0.18445211, 0.18444917, 0.18444629, 0.18444347,
       0.1844407 , 0.18443799, 0.18443533, 0.18443272, 0.18443016,
       0.18442766, 0.1844252 , 0.1844228 , 0.18442044, 0.18441812,
       0.18441586, 0.18441363, 0.18441146, 0.18440932, 0.18440723,
       0.18440518, 0.18440316, 0.18440119, 0.18439926, 0.18439737,
       0.18439551, 0.18439369, 0.18439191, 0.18439016, 0.18438844,
       0.18438676, 0.18438511, 0.1843835 , 0.18438192, 0.18438037,
       0.18437885, 0.18437736, 0.18437589, 0.18437446, 0.18437306,
       0.18437168, 0.18437033, 0.18436901, 0.18436771, 0.18436644,
       0.1843652 , 0.18436398, 0.18436278, 0.18436161, 0.18436046,
       0.18435933, 0.18435823, 0.18435714, 0.18435608, 0.18435504,
       0.18435402, 0.18435302, 0.18435204, 0.18435108, 0.18435014,
       0.18434922, 0.18434831, 0.18434743, 0.18434656, 0.1843457 ,
       0.18434487, 0.18434405, 0.18434325, 0.18434246, 0.18434169])}"
1,fixed_k,iid,100,50,10.617474151254687,"[0.91187209 1.27038284 1.24367184 1.3080614  1.30963734 1.32654346
 1.31926999 1.32931206 1.31337002 1.32382449 1.30947586 1.32947977
 1.32612991 1.33099262 1.33074077 1.33475086 1.3321161  1.33147707
 1.32611567 1.33099163 1.3293173  1.32952609 1.327876   1.3344462
 1.32687078 1.33654069 1.32512957 1.33122545 1.32729388 1.31766105
 1.32093633 1.30821689 1.31156214 1.3296913  1.31031208 1.32281478
 1.3068159  1.31358547 1.32626645 1.32139754 1.32640828 1.31154171
 1.3252573  1.31785318 1.32758683 1.31338921 1.31428083 1.32822074
 1.32603012 1.33299943 1.33424472 1.33777185 1.32135323 1.32949024
 1.32226794 1.32930228 1.31180638 1.3204554  1.31217067 1.31236523
 1.32742478 1.31319906 1.31916748 1.31336682 1.32574171 1.30934233
 1.31981616 1.31144762 1.32386793 1.32615484 1.33098045 1.32168791
 1.32704417 1.314793   1.31996879 1.31052258 1.32384699 1.31396804
 1.31544026 1.32483103 1.31880513 1.31834925 1.31369554 1.31581669
 1.32446312 1.31338    1.31973277 1.32546779 1.33044731 1.31233537
 1.32433058 1.31840473 1.31924297 1.31139002 1.31680397 1.32372918
 1.30981609 1.32824437 1.31502254 1.31347465]",0.13604906954401788,0.18442414880289587,0,"[527.824983   519.3880843  535.89886613 524.65393115 532.64260851
 521.72632981 526.15703549 521.99553698 521.91697992 525.28506238
 521.98212501 523.06908742 523.30556791 520.91523167 523.32881652
 523.82145729 522.62182441 520.55296209 521.30537294 524.6377876
 524.71243776 523.57645705 522.03834709 522.05867507 531.39224183
 521.67704608 522.67587278 524.2276229  518.15071795 525.00677854
 520.26647422 524.97159131 519.96514946 520.20524722 527.51776855
 523.00349716 521.87960409 522.99621329 526.22913569 527.98464429
 522.80685864 520.91451362 528.69654633 523.04239385 527.15218347
 524.62866716 518.33660062 520.38541716 517.92740449 526.23748686
 519.70355958 527.86241472 519.53280624 523.70143589 526.08162165
 519.52794008 522.06716221 520.92483453 520.22279054 529.30396888
 525.17222613 521.75623644 519.28755548 522.38773648 526.20134689
 520.57851851 519.62165721 522.6324182  519.33411323 527.06402726
 520.80417704 525.25844797 520.50353307 521.11919317 528.60013302
 530.17339204 519.08240281 524.47662503 526.40018053 526.00104176
 522.60324731 522.48379588 524.41536635 520.02273779 528.16379257
 523.38769566 524.43451621 518.33820809 520.66210099 528.20610628
 518.61673687 520.63857391 522.78514672 523.91067799 522.92549051
 527.44465135 521.66295797 522.29687106 518.74717698 517.63214264]",0,0,"[1.95124740e-04 4.87879999e-05 7.49900260e-05 1.85132969e-04
 1.94682898e-04 9.74294389e-05 2.01256727e-04 1.01424437e-04
 1.94871743e-04 6.83981705e-05 1.42620129e-04 7.98478385e-05
 1.64042499e-04 1.46949733e-04 1.77706792e-04 1.48569535e-04
 1.24153989e-04 1.54443981e-04 1.92149003e-04 1.52484409e-04
 1.52059292e-04 1.73036295e-04 9.42168941e-05 1.45753259e-04
 1.52506023e-04 1.12517661e-04 1.76507791e-04 1.42808919e-04
 5.88643197e-05 2.07112471e-04 7.86944481e-05 1.94789819e-04
 1.55870059e-04 3.26985085e-05 1.75102526e-04 1.90430589e-05
 1.98108765e-04 4.69407809e-05 9.19953337e-05 1.79636449e-04
 2.88436350e-05 1.95383743e-04 6.22032791e-05 1.79773123e-04
 5.89192994e-05 1.34896263e-04 1.45231214e-04 1.00197379e-04
 1.69082561e-04 1.60575394e-04 1.12267305e-04 1.40887855e-04
 1.56547168e-04 2.25251543e-05 1.95866906e-04 9.79893057e-05
 1.89929909e-04 6.84272402e-05 1.27643124e-04 1.78514003e-04
 7.50051872e-05 1.89349861e-04 2.48234261e-05 2.10131518e-04
 4.32500577e-05 2.10796370e-04 5.08182391e-05 1.41841577e-04
 1.31611724e-04 8.76017342e-05 1.52082083e-04 1.92150420e-04
 2.04048657e-05 2.04425461e-04 1.15540761e-04 1.97412098e-04
 6.52345172e-05 1.27409801e-04 1.76594747e-04 1.16331690e-05
 1.87862067e-04 1.39570198e-04 7.89804799e-05 1.91625342e-04
 1.45708593e-04 1.91790043e-04 3.09827817e-05 2.04345603e-04
 1.13689883e-04 2.11642142e-04 6.16819842e-05 1.61421733e-04
 2.11073975e-04 2.85187127e-05 2.16232235e-04 2.07037587e-05
 2.11195294e-04 1.05703608e-04 2.04896320e-04 8.22960096e-05]","['user_limit' 'user_limit' 'user_limit' 'user_limit' 'user_limit'
 'user_limit' 'user_limit' 'user_limit' 'user_limit' 'user_limit'
 'user_limit' 'user_limit' 'user_limit' 'user_limit' 'user_limit'
 'user_limit' 'user_limit' 'user_limit' 'user_limit' 'user_limit'
 'user_limit' 'user_limit' 'user_limit' 'user_limit' 'user_limit'
 'user_limit' 'user_limit' 'user_limit' 'user_limit' 'user_limit'
 'user_limit' 'user_limit' 'user_limit' 'user_limit' 'user_limit'
 'user_limit' 'user_limit' 'user_limit' 'user_limit' 'user_limit'
 'user_limit' 'user_limit' 'user_limit' 'user_limit' 'user_limit'
 'user_limit' 'user_limit' 'user_limit' 'user_limit' 'user_limit'
 'user_limit' 'user_limit' 'user_limit' 'user_limit' 'user_limit'
 'user_limit' 'user_limit' 'user_limit' 'user_limit' 'user_limit'
 'user_limit' 'user_limit' 'user_limit' 'user_limit' 'user_limit'
 'user_limit' 'user_limit' 'user_limit' 'user_limit' 'user_limit'
 'user_limit' 'user_limit' 'user_limit' 'user_limit' 'user_limit'
 'user_limit' 'user_limit' 'user_limit' 'user_limit' 'user_limit'
 'user_limit' 'user_limit' 'user_limit' 'user_limit' 'user_limit'
 'user_limit' 'user_limit' 'user_limit' 'user_limit' 'user_limit'
 'user_limit' 'user_limit' 'user_limit' 'user_limit' 'user_limit'
 'user_limit' 'user_limit' 'user_limit' 'user_limit' 'user_limit']","{'x_traj': array([[0.9999972 , 0.99594439, 0.00236432, ..., 0.28479732, 0.04106165,
        0.        ],
       [0.99999705, 0.99594601, 0.00242921, ..., 0.28479683, 0.04107327,
        0.        ],
       [0.99999689, 0.9959476 , 0.00249282, ..., 0.28479634, 0.04108467,
        0.        ],
       ...,
       [0.99998662, 0.99601399, 0.00517237, ..., 0.2847754 , 0.04156491,
        0.        ],
       [0.99998657, 0.99601422, 0.00518172, ..., 0.28477533, 0.04156658,
        0.        ],
       [0.99998653, 0.99601444, 0.00519088, ..., 0.28477526, 0.04156823,
        0.        ]], shape=(100, 11)), 'u_traj': array([[0., 0.],
       [0., 0.],
       [0., 0.],
       [0., 0.],
       [0., 0.],
       [0., 0.],
       [0., 0.],
       [0., 0.],
       [0., 0.],
       [0., 0.],
       [0., 0.],
       [0., 0.],
       [0., 0.],
       [0., 0.],
       [0., 0.],
       [0., 0.],
       [0., 0.],
       [0., 0.],
       [0., 0.],
       [0., 0.],
       [0., 0.],
       [0., 0.],
       [0., 0.],
       [0., 0.],
       [0., 0.],
       [0., 0.],
       [0., 0.],
       [0., 0.],
       [0., 0.],
       [0., 0.],
       [0., 0.],
       [0., 0.],
       [0., 0.],
       [0., 0.],
       [0., 0.],
       [0., 0.],
       [0., 0.],
       [0., 0.],
       [0., 0.],
       [0., 0.],
       [0., 0.],
       [0., 0.],
       [0., 0.],
       [0., 0.],
       [0., 0.],
       [0., 0.],
       [0., 0.],
       [0., 0.],
       [0., 0.],
       [0., 0.],
       [0., 0.],
       [0., 0.],
       [0., 0.],
       [0., 0.],
       [0., 0.],
       [0., 0.],
       [0., 0.],
       [0., 0.],
       [0., 0.],
       [0., 0.],
       [0., 0.],
       [0., 0.],
       [0., 0.],
       [0., 0.],
       [0., 0.],
       [0., 0.],
       [0., 0.],
       [0., 0.],
       [0., 0.],
       [0., 0.],
       [0., 0.],
       [0., 0.],
       [0., 0.],
       [0., 0.],
       [0., 0.],
       [0., 0.],
       [0., 0.],
       [0., 0.],
       [0., 0.],
       [0., 0.],
       [0., 0.],
       [0., 0.],
       [0., 0.],
       [0., 0.],
       [0., 0.],
       [0., 0.],
       [0., 0.],
       [0., 0.],
       [0., 0.],
       [0., 0.],
       [0., 0.],
       [0., 0.],
       [0., 0.],
       [0., 0.],
       [0., 0.],
       [0., 0.],
       [0., 0.],
       [0., 0.],
       [0., 0.],
       [0., 0.]]), 'target_traj': array([[0.043, 0.09 ],
       [0.043, 0.09 ],
       [0.043, 0.09 ],
       [0.043, 0.09 ],
       [0.043, 0.09 ],
       [0.043, 0.09 ],
       [0.043, 0.09 ],
       [0.043, 0.09 ],
       [0.043, 0.09 ],
       [0.043, 0.09 ],
       [0.043, 0.09 ],
       [0.043, 0.09 ],
       [0.043, 0.09 ],
       [0.043, 0.09 ],
       [0.043, 0.09 ],
       [0.043, 0.09 ],
       [0.043, 0.09 ],
       [0.043, 0.09 ],
       [0.043, 0.09 ],
       [0.043, 0.09 ],
       [0.043, 0.09 ],
       [0.043, 0.09 ],
       [0.043, 0.09 ],
       [0.043, 0.09 ],
       [0.043, 0.09 ],
       [0.043, 0.09 ],
       [0.043, 0.09 ],
       [0.043, 0.09 ],
       [0.043, 0.09 ],
       [0.043, 0.09 ],
       [0.043, 0.09 ],
       [0.043, 0.09 ],
       [0.043, 0.09 ],
       [0.043, 0.09 ],
       [0.043, 0.09 ],
       [0.043, 0.09 ],
       [0.043, 0.09 ],
       [0.043, 0.09 ],
       [0.043, 0.09 ],
       [0.043, 0.09 ],
       [0.043, 0.09 ],
       [0.043, 0.09 ],
       [0.043, 0.09 ],
       [0.043, 0.09 ],
       [0.043, 0.09 ],
       [0.043, 0.09 ],
       [0.043, 0.09 ],
       [0.043, 0.09 ],
       [0.043, 0.09 ],
       [0.043, 0.09 ],
       [0.043, 0.09 ],
       [0.043, 0.09 ],
       [0.043, 0.09 ],
       [0.043, 0.09 ],
       [0.043, 0.09 ],
       [0.043, 0.09 ],
       [0.043, 0.09 ],
       [0.043, 0.09 ],
       [0.043, 0.09 ],
       [0.043, 0.09 ],
       [0.043, 0.09 ],
       [0.043, 0.09 ],
       [0.043, 0.09 ],
       [0.043, 0.09 ],
       [0.043, 0.09 ],
       [0.043, 0.09 ],
       [0.043, 0.09 ],
       [0.043, 0.09 ],
       [0.043, 0.09 ],
       [0.043, 0.09 ],
       [0.043, 0.09 ],
       [0.043, 0.09 ],
       [0.043, 0.09 ],
       [0.043, 0.09 ],
       [0.043, 0.09 ],
       [0.043, 0.09 ],
       [0.043, 0.09 ],
       [0.043, 0.09 ],
       [0.043, 0.09 ],
       [0.043, 0.09 ],
       [0.043, 0.09 ],
       [0.043, 0.09 ],
       [0.043, 0.09 ],
       [0.043, 0.09 ],
       [0.043, 0.09 ],
       [0.043, 0.09 ],
       [0.043, 0.09 ],
       [0.043, 0.09 ],
       [0.043, 0.09 ],
       [0.043, 0.09 ],
       [0.043, 0.09 ],
       [0.043, 0.09 ],
       [0.043, 0.09 ],
       [0.043, 0.09 ],
       [0.043, 0.09 ],
       [0.043, 0.09 ],
       [0.043, 0.09 ],
       [0.043, 0.09 ],
       [0.043, 0.09 ],
       [0.043, 0.09 ]]), 'err': array([0.18457954, 0.18457408, 0.18456873, 0.18456348, 0.18455834,
       0.1845533 , 0.18454836, 0.18454352, 0.18453877, 0.18453412,
       0.18452956, 0.18452509, 0.18452071, 0.18451641, 0.1845122 ,
       0.18450807, 0.18450403, 0.18450006, 0.18449618, 0.18449237,
       0.18448863, 0.18448497, 0.18448138, 0.18447786, 0.18447442,
       0.18447103, 0.18446772, 0.18446447, 0.18446129, 0.18445817,
       0.18445511, 0.18445211, 0.18444917, 0.18444629, 0.18444347,
       0.1844407 , 0.18443799, 0.18443533, 0.18443272, 0.18443016,
       0.18442766, 0.1844252 , 0.1844228 , 0.18442044, 0.18441812,
       0.18441586, 0.18441363, 0.18441146, 0.18440932, 0.18440723,
       0.18440518, 0.18440316, 0.18440119, 0.18439926, 0.18439737,
       0.18439551, 0.18439369, 0.18439191, 0.18439016, 0.18438844,
       0.18438676, 0.18438511, 0.1843835 , 0.18438192, 0.18438037,
       0.18437885, 0.18437736, 0.18437589, 0.18437446, 0.18437306,
       0.18437168, 0.18437033, 0.18436901, 0.18436771, 0.18436644,
       0.1843652 , 0.18436398, 0.18436278, 0.18436161, 0.18436046,
       0.18435933, 0.18435823, 0.18435714, 0.18435608, 0.18435504,
       0.18435402, 0.18435302, 0.18435204, 0.18435108, 0.18435014,
       0.18434922, 0.18434831, 0.18434743, 0.18434656, 0.1843457 ,
       0.18434487, 0.18434405, 0.18434325, 0.18434246, 0.18434169])}"
1,fixed_k,iid,100,60,10.617474151254687,"[0.91187209 1.27038284 1.24367184 1.3080614  1.30963734 1.32654346
 1.31926999 1.32931206 1.31337002 1.32382449 1.30947586 1.32947977
 1.32612991 1.33099262 1.33074077 1.33475086 1.3321161  1.33147707
 1.32611567 1.33099163 1.3293173  1.32952609 1.327876   1.3344462
 1.32687078 1.33654069 1.32512957 1.33122545 1.32729388 1.31766105
 1.32093633 1.30821689 1.31156214 1.3296913  1.31031208 1.32281478
 1.3068159  1.31358547 1.32626645 1.32139754 1.32640828 1.31154171
 1.3252573  1.31785318 1.32758683 1.31338921 1.31428083 1.32822074
 1.32603012 1.33299943 1.33424472 1.33777185 1.32135323 1.32949024
 1.32226794 1.32930228 1.31180638 1.3204554  1.31217067 1.31236523
 1.32742478 1.31319906 1.31916748 1.31336682 1.32574171 1.30934233
 1.31981616 1.31144762 1.32386793 1.32615484 1.33098045 1.32168791
 1.32704417 1.314793   1.31996879 1.31052258 1.32384699 1.31396804
 1.31544026 1.32483103 1.31880513 1.31834925 1.31369554 1.31581669
 1.32446312 1.31338    1.31973277 1.32546779 1.33044731 1.31233537
 1.32433058 1.31840473 1.31924297 1.31139002 1.31680397 1.32372918
 1.30981609 1.32824437 1.31502254 1.31347465]",0.13604906954401788,0.18442414880289587,0,"[520.9834883  517.95021724 529.96798791 519.78853345 520.64379398
 519.45911627 523.18115067 525.09017568 524.46434088 522.98287675
 523.03024009 528.53968926 524.08583555 525.06922651 524.4279867
 520.02526913 520.76829318 525.15740134 661.93309426 520.34233045
 525.73796734 527.92438958 521.1721044  522.06216007 522.81561308
 521.33203577 526.15361288 519.84746847 525.85120779 524.73314013
 522.65999652 530.68535868 519.97042168 520.2676421  520.07746138
 523.60431757 524.64048471 519.06562317 519.32391152 520.8502207
 522.72246033 523.85283448 523.29892386 522.31881116 520.73093597
 521.35615796 529.00107019 521.37038391 519.77016591 523.44623953
 521.5058513  524.9475427  518.68444495 523.68167974 519.43235565
 519.98563576 524.44650885 521.42689936 522.46452216 517.58158114
 524.39146861 529.93181534 520.82034945 518.89501512 528.36346347
 519.49301362 524.62127339 520.97914182 523.67131133 520.89027874
 519.62441858 525.87504871 521.43459301 521.1103959  519.75810248
 522.72365987 525.74166283 520.2920204  519.52583343 524.88191798
 519.58874147 523.77219498 525.74624494 523.47835898 523.85750134
 519.07046232 522.12086599 521.20977174 519.63329036 518.70589796
 525.34088679 520.55782173 519.25430819 524.99826625 518.14073976
 524.87542853 525.75815283 524.58120696 526.53502207 523.16576894]",0,0,"[1.95124740e-04 4.87879999e-05 7.49900260e-05 1.85132969e-04
 1.94682898e-04 9.74294389e-05 2.01256727e-04 1.01424437e-04
 1.94871743e-04 6.83981705e-05 1.42620129e-04 7.98478385e-05
 1.64042499e-04 1.46949733e-04 1.77706792e-04 1.48569535e-04
 1.24153989e-04 1.54443981e-04 1.92149003e-04 1.52484409e-04
 1.52059292e-04 1.73036295e-04 9.42168941e-05 1.45753259e-04
 1.52506023e-04 1.12517661e-04 1.76507791e-04 1.42808919e-04
 5.88643197e-05 2.07112471e-04 7.86944481e-05 1.94789819e-04
 1.55870059e-04 3.26985085e-05 1.75102526e-04 1.90430589e-05
 1.98108765e-04 4.69407809e-05 9.19953337e-05 1.79636449e-04
 2.88436350e-05 1.95383743e-04 6.22032791e-05 1.79773123e-04
 5.89192994e-05 1.34896263e-04 1.45231214e-04 1.00197379e-04
 1.69082561e-04 1.60575394e-04 1.12267305e-04 1.40887855e-04
 1.56547168e-04 2.25251543e-05 1.95866906e-04 9.79893057e-05
 1.89929909e-04 6.84272402e-05 1.27643124e-04 1.78514003e-04
 7.50051872e-05 1.89349861e-04 2.48234261e-05 2.10131518e-04
 4.32500577e-05 2.10796370e-04 5.08182391e-05 1.41841577e-04
 1.31611724e-04 8.76017342e-05 1.52082083e-04 1.92150420e-04
 2.04048657e-05 2.04425461e-04 1.15540761e-04 1.97412098e-04
 6.52345172e-05 1.27409801e-04 1.76594747e-04 1.16331690e-05
 1.87862067e-04 1.39570198e-04 7.89804799e-05 1.91625342e-04
 1.45708593e-04 1.91790043e-04 3.09827817e-05 2.04345603e-04
 1.13689883e-04 2.11642142e-04 6.16819842e-05 1.61421733e-04
 2.11073975e-04 2.85187127e-05 2.16232235e-04 2.07037587e-05
 2.11195294e-04 1.05703608e-04 2.04896320e-04 8.22960096e-05]","['user_limit' 'user_limit' 'user_limit' 'user_limit' 'user_limit'
 'user_limit' 'user_limit' 'user_limit' 'user_limit' 'user_limit'
 'user_limit' 'user_limit' 'user_limit' 'user_limit' 'user_limit'
 'user_limit' 'user_limit' 'user_limit' 'user_limit' 'user_limit'
 'user_limit' 'user_limit' 'user_limit' 'user_limit' 'user_limit'
 'user_limit' 'user_limit' 'user_limit' 'user_limit' 'user_limit'
 'user_limit' 'user_limit' 'user_limit' 'user_limit' 'user_limit'
 'user_limit' 'user_limit' 'user_limit' 'user_limit' 'user_limit'
 'user_limit' 'user_limit' 'user_limit' 'user_limit' 'user_limit'
 'user_limit' 'user_limit' 'user_limit' 'user_limit' 'user_limit'
 'user_limit' 'user_limit' 'user_limit' 'user_limit' 'user_limit'
 'user_limit' 'user_limit' 'user_limit' 'user_limit' 'user_limit'
 'user_limit' 'user_limit' 'user_limit' 'user_limit' 'user_limit'
 'user_limit' 'user_limit' 'user_limit' 'user_limit' 'user_limit'
 'user_limit' 'user_limit' 'user_limit' 'user_limit' 'user_limit'
 'user_limit' 'user_limit' 'user_limit' 'user_limit' 'user_limit'
 'user_limit' 'user_limit' 'user_limit' 'user_limit' 'user_limit'
 'user_limit' 'user_limit' 'user_limit' 'user_limit' 'user_limit'
 'user_limit' 'user_limit' 'user_limit' 'user_limit' 'user_limit'
 'user_limit' 'user_limit' 'user_limit' 'user_limit' 'user_limit']","{'x_traj': array([[0.9999972 , 0.99594439, 0.00236432, ..., 0.28479732, 0.04106165,
        0.        ],
       [0.99999705, 0.99594601, 0.00242921, ..., 0.28479683, 0.04107327,
        0.        ],
       [0.99999689, 0.9959476 , 0.00249282, ..., 0.28479634, 0.04108467,
        0.        ],
       ...,
       [0.99998662, 0.99601399, 0.00517237, ..., 0.2847754 , 0.04156491,
        0.        ],
       [0.99998657, 0.99601422, 0.00518172, ..., 0.28477533, 0.04156658,
        0.        ],
       [0.99998653, 0.99601444, 0.00519088, ..., 0.28477526, 0.04156823,
        0.        ]], shape=(100, 11)), 'u_traj': array([[0., 0.],
       [0., 0.],
       [0., 0.],
       [0., 0.],
       [0., 0.],
       [0., 0.],
       [0., 0.],
       [0., 0.],
       [0., 0.],
       [0., 0.],
       [0., 0.],
       [0., 0.],
       [0., 0.],
       [0., 0.],
       [0., 0.],
       [0., 0.],
       [0., 0.],
       [0., 0.],
       [0., 0.],
       [0., 0.],
       [0., 0.],
       [0., 0.],
       [0., 0.],
       [0., 0.],
       [0., 0.],
       [0., 0.],
       [0., 0.],
       [0., 0.],
       [0., 0.],
       [0., 0.],
       [0., 0.],
       [0., 0.],
       [0., 0.],
       [0., 0.],
       [0., 0.],
       [0., 0.],
       [0., 0.],
       [0., 0.],
       [0., 0.],
       [0., 0.],
       [0., 0.],
       [0., 0.],
       [0., 0.],
       [0., 0.],
       [0., 0.],
       [0., 0.],
       [0., 0.],
       [0., 0.],
       [0., 0.],
       [0., 0.],
       [0., 0.],
       [0., 0.],
       [0., 0.],
       [0., 0.],
       [0., 0.],
       [0., 0.],
       [0., 0.],
       [0., 0.],
       [0., 0.],
       [0., 0.],
       [0., 0.],
       [0., 0.],
       [0., 0.],
       [0., 0.],
       [0., 0.],
       [0., 0.],
       [0., 0.],
       [0., 0.],
       [0., 0.],
       [0., 0.],
       [0., 0.],
       [0., 0.],
       [0., 0.],
       [0., 0.],
       [0., 0.],
       [0., 0.],
       [0., 0.],
       [0., 0.],
       [0., 0.],
       [0., 0.],
       [0., 0.],
       [0., 0.],
       [0., 0.],
       [0., 0.],
       [0., 0.],
       [0., 0.],
       [0., 0.],
       [0., 0.],
       [0., 0.],
       [0., 0.],
       [0., 0.],
       [0., 0.],
       [0., 0.],
       [0., 0.],
       [0., 0.],
       [0., 0.],
       [0., 0.],
       [0., 0.],
       [0., 0.],
       [0., 0.]]), 'target_traj': array([[0.043, 0.09 ],
       [0.043, 0.09 ],
       [0.043, 0.09 ],
       [0.043, 0.09 ],
       [0.043, 0.09 ],
       [0.043, 0.09 ],
       [0.043, 0.09 ],
       [0.043, 0.09 ],
       [0.043, 0.09 ],
       [0.043, 0.09 ],
       [0.043, 0.09 ],
       [0.043, 0.09 ],
       [0.043, 0.09 ],
       [0.043, 0.09 ],
       [0.043, 0.09 ],
       [0.043, 0.09 ],
       [0.043, 0.09 ],
       [0.043, 0.09 ],
       [0.043, 0.09 ],
       [0.043, 0.09 ],
       [0.043, 0.09 ],
       [0.043, 0.09 ],
       [0.043, 0.09 ],
       [0.043, 0.09 ],
       [0.043, 0.09 ],
       [0.043, 0.09 ],
       [0.043, 0.09 ],
       [0.043, 0.09 ],
       [0.043, 0.09 ],
       [0.043, 0.09 ],
       [0.043, 0.09 ],
       [0.043, 0.09 ],
       [0.043, 0.09 ],
       [0.043, 0.09 ],
       [0.043, 0.09 ],
       [0.043, 0.09 ],
       [0.043, 0.09 ],
       [0.043, 0.09 ],
       [0.043, 0.09 ],
       [0.043, 0.09 ],
       [0.043, 0.09 ],
       [0.043, 0.09 ],
       [0.043, 0.09 ],
       [0.043, 0.09 ],
       [0.043, 0.09 ],
       [0.043, 0.09 ],
       [0.043, 0.09 ],
       [0.043, 0.09 ],
       [0.043, 0.09 ],
       [0.043, 0.09 ],
       [0.043, 0.09 ],
       [0.043, 0.09 ],
       [0.043, 0.09 ],
       [0.043, 0.09 ],
       [0.043, 0.09 ],
       [0.043, 0.09 ],
       [0.043, 0.09 ],
       [0.043, 0.09 ],
       [0.043, 0.09 ],
       [0.043, 0.09 ],
       [0.043, 0.09 ],
       [0.043, 0.09 ],
       [0.043, 0.09 ],
       [0.043, 0.09 ],
       [0.043, 0.09 ],
       [0.043, 0.09 ],
       [0.043, 0.09 ],
       [0.043, 0.09 ],
       [0.043, 0.09 ],
       [0.043, 0.09 ],
       [0.043, 0.09 ],
       [0.043, 0.09 ],
       [0.043, 0.09 ],
       [0.043, 0.09 ],
       [0.043, 0.09 ],
       [0.043, 0.09 ],
       [0.043, 0.09 ],
       [0.043, 0.09 ],
       [0.043, 0.09 ],
       [0.043, 0.09 ],
       [0.043, 0.09 ],
       [0.043, 0.09 ],
       [0.043, 0.09 ],
       [0.043, 0.09 ],
       [0.043, 0.09 ],
       [0.043, 0.09 ],
       [0.043, 0.09 ],
       [0.043, 0.09 ],
       [0.043, 0.09 ],
       [0.043, 0.09 ],
       [0.043, 0.09 ],
       [0.043, 0.09 ],
       [0.043, 0.09 ],
       [0.043, 0.09 ],
       [0.043, 0.09 ],
       [0.043, 0.09 ],
       [0.043, 0.09 ],
       [0.043, 0.09 ],
       [0.043, 0.09 ],
       [0.043, 0.09 ]]), 'err': array([0.18457954, 0.18457408, 0.18456873, 0.18456348, 0.18455834,
       0.1845533 , 0.18454836, 0.18454352, 0.18453877, 0.18453412,
       0.18452956, 0.18452509, 0.18452071, 0.18451641, 0.1845122 ,
       0.18450807, 0.18450403, 0.18450006, 0.18449618, 0.18449237,
       0.18448863, 0.18448497, 0.18448138, 0.18447786, 0.18447442,
       0.18447103, 0.18446772, 0.18446447, 0.18446129, 0.18445817,
       0.18445511, 0.18445211, 0.18444917, 0.18444629, 0.18444347,
       0.1844407 , 0.18443799, 0.18443533, 0.18443272, 0.18443016,
       0.18442766, 0.1844252 , 0.1844228 , 0.18442044, 0.18441812,
       0.18441586, 0.18441363, 0.18441146, 0.18440932, 0.18440723,
       0.18440518, 0.18440316, 0.18440119, 0.18439926, 0.18439737,
       0.18439551, 0.18439369, 0.18439191, 0.18439016, 0.18438844,
       0.18438676, 0.18438511, 0.1843835 , 0.18438192, 0.18438037,
       0.18437885, 0.18437736, 0.18437589, 0.18437446, 0.18437306,
       0.18437168, 0.18437033, 0.18436901, 0.18436771, 0.18436644,
       0.1843652 , 0.18436398, 0.18436278, 0.18436161, 0.18436046,
       0.18435933, 0.18435823, 0.18435714, 0.18435608, 0.18435504,
       0.18435402, 0.18435302, 0.18435204, 0.18435108, 0.18435014,
       0.18434922, 0.18434831, 0.18434743, 0.18434656, 0.1843457 ,
       0.18434487, 0.18434405, 0.18434325, 0.18434246, 0.18434169])}"
1,fixed_k,iid,100,70,10.617474151254687,"[0.91187209 1.27038284 1.24367184 1.3080614  1.30963734 1.32654346
 1.31926999 1.32931206 1.31337002 1.32382449 1.30947586 1.32947977
 1.32612991 1.33099262 1.33074077 1.33475086 1.3321161  1.33147707
 1.32611567 1.33099163 1.3293173  1.32952609 1.327876   1.3344462
 1.32687078 1.33654069 1.32512957 1.33122545 1.32729388 1.31766105
 1.32093633 1.30821689 1.31156214 1.3296913  1.31031208 1.32281478
 1.3068159  1.31358547 1.32626645 1.32139754 1.32640828 1.31154171
 1.3252573  1.31785318 1.32758683 1.31338921 1.31428083 1.32822074
 1.32603012 1.33299943 1.33424472 1.33777185 1.32135323 1.32949024
 1.32226794 1.32930228 1.31180638 1.3204554  1.31217067 1.31236523
 1.32742478 1.31319906 1.31916748 1.31336682 1.32574171 1.30934233
 1.31981616 1.31144762 1.32386793 1.32615484 1.33098045 1.32168791
 1.32704417 1.314793   1.31996879 1.31052258 1.32384699 1.31396804
 1.31544026 1.32483103 1.31880513 1.31834925 1.31369554 1.31581669
 1.32446312 1.31338    1.31973277 1.32546779 1.33044731 1.31233537
 1.32433058 1.31840473 1.31924297 1.31139002 1.31680397 1.32372918
 1.30981609 1.32824437 1.31502254 1.31347465]",0.13604906954401788,0.18442414880289587,0,"[523.70715421 519.80572846 526.27989836 524.42659717 519.10644211
 519.66776047 522.6261057  524.29805696 521.54118754 521.78440057
 524.46808387 519.55565717 520.56190744 522.94910979 522.84856327
 522.5548204  524.28717818 523.26213941 524.71356839 520.83735168
 521.52170707 522.50365168 520.72038502 522.26307523 520.09749319
 523.57823215 518.87525804 523.62471819 521.9396241  520.54903377
 520.239654   521.20892238 524.13751744 527.59535424 522.90577069
 519.92386952 520.69336828 518.01004354 525.08657426 522.89518341
 519.08973139 516.24625362 521.21623605 526.61714703 517.63408538
 521.62912488 518.14148948 523.82267267 528.2191122  522.91170415
 522.81423938 527.36051753 523.7951111  524.40258116 524.83644802
 518.79601274 521.12137992 518.95995624 527.16468647 519.36867274
 520.26162017 523.44843745 520.1035114  526.64126363 520.13305295
 522.81311247 522.22207002 520.83825227 526.16885304 526.17177181
 523.57016411 538.26289717 526.89826954 526.21273044 518.84829346
 519.92310584 526.17153153 519.98660248 525.12062155 520.36016062
 524.73283652 519.56844423 518.40221975 529.52045295 521.675325
 519.17053666 523.08759373 524.02204368 524.96544831 519.2682147
 521.00389916 520.25007084 519.02453043 525.67550447 520.08551452
 659.69272796 519.48298141 521.18602209 523.02183397 519.85944062]",0,0,"[1.95124740e-04 4.87879999e-05 7.49900260e-05 1.85132969e-04
 1.94682898e-04 9.74294389e-05 2.01256727e-04 1.01424437e-04
 1.94871743e-04 6.83981705e-05 1.42620129e-04 7.98478385e-05
 1.64042499e-04 1.46949733e-04 1.77706792e-04 1.48569535e-04
 1.24153989e-04 1.54443981e-04 1.92149003e-04 1.52484409e-04
 1.52059292e-04 1.73036295e-04 9.42168941e-05 1.45753259e-04
 1.52506023e-04 1.12517661e-04 1.76507791e-04 1.42808919e-04
 5.88643197e-05 2.07112471e-04 7.86944481e-05 1.94789819e-04
 1.55870059e-04 3.26985085e-05 1.75102526e-04 1.90430589e-05
 1.98108765e-04 4.69407809e-05 9.19953337e-05 1.79636449e-04
 2.88436350e-05 1.95383743e-04 6.22032791e-05 1.79773123e-04
 5.89192994e-05 1.34896263e-04 1.45231214e-04 1.00197379e-04
 1.69082561e-04 1.60575394e-04 1.12267305e-04 1.40887855e-04
 1.56547168e-04 2.25251543e-05 1.95866906e-04 9.79893057e-05
 1.89929909e-04 6.84272402e-05 1.27643124e-04 1.78514003e-04
 7.50051872e-05 1.89349861e-04 2.48234261e-05 2.10131518e-04
 4.32500577e-05 2.10796370e-04 5.08182391e-05 1.41841577e-04
 1.31611724e-04 8.76017342e-05 1.52082083e-04 1.92150420e-04
 2.04048657e-05 2.04425461e-04 1.15540761e-04 1.97412098e-04
 6.52345172e-05 1.27409801e-04 1.76594747e-04 1.16331690e-05
 1.87862067e-04 1.39570198e-04 7.89804799e-05 1.91625342e-04
 1.45708593e-04 1.91790043e-04 3.09827817e-05 2.04345603e-04
 1.13689883e-04 2.11642142e-04 6.16819842e-05 1.61421733e-04
 2.11073975e-04 2.85187127e-05 2.16232235e-04 2.07037587e-05
 2.11195294e-04 1.05703608e-04 2.04896320e-04 8.22960096e-05]","['user_limit' 'user_limit' 'user_limit' 'user_limit' 'user_limit'
 'user_limit' 'user_limit' 'user_limit' 'user_limit' 'user_limit'
 'user_limit' 'user_limit' 'user_limit' 'user_limit' 'user_limit'
 'user_limit' 'user_limit' 'user_limit' 'user_limit' 'user_limit'
 'user_limit' 'user_limit' 'user_limit' 'user_limit' 'user_limit'
 'user_limit' 'user_limit' 'user_limit' 'user_limit' 'user_limit'
 'user_limit' 'user_limit' 'user_limit' 'user_limit' 'user_limit'
 'user_limit' 'user_limit' 'user_limit' 'user_limit' 'user_limit'
 'user_limit' 'user_limit' 'user_limit' 'user_limit' 'user_limit'
 'user_limit' 'user_limit' 'user_limit' 'user_limit' 'user_limit'
 'user_limit' 'user_limit' 'user_limit' 'user_limit' 'user_limit'
 'user_limit' 'user_limit' 'user_limit' 'user_limit' 'user_limit'
 'user_limit' 'user_limit' 'user_limit' 'user_limit' 'user_limit'
 'user_limit' 'user_limit' 'user_limit' 'user_limit' 'user_limit'
 'user_limit' 'user_limit' 'user_limit' 'user_limit' 'user_limit'
 'user_limit' 'user_limit' 'user_limit' 'user_limit' 'user_limit'
 'user_limit' 'user_limit' 'user_limit' 'user_limit' 'user_limit'
 'user_limit' 'user_limit' 'user_limit' 'user_limit' 'user_limit'
 'user_limit' 'user_limit' 'user_limit' 'user_limit' 'user_limit'
 'user_limit' 'user_limit' 'user_limit' 'user_limit' 'user_limit']","{'x_traj': array([[0.9999972 , 0.99594439, 0.00236432, ..., 0.28479732, 0.04106165,
        0.        ],
       [0.99999705, 0.99594601, 0.00242921, ..., 0.28479683, 0.04107327,
        0.        ],
       [0.99999689, 0.9959476 , 0.00249282, ..., 0.28479634, 0.04108467,
        0.        ],
       ...,
       [0.99998662, 0.99601399, 0.00517237, ..., 0.2847754 , 0.04156491,
        0.        ],
       [0.99998657, 0.99601422, 0.00518172, ..., 0.28477533, 0.04156658,
        0.        ],
       [0.99998653, 0.99601444, 0.00519088, ..., 0.28477526, 0.04156823,
        0.        ]], shape=(100, 11)), 'u_traj': array([[0., 0.],
       [0., 0.],
       [0., 0.],
       [0., 0.],
       [0., 0.],
       [0., 0.],
       [0., 0.],
       [0., 0.],
       [0., 0.],
       [0., 0.],
       [0., 0.],
       [0., 0.],
       [0., 0.],
       [0., 0.],
       [0., 0.],
       [0., 0.],
       [0., 0.],
       [0., 0.],
       [0., 0.],
       [0., 0.],
       [0., 0.],
       [0., 0.],
       [0., 0.],
       [0., 0.],
       [0., 0.],
       [0., 0.],
       [0., 0.],
       [0., 0.],
       [0., 0.],
       [0., 0.],
       [0., 0.],
       [0., 0.],
       [0., 0.],
       [0., 0.],
       [0., 0.],
       [0., 0.],
       [0., 0.],
       [0., 0.],
       [0., 0.],
       [0., 0.],
       [0., 0.],
       [0., 0.],
       [0., 0.],
       [0., 0.],
       [0., 0.],
       [0., 0.],
       [0., 0.],
       [0., 0.],
       [0., 0.],
       [0., 0.],
       [0., 0.],
       [0., 0.],
       [0., 0.],
       [0., 0.],
       [0., 0.],
       [0., 0.],
       [0., 0.],
       [0., 0.],
       [0., 0.],
       [0., 0.],
       [0., 0.],
       [0., 0.],
       [0., 0.],
       [0., 0.],
       [0., 0.],
       [0., 0.],
       [0., 0.],
       [0., 0.],
       [0., 0.],
       [0., 0.],
       [0., 0.],
       [0., 0.],
       [0., 0.],
       [0., 0.],
       [0., 0.],
       [0., 0.],
       [0., 0.],
       [0., 0.],
       [0., 0.],
       [0., 0.],
       [0., 0.],
       [0., 0.],
       [0., 0.],
       [0., 0.],
       [0., 0.],
       [0., 0.],
       [0., 0.],
       [0., 0.],
       [0., 0.],
       [0., 0.],
       [0., 0.],
       [0., 0.],
       [0., 0.],
       [0., 0.],
       [0., 0.],
       [0., 0.],
       [0., 0.],
       [0., 0.],
       [0., 0.],
       [0., 0.]]), 'target_traj': array([[0.043, 0.09 ],
       [0.043, 0.09 ],
       [0.043, 0.09 ],
       [0.043, 0.09 ],
       [0.043, 0.09 ],
       [0.043, 0.09 ],
       [0.043, 0.09 ],
       [0.043, 0.09 ],
       [0.043, 0.09 ],
       [0.043, 0.09 ],
       [0.043, 0.09 ],
       [0.043, 0.09 ],
       [0.043, 0.09 ],
       [0.043, 0.09 ],
       [0.043, 0.09 ],
       [0.043, 0.09 ],
       [0.043, 0.09 ],
       [0.043, 0.09 ],
       [0.043, 0.09 ],
       [0.043, 0.09 ],
       [0.043, 0.09 ],
       [0.043, 0.09 ],
       [0.043, 0.09 ],
       [0.043, 0.09 ],
       [0.043, 0.09 ],
       [0.043, 0.09 ],
       [0.043, 0.09 ],
       [0.043, 0.09 ],
       [0.043, 0.09 ],
       [0.043, 0.09 ],
       [0.043, 0.09 ],
       [0.043, 0.09 ],
       [0.043, 0.09 ],
       [0.043, 0.09 ],
       [0.043, 0.09 ],
       [0.043, 0.09 ],
       [0.043, 0.09 ],
       [0.043, 0.09 ],
       [0.043, 0.09 ],
       [0.043, 0.09 ],
       [0.043, 0.09 ],
       [0.043, 0.09 ],
       [0.043, 0.09 ],
       [0.043, 0.09 ],
       [0.043, 0.09 ],
       [0.043, 0.09 ],
       [0.043, 0.09 ],
       [0.043, 0.09 ],
       [0.043, 0.09 ],
       [0.043, 0.09 ],
       [0.043, 0.09 ],
       [0.043, 0.09 ],
       [0.043, 0.09 ],
       [0.043, 0.09 ],
       [0.043, 0.09 ],
       [0.043, 0.09 ],
       [0.043, 0.09 ],
       [0.043, 0.09 ],
       [0.043, 0.09 ],
       [0.043, 0.09 ],
       [0.043, 0.09 ],
       [0.043, 0.09 ],
       [0.043, 0.09 ],
       [0.043, 0.09 ],
       [0.043, 0.09 ],
       [0.043, 0.09 ],
       [0.043, 0.09 ],
       [0.043, 0.09 ],
       [0.043, 0.09 ],
       [0.043, 0.09 ],
       [0.043, 0.09 ],
       [0.043, 0.09 ],
       [0.043, 0.09 ],
       [0.043, 0.09 ],
       [0.043, 0.09 ],
       [0.043, 0.09 ],
       [0.043, 0.09 ],
       [0.043, 0.09 ],
       [0.043, 0.09 ],
       [0.043, 0.09 ],
       [0.043, 0.09 ],
       [0.043, 0.09 ],
       [0.043, 0.09 ],
       [0.043, 0.09 ],
       [0.043, 0.09 ],
       [0.043, 0.09 ],
       [0.043, 0.09 ],
       [0.043, 0.09 ],
       [0.043, 0.09 ],
       [0.043, 0.09 ],
       [0.043, 0.09 ],
       [0.043, 0.09 ],
       [0.043, 0.09 ],
       [0.043, 0.09 ],
       [0.043, 0.09 ],
       [0.043, 0.09 ],
       [0.043, 0.09 ],
       [0.043, 0.09 ],
       [0.043, 0.09 ],
       [0.043, 0.09 ]]), 'err': array([0.18457954, 0.18457408, 0.18456873, 0.18456348, 0.18455834,
       0.1845533 , 0.18454836, 0.18454352, 0.18453877, 0.18453412,
       0.18452956, 0.18452509, 0.18452071, 0.18451641, 0.1845122 ,
       0.18450807, 0.18450403, 0.18450006, 0.18449618, 0.18449237,
       0.18448863, 0.18448497, 0.18448138, 0.18447786, 0.18447442,
       0.18447103, 0.18446772, 0.18446447, 0.18446129, 0.18445817,
       0.18445511, 0.18445211, 0.18444917, 0.18444629, 0.18444347,
       0.1844407 , 0.18443799, 0.18443533, 0.18443272, 0.18443016,
       0.18442766, 0.1844252 , 0.1844228 , 0.18442044, 0.18441812,
       0.18441586, 0.18441363, 0.18441146, 0.18440932, 0.18440723,
       0.18440518, 0.18440316, 0.18440119, 0.18439926, 0.18439737,
       0.18439551, 0.18439369, 0.18439191, 0.18439016, 0.18438844,
       0.18438676, 0.18438511, 0.1843835 , 0.18438192, 0.18438037,
       0.18437885, 0.18437736, 0.18437589, 0.18437446, 0.18437306,
       0.18437168, 0.18437033, 0.18436901, 0.18436771, 0.18436644,
       0.1843652 , 0.18436398, 0.18436278, 0.18436161, 0.18436046,
       0.18435933, 0.18435823, 0.18435714, 0.18435608, 0.18435504,
       0.18435402, 0.18435302, 0.18435204, 0.18435108, 0.18435014,
       0.18434922, 0.18434831, 0.18434743, 0.18434656, 0.1843457 ,
       0.18434487, 0.18434405, 0.18434325, 0.18434246, 0.18434169])}"
1,fixed_k,iid,100,80,10.617474151254687,"[0.91187209 1.27038284 1.24367184 1.3080614  1.30963734 1.32654346
 1.31926999 1.32931206 1.31337002 1.32382449 1.30947586 1.32947977
 1.32612991 1.33099262 1.33074077 1.33475086 1.3321161  1.33147707
 1.32611567 1.33099163 1.3293173  1.32952609 1.327876   1.3344462
 1.32687078 1.33654069 1.32512957 1.33122545 1.32729388 1.31766105
 1.32093633 1.30821689 1.31156214 1.3296913  1.31031208 1.32281478
 1.3068159  1.31358547 1.32626645 1.32139754 1.32640828 1.31154171
 1.3252573  1.31785318 1.32758683 1.31338921 1.31428083 1.32822074
 1.32603012 1.33299943 1.33424472 1.33777185 1.32135323 1.32949024
 1.32226794 1.32930228 1.31180638 1.3204554  1.31217067 1.31236523
 1.32742478 1.31319906 1.31916748 1.31336682 1.32574171 1.30934233
 1.31981616 1.31144762 1.32386793 1.32615484 1.33098045 1.32168791
 1.32704417 1.314793   1.31996879 1.31052258 1.32384699 1.31396804
 1.31544026 1.32483103 1.31880513 1.31834925 1.31369554 1.31581669
 1.32446312 1.31338    1.31973277 1.32546779 1.33044731 1.31233537
 1.32433058 1.31840473 1.31924297 1.31139002 1.31680397 1.32372918
 1.30981609 1.32824437 1.31502254 1.31347465]",0.13604906954401788,0.18442414880289587,0,"[522.67107554 522.63400052 526.36755817 524.10242427 522.23105729
 525.44312924 522.71464188 522.90870529 523.7180097  521.99479565
 521.29679825 520.84784489 521.77754045 521.65037952 523.82771485
 524.15416297 519.79361568 522.40525465 524.89493508 520.49736399
 529.71072216 522.74380717 522.20123913 521.88283298 520.33562306
 529.05774489 519.94186547 520.70084866 519.85223126 525.52646305
 525.23024566 518.76105275 522.37540297 518.84459704 523.49665016
 525.8122962  526.45330224 523.76600541 522.13927824 523.11621793
 527.78195031 525.78707691 520.91128379 539.41370174 522.44283445
 525.86639393 520.71446367 523.72577228 521.04247082 520.10307554
 525.47285706 521.57543506 524.34900776 521.48022689 545.68619467
 528.7136063  521.16475999 520.90581227 525.42399894 521.22024074
 527.28279494 528.95502839 524.33830407 520.17030492 520.42317577
 527.3115607  521.06230054 522.24692609 520.91591898 524.29383248
 538.33452426 522.26982266 523.31391908 523.68567325 527.21473761
 521.4151917  525.74178576 520.91779746 522.91522827 525.27983114
 523.78497645 522.34526724 525.27762949 523.05630501 528.44801825
 521.8923809  519.03976034 525.30865557 520.1348979  527.8891474
 525.78188572 526.65482648 523.16495962 520.37330437 530.53734824
 519.58239358 520.94294969 521.08551655 522.69344311 526.3872724 ]",0,0,"[1.95124740e-04 4.87879999e-05 7.49900260e-05 1.85132969e-04
 1.94682898e-04 9.74294389e-05 2.01256727e-04 1.01424437e-04
 1.94871743e-04 6.83981705e-05 1.42620129e-04 7.98478385e-05
 1.64042499e-04 1.46949733e-04 1.77706792e-04 1.48569535e-04
 1.24153989e-04 1.54443981e-04 1.92149003e-04 1.52484409e-04
 1.52059292e-04 1.73036295e-04 9.42168941e-05 1.45753259e-04
 1.52506023e-04 1.12517661e-04 1.76507791e-04 1.42808919e-04
 5.88643197e-05 2.07112471e-04 7.86944481e-05 1.94789819e-04
 1.55870059e-04 3.26985085e-05 1.75102526e-04 1.90430589e-05
 1.98108765e-04 4.69407809e-05 9.19953337e-05 1.79636449e-04
 2.88436350e-05 1.95383743e-04 6.22032791e-05 1.79773123e-04
 5.89192994e-05 1.34896263e-04 1.45231214e-04 1.00197379e-04
 1.69082561e-04 1.60575394e-04 1.12267305e-04 1.40887855e-04
 1.56547168e-04 2.25251543e-05 1.95866906e-04 9.79893057e-05
 1.89929909e-04 6.84272402e-05 1.27643124e-04 1.78514003e-04
 7.50051872e-05 1.89349861e-04 2.48234261e-05 2.10131518e-04
 4.32500577e-05 2.10796370e-04 5.08182391e-05 1.41841577e-04
 1.31611724e-04 8.76017342e-05 1.52082083e-04 1.92150420e-04
 2.04048657e-05 2.04425461e-04 1.15540761e-04 1.97412098e-04
 6.52345172e-05 1.27409801e-04 1.76594747e-04 1.16331690e-05
 1.87862067e-04 1.39570198e-04 7.89804799e-05 1.91625342e-04
 1.45708593e-04 1.91790043e-04 3.09827817e-05 2.04345603e-04
 1.13689883e-04 2.11642142e-04 6.16819842e-05 1.61421733e-04
 2.11073975e-04 2.85187127e-05 2.16232235e-04 2.07037587e-05
 2.11195294e-04 1.05703608e-04 2.04896320e-04 8.22960096e-05]","['user_limit' 'user_limit' 'user_limit' 'user_limit' 'user_limit'
 'user_limit' 'user_limit' 'user_limit' 'user_limit' 'user_limit'
 'user_limit' 'user_limit' 'user_limit' 'user_limit' 'user_limit'
 'user_limit' 'user_limit' 'user_limit' 'user_limit' 'user_limit'
 'user_limit' 'user_limit' 'user_limit' 'user_limit' 'user_limit'
 'user_limit' 'user_limit' 'user_limit' 'user_limit' 'user_limit'
 'user_limit' 'user_limit' 'user_limit' 'user_limit' 'user_limit'
 'user_limit' 'user_limit' 'user_limit' 'user_limit' 'user_limit'
 'user_limit' 'user_limit' 'user_limit' 'user_limit' 'user_limit'
 'user_limit' 'user_limit' 'user_limit' 'user_limit' 'user_limit'
 'user_limit' 'user_limit' 'user_limit' 'user_limit' 'user_limit'
 'user_limit' 'user_limit' 'user_limit' 'user_limit' 'user_limit'
 'user_limit' 'user_limit' 'user_limit' 'user_limit' 'user_limit'
 'user_limit' 'user_limit' 'user_limit' 'user_limit' 'user_limit'
 'user_limit' 'user_limit' 'user_limit' 'user_limit' 'user_limit'
 'user_limit' 'user_limit' 'user_limit' 'user_limit' 'user_limit'
 'user_limit' 'user_limit' 'user_limit' 'user_limit' 'user_limit'
 'user_limit' 'user_limit' 'user_limit' 'user_limit' 'user_limit'
 'user_limit' 'user_limit' 'user_limit' 'user_limit' 'user_limit'
 'user_limit' 'user_limit' 'user_limit' 'user_limit' 'user_limit']","{'x_traj': array([[0.9999972 , 0.99594439, 0.00236432, ..., 0.28479732, 0.04106165,
        0.        ],
       [0.99999705, 0.99594601, 0.00242921, ..., 0.28479683, 0.04107327,
        0.        ],
       [0.99999689, 0.9959476 , 0.00249282, ..., 0.28479634, 0.04108467,
        0.        ],
       ...,
       [0.99998662, 0.99601399, 0.00517237, ..., 0.2847754 , 0.04156491,
        0.        ],
       [0.99998657, 0.99601422, 0.00518172, ..., 0.28477533, 0.04156658,
        0.        ],
       [0.99998653, 0.99601444, 0.00519088, ..., 0.28477526, 0.04156823,
        0.        ]], shape=(100, 11)), 'u_traj': array([[0., 0.],
       [0., 0.],
       [0., 0.],
       [0., 0.],
       [0., 0.],
       [0., 0.],
       [0., 0.],
       [0., 0.],
       [0., 0.],
       [0., 0.],
       [0., 0.],
       [0., 0.],
       [0., 0.],
       [0., 0.],
       [0., 0.],
       [0., 0.],
       [0., 0.],
       [0., 0.],
       [0., 0.],
       [0., 0.],
       [0., 0.],
       [0., 0.],
       [0., 0.],
       [0., 0.],
       [0., 0.],
       [0., 0.],
       [0., 0.],
       [0., 0.],
       [0., 0.],
       [0., 0.],
       [0., 0.],
       [0., 0.],
       [0., 0.],
       [0., 0.],
       [0., 0.],
       [0., 0.],
       [0., 0.],
       [0., 0.],
       [0., 0.],
       [0., 0.],
       [0., 0.],
       [0., 0.],
       [0., 0.],
       [0., 0.],
       [0., 0.],
       [0., 0.],
       [0., 0.],
       [0., 0.],
       [0., 0.],
       [0., 0.],
       [0., 0.],
       [0., 0.],
       [0., 0.],
       [0., 0.],
       [0., 0.],
       [0., 0.],
       [0., 0.],
       [0., 0.],
       [0., 0.],
       [0., 0.],
       [0., 0.],
       [0., 0.],
       [0., 0.],
       [0., 0.],
       [0., 0.],
       [0., 0.],
       [0., 0.],
       [0., 0.],
       [0., 0.],
       [0., 0.],
       [0., 0.],
       [0., 0.],
       [0., 0.],
       [0., 0.],
       [0., 0.],
       [0., 0.],
       [0., 0.],
       [0., 0.],
       [0., 0.],
       [0., 0.],
       [0., 0.],
       [0., 0.],
       [0., 0.],
       [0., 0.],
       [0., 0.],
       [0., 0.],
       [0., 0.],
       [0., 0.],
       [0., 0.],
       [0., 0.],
       [0., 0.],
       [0., 0.],
       [0., 0.],
       [0., 0.],
       [0., 0.],
       [0., 0.],
       [0., 0.],
       [0., 0.],
       [0., 0.],
       [0., 0.]]), 'target_traj': array([[0.043, 0.09 ],
       [0.043, 0.09 ],
       [0.043, 0.09 ],
       [0.043, 0.09 ],
       [0.043, 0.09 ],
       [0.043, 0.09 ],
       [0.043, 0.09 ],
       [0.043, 0.09 ],
       [0.043, 0.09 ],
       [0.043, 0.09 ],
       [0.043, 0.09 ],
       [0.043, 0.09 ],
       [0.043, 0.09 ],
       [0.043, 0.09 ],
       [0.043, 0.09 ],
       [0.043, 0.09 ],
       [0.043, 0.09 ],
       [0.043, 0.09 ],
       [0.043, 0.09 ],
       [0.043, 0.09 ],
       [0.043, 0.09 ],
       [0.043, 0.09 ],
       [0.043, 0.09 ],
       [0.043, 0.09 ],
       [0.043, 0.09 ],
       [0.043, 0.09 ],
       [0.043, 0.09 ],
       [0.043, 0.09 ],
       [0.043, 0.09 ],
       [0.043, 0.09 ],
       [0.043, 0.09 ],
       [0.043, 0.09 ],
       [0.043, 0.09 ],
       [0.043, 0.09 ],
       [0.043, 0.09 ],
       [0.043, 0.09 ],
       [0.043, 0.09 ],
       [0.043, 0.09 ],
       [0.043, 0.09 ],
       [0.043, 0.09 ],
       [0.043, 0.09 ],
       [0.043, 0.09 ],
       [0.043, 0.09 ],
       [0.043, 0.09 ],
       [0.043, 0.09 ],
       [0.043, 0.09 ],
       [0.043, 0.09 ],
       [0.043, 0.09 ],
       [0.043, 0.09 ],
       [0.043, 0.09 ],
       [0.043, 0.09 ],
       [0.043, 0.09 ],
       [0.043, 0.09 ],
       [0.043, 0.09 ],
       [0.043, 0.09 ],
       [0.043, 0.09 ],
       [0.043, 0.09 ],
       [0.043, 0.09 ],
       [0.043, 0.09 ],
       [0.043, 0.09 ],
       [0.043, 0.09 ],
       [0.043, 0.09 ],
       [0.043, 0.09 ],
       [0.043, 0.09 ],
       [0.043, 0.09 ],
       [0.043, 0.09 ],
       [0.043, 0.09 ],
       [0.043, 0.09 ],
       [0.043, 0.09 ],
       [0.043, 0.09 ],
       [0.043, 0.09 ],
       [0.043, 0.09 ],
       [0.043, 0.09 ],
       [0.043, 0.09 ],
       [0.043, 0.09 ],
       [0.043, 0.09 ],
       [0.043, 0.09 ],
       [0.043, 0.09 ],
       [0.043, 0.09 ],
       [0.043, 0.09 ],
       [0.043, 0.09 ],
       [0.043, 0.09 ],
       [0.043, 0.09 ],
       [0.043, 0.09 ],
       [0.043, 0.09 ],
       [0.043, 0.09 ],
       [0.043, 0.09 ],
       [0.043, 0.09 ],
       [0.043, 0.09 ],
       [0.043, 0.09 ],
       [0.043, 0.09 ],
       [0.043, 0.09 ],
       [0.043, 0.09 ],
       [0.043, 0.09 ],
       [0.043, 0.09 ],
       [0.043, 0.09 ],
       [0.043, 0.09 ],
       [0.043, 0.09 ],
       [0.043, 0.09 ],
       [0.043, 0.09 ]]), 'err': array([0.18457954, 0.18457408, 0.18456873, 0.18456348, 0.18455834,
       0.1845533 , 0.18454836, 0.18454352, 0.18453877, 0.18453412,
       0.18452956, 0.18452509, 0.18452071, 0.18451641, 0.1845122 ,
       0.18450807, 0.18450403, 0.18450006, 0.18449618, 0.18449237,
       0.18448863, 0.18448497, 0.18448138, 0.18447786, 0.18447442,
       0.18447103, 0.18446772, 0.18446447, 0.18446129, 0.18445817,
       0.18445511, 0.18445211, 0.18444917, 0.18444629, 0.18444347,
       0.1844407 , 0.18443799, 0.18443533, 0.18443272, 0.18443016,
       0.18442766, 0.1844252 , 0.1844228 , 0.18442044, 0.18441812,
       0.18441586, 0.18441363, 0.18441146, 0.18440932, 0.18440723,
       0.18440518, 0.18440316, 0.18440119, 0.18439926, 0.18439737,
       0.18439551, 0.18439369, 0.18439191, 0.18439016, 0.18438844,
       0.18438676, 0.18438511, 0.1843835 , 0.18438192, 0.18438037,
       0.18437885, 0.18437736, 0.18437589, 0.18437446, 0.18437306,
       0.18437168, 0.18437033, 0.18436901, 0.18436771, 0.18436644,
       0.1843652 , 0.18436398, 0.18436278, 0.18436161, 0.18436046,
       0.18435933, 0.18435823, 0.18435714, 0.18435608, 0.18435504,
       0.18435402, 0.18435302, 0.18435204, 0.18435108, 0.18435014,
       0.18434922, 0.18434831, 0.18434743, 0.18434656, 0.1843457 ,
       0.18434487, 0.18434405, 0.18434325, 0.18434246, 0.18434169])}"
1,fixed_k,iid,100,90,10.617474151254687,"[0.91187209 1.27038284 1.24367184 1.3080614  1.30963734 1.32654346
 1.31926999 1.32931206 1.31337002 1.32382449 1.30947586 1.32947977
 1.32612991 1.33099262 1.33074077 1.33475086 1.3321161  1.33147707
 1.32611567 1.33099163 1.3293173  1.32952609 1.327876   1.3344462
 1.32687078 1.33654069 1.32512957 1.33122545 1.32729388 1.31766105
 1.32093633 1.30821689 1.31156214 1.3296913  1.31031208 1.32281478
 1.3068159  1.31358547 1.32626645 1.32139754 1.32640828 1.31154171
 1.3252573  1.31785318 1.32758683 1.31338921 1.31428083 1.32822074
 1.32603012 1.33299943 1.33424472 1.33777185 1.32135323 1.32949024
 1.32226794 1.32930228 1.31180638 1.3204554  1.31217067 1.31236523
 1.32742478 1.31319906 1.31916748 1.31336682 1.32574171 1.30934233
 1.31981616 1.31144762 1.32386793 1.32615484 1.33098045 1.32168791
 1.32704417 1.314793   1.31996879 1.31052258 1.32384699 1.31396804
 1.31544026 1.32483103 1.31880513 1.31834925 1.31369554 1.31581669
 1.32446312 1.31338    1.31973277 1.32546779 1.33044731 1.31233537
 1.32433058 1.31840473 1.31924297 1.31139002 1.31680397 1.32372918
 1.30981609 1.32824437 1.31502254 1.31347465]",0.13604906954401788,0.18442414880289587,0,"[525.86232126 521.80113643 520.74372396 519.71167885 523.10070489
 521.00485656 524.92143586 530.05512804 521.49556484 518.55428889
 525.85074492 523.34917523 525.46965797 520.08068841 551.34514906
 523.93847238 518.56065542 527.40093321 524.79637228 520.308204
 525.54004639 524.99082871 531.00540116 552.69801989 529.01879977
 521.98763471 521.86139207 526.34385973 533.10684301 524.2453916
 542.82796569 520.12605127 522.35532645 522.05253672 517.84071699
 518.62527896 520.32172866 516.57378301 520.01221757 522.21872099
 524.35595263 525.41042771 522.15371281 522.8936458  524.97511823
 520.08949872 523.22185133 524.4475333  523.83341454 518.48933473
 520.3235317  527.76444983 518.59831717 523.31175376 520.98589949
 520.02856694 529.85991165 520.79619654 521.39916271 526.34744346
 520.30031383 523.97507243 522.90641982 518.63152161 519.68523953
 518.65140256 527.87529957 519.72850505 519.06738523 521.04627062
 519.64193676 525.55226907 522.67868165 523.03956263 525.69168061
 522.68031612 526.62924211 528.48866396 525.24378989 519.22746841
 522.23958168 524.84393306 523.7111384  519.78317183 524.6128384
 518.6003074  527.15472225 520.99932544 521.38586901 526.15927532
 524.0710685  528.11785042 521.99583314 523.1225593  524.32297356
 525.44816397 528.64690311 521.89543936 524.50047061 519.41000111]",0,0,"[1.95124740e-04 4.87879999e-05 7.49900260e-05 1.85132969e-04
 1.94682898e-04 9.74294389e-05 2.01256727e-04 1.01424437e-04
 1.94871743e-04 6.83981705e-05 1.42620129e-04 7.98478385e-05
 1.64042499e-04 1.46949733e-04 1.77706792e-04 1.48569535e-04
 1.24153989e-04 1.54443981e-04 1.92149003e-04 1.52484409e-04
 1.52059292e-04 1.73036295e-04 9.42168941e-05 1.45753259e-04
 1.52506023e-04 1.12517661e-04 1.76507791e-04 1.42808919e-04
 5.88643197e-05 2.07112471e-04 7.86944481e-05 1.94789819e-04
 1.55870059e-04 3.26985085e-05 1.75102526e-04 1.90430589e-05
 1.98108765e-04 4.69407809e-05 9.19953337e-05 1.79636449e-04
 2.88436350e-05 1.95383743e-04 6.22032791e-05 1.79773123e-04
 5.89192994e-05 1.34896263e-04 1.45231214e-04 1.00197379e-04
 1.69082561e-04 1.60575394e-04 1.12267305e-04 1.40887855e-04
 1.56547168e-04 2.25251543e-05 1.95866906e-04 9.79893057e-05
 1.89929909e-04 6.84272402e-05 1.27643124e-04 1.78514003e-04
 7.50051872e-05 1.89349861e-04 2.48234261e-05 2.10131518e-04
 4.32500577e-05 2.10796370e-04 5.08182391e-05 1.41841577e-04
 1.31611724e-04 8.76017342e-05 1.52082083e-04 1.92150420e-04
 2.04048657e-05 2.04425461e-04 1.15540761e-04 1.97412098e-04
 6.52345172e-05 1.27409801e-04 1.76594747e-04 1.16331690e-05
 1.87862067e-04 1.39570198e-04 7.89804799e-05 1.91625342e-04
 1.45708593e-04 1.91790043e-04 3.09827817e-05 2.04345603e-04
 1.13689883e-04 2.11642142e-04 6.16819842e-05 1.61421733e-04
 2.11073975e-04 2.85187127e-05 2.16232235e-04 2.07037587e-05
 2.11195294e-04 1.05703608e-04 2.04896320e-04 8.22960096e-05]","['user_limit' 'user_limit' 'user_limit' 'user_limit' 'user_limit'
 'user_limit' 'user_limit' 'user_limit' 'user_limit' 'user_limit'
 'user_limit' 'user_limit' 'user_limit' 'user_limit' 'user_limit'
 'user_limit' 'user_limit' 'user_limit' 'user_limit' 'user_limit'
 'user_limit' 'user_limit' 'user_limit' 'user_limit' 'user_limit'
 'user_limit' 'user_limit' 'user_limit' 'user_limit' 'user_limit'
 'user_limit' 'user_limit' 'user_limit' 'user_limit' 'user_limit'
 'user_limit' 'user_limit' 'user_limit' 'user_limit' 'user_limit'
 'user_limit' 'user_limit' 'user_limit' 'user_limit' 'user_limit'
 'user_limit' 'user_limit' 'user_limit' 'user_limit' 'user_limit'
 'user_limit' 'user_limit' 'user_limit' 'user_limit' 'user_limit'
 'user_limit' 'user_limit' 'user_limit' 'user_limit' 'user_limit'
 'user_limit' 'user_limit' 'user_limit' 'user_limit' 'user_limit'
 'user_limit' 'user_limit' 'user_limit' 'user_limit' 'user_limit'
 'user_limit' 'user_limit' 'user_limit' 'user_limit' 'user_limit'
 'user_limit' 'user_limit' 'user_limit' 'user_limit' 'user_limit'
 'user_limit' 'user_limit' 'user_limit' 'user_limit' 'user_limit'
 'user_limit' 'user_limit' 'user_limit' 'user_limit' 'user_limit'
 'user_limit' 'user_limit' 'user_limit' 'user_limit' 'user_limit'
 'user_limit' 'user_limit' 'user_limit' 'user_limit' 'user_limit']","{'x_traj': array([[0.9999972 , 0.99594439, 0.00236432, ..., 0.28479732, 0.04106165,
        0.        ],
       [0.99999705, 0.99594601, 0.00242921, ..., 0.28479683, 0.04107327,
        0.        ],
       [0.99999689, 0.9959476 , 0.00249282, ..., 0.28479634, 0.04108467,
        0.        ],
       ...,
       [0.99998662, 0.99601399, 0.00517237, ..., 0.2847754 , 0.04156491,
        0.        ],
       [0.99998657, 0.99601422, 0.00518172, ..., 0.28477533, 0.04156658,
        0.        ],
       [0.99998653, 0.99601444, 0.00519088, ..., 0.28477526, 0.04156823,
        0.        ]], shape=(100, 11)), 'u_traj': array([[0., 0.],
       [0., 0.],
       [0., 0.],
       [0., 0.],
       [0., 0.],
       [0., 0.],
       [0., 0.],
       [0., 0.],
       [0., 0.],
       [0., 0.],
       [0., 0.],
       [0., 0.],
       [0., 0.],
       [0., 0.],
       [0., 0.],
       [0., 0.],
       [0., 0.],
       [0., 0.],
       [0., 0.],
       [0., 0.],
       [0., 0.],
       [0., 0.],
       [0., 0.],
       [0., 0.],
       [0., 0.],
       [0., 0.],
       [0., 0.],
       [0., 0.],
       [0., 0.],
       [0., 0.],
       [0., 0.],
       [0., 0.],
       [0., 0.],
       [0., 0.],
       [0., 0.],
       [0., 0.],
       [0., 0.],
       [0., 0.],
       [0., 0.],
       [0., 0.],
       [0., 0.],
       [0., 0.],
       [0., 0.],
       [0., 0.],
       [0., 0.],
       [0., 0.],
       [0., 0.],
       [0., 0.],
       [0., 0.],
       [0., 0.],
       [0., 0.],
       [0., 0.],
       [0., 0.],
       [0., 0.],
       [0., 0.],
       [0., 0.],
       [0., 0.],
       [0., 0.],
       [0., 0.],
       [0., 0.],
       [0., 0.],
       [0., 0.],
       [0., 0.],
       [0., 0.],
       [0., 0.],
       [0., 0.],
       [0., 0.],
       [0., 0.],
       [0., 0.],
       [0., 0.],
       [0., 0.],
       [0., 0.],
       [0., 0.],
       [0., 0.],
       [0., 0.],
       [0., 0.],
       [0., 0.],
       [0., 0.],
       [0., 0.],
       [0., 0.],
       [0., 0.],
       [0., 0.],
       [0., 0.],
       [0., 0.],
       [0., 0.],
       [0., 0.],
       [0., 0.],
       [0., 0.],
       [0., 0.],
       [0., 0.],
       [0., 0.],
       [0., 0.],
       [0., 0.],
       [0., 0.],
       [0., 0.],
       [0., 0.],
       [0., 0.],
       [0., 0.],
       [0., 0.],
       [0., 0.]]), 'target_traj': array([[0.043, 0.09 ],
       [0.043, 0.09 ],
       [0.043, 0.09 ],
       [0.043, 0.09 ],
       [0.043, 0.09 ],
       [0.043, 0.09 ],
       [0.043, 0.09 ],
       [0.043, 0.09 ],
       [0.043, 0.09 ],
       [0.043, 0.09 ],
       [0.043, 0.09 ],
       [0.043, 0.09 ],
       [0.043, 0.09 ],
       [0.043, 0.09 ],
       [0.043, 0.09 ],
       [0.043, 0.09 ],
       [0.043, 0.09 ],
       [0.043, 0.09 ],
       [0.043, 0.09 ],
       [0.043, 0.09 ],
       [0.043, 0.09 ],
       [0.043, 0.09 ],
       [0.043, 0.09 ],
       [0.043, 0.09 ],
       [0.043, 0.09 ],
       [0.043, 0.09 ],
       [0.043, 0.09 ],
       [0.043, 0.09 ],
       [0.043, 0.09 ],
       [0.043, 0.09 ],
       [0.043, 0.09 ],
       [0.043, 0.09 ],
       [0.043, 0.09 ],
       [0.043, 0.09 ],
       [0.043, 0.09 ],
       [0.043, 0.09 ],
       [0.043, 0.09 ],
       [0.043, 0.09 ],
       [0.043, 0.09 ],
       [0.043, 0.09 ],
       [0.043, 0.09 ],
       [0.043, 0.09 ],
       [0.043, 0.09 ],
       [0.043, 0.09 ],
       [0.043, 0.09 ],
       [0.043, 0.09 ],
       [0.043, 0.09 ],
       [0.043, 0.09 ],
       [0.043, 0.09 ],
       [0.043, 0.09 ],
       [0.043, 0.09 ],
       [0.043, 0.09 ],
       [0.043, 0.09 ],
       [0.043, 0.09 ],
       [0.043, 0.09 ],
       [0.043, 0.09 ],
       [0.043, 0.09 ],
       [0.043, 0.09 ],
       [0.043, 0.09 ],
       [0.043, 0.09 ],
       [0.043, 0.09 ],
       [0.043, 0.09 ],
       [0.043, 0.09 ],
       [0.043, 0.09 ],
       [0.043, 0.09 ],
       [0.043, 0.09 ],
       [0.043, 0.09 ],
       [0.043, 0.09 ],
       [0.043, 0.09 ],
       [0.043, 0.09 ],
       [0.043, 0.09 ],
       [0.043, 0.09 ],
       [0.043, 0.09 ],
       [0.043, 0.09 ],
       [0.043, 0.09 ],
       [0.043, 0.09 ],
       [0.043, 0.09 ],
       [0.043, 0.09 ],
       [0.043, 0.09 ],
       [0.043, 0.09 ],
       [0.043, 0.09 ],
       [0.043, 0.09 ],
       [0.043, 0.09 ],
       [0.043, 0.09 ],
       [0.043, 0.09 ],
       [0.043, 0.09 ],
       [0.043, 0.09 ],
       [0.043, 0.09 ],
       [0.043, 0.09 ],
       [0.043, 0.09 ],
       [0.043, 0.09 ],
       [0.043, 0.09 ],
       [0.043, 0.09 ],
       [0.043, 0.09 ],
       [0.043, 0.09 ],
       [0.043, 0.09 ],
       [0.043, 0.09 ],
       [0.043, 0.09 ],
       [0.043, 0.09 ],
       [0.043, 0.09 ]]), 'err': array([0.18457954, 0.18457408, 0.18456873, 0.18456348, 0.18455834,
       0.1845533 , 0.18454836, 0.18454352, 0.18453877, 0.18453412,
       0.18452956, 0.18452509, 0.18452071, 0.18451641, 0.1845122 ,
       0.18450807, 0.18450403, 0.18450006, 0.18449618, 0.18449237,
       0.18448863, 0.18448497, 0.18448138, 0.18447786, 0.18447442,
       0.18447103, 0.18446772, 0.18446447, 0.18446129, 0.18445817,
       0.18445511, 0.18445211, 0.18444917, 0.18444629, 0.18444347,
       0.1844407 , 0.18443799, 0.18443533, 0.18443272, 0.18443016,
       0.18442766, 0.1844252 , 0.1844228 , 0.18442044, 0.18441812,
       0.18441586, 0.18441363, 0.18441146, 0.18440932, 0.18440723,
       0.18440518, 0.18440316, 0.18440119, 0.18439926, 0.18439737,
       0.18439551, 0.18439369, 0.18439191, 0.18439016, 0.18438844,
       0.18438676, 0.18438511, 0.1843835 , 0.18438192, 0.18438037,
       0.18437885, 0.18437736, 0.18437589, 0.18437446, 0.18437306,
       0.18437168, 0.18437033, 0.18436901, 0.18436771, 0.18436644,
       0.1843652 , 0.18436398, 0.18436278, 0.18436161, 0.18436046,
       0.18435933, 0.18435823, 0.18435714, 0.18435608, 0.18435504,
       0.18435402, 0.18435302, 0.18435204, 0.18435108, 0.18435014,
       0.18434922, 0.18434831, 0.18434743, 0.18434656, 0.1843457 ,
       0.18434487, 0.18434405, 0.18434325, 0.18434246, 0.18434169])}"
2,fixed_k,iid,100,10,10.617474151254687,"[0.90111503 1.2468196  1.30882932 1.32417648 1.33463745 1.3215157
 1.32086374 1.31398825 1.3270992  1.31835183 1.32144733 1.31802182
 1.32167175 1.31512972 1.31925875 1.32220827 1.31488505 1.32244767
 1.32017006 1.31902858 1.32549545 1.32207683 1.32127976 1.32259924
 1.31878658 1.32082316 1.31646713 1.32308607 1.32011238 1.31945005
 1.31787831 1.3197894  1.32097276 1.32172045 1.31923607 1.31048011
 1.3248382  1.31408382 1.32691661 1.31871669 1.31734966 1.32274189
 1.3166569  1.31997438 1.32725008 1.31975944 1.32431698 1.32510494
 1.32022567 1.32291162 1.31687058 1.32190789 1.32588632 1.31934941
 1.32106794 1.31561494 1.3186135  1.3226301  1.31466778 1.32788763
 1.32596611 1.31596466 1.32566513 1.31450002 1.32350926 1.32359465
 1.32283228 1.31684851 1.32691661 1.32053535 1.31719615 1.32398815
 1.31589008 1.32263198 1.31992732 1.32167908 1.32081463 1.31487066
 1.32874502 1.31847484 1.32219286 1.32181234 1.3236556  1.31563213
 1.32448715 1.3195264  1.32496154 1.32002815 1.32410782 1.3216198
 1.32635262 1.32109428 1.32502081 1.31962975 1.32646811 1.32279432
 1.31855962 1.3230285  1.32712205 1.31783634]",0.15493181658930624,0.1968068908792437,0,"[527.15935837 519.5252113  517.72258896 522.00506069 533.64547715
 519.30217352 541.94559623 520.46975493 522.19391335 527.74897125
 522.63781428 527.64735557 521.35293931 518.63482408 525.80616903
 522.39625249 518.55059247 535.3686586  516.31298568 525.12264065
 518.97938736 519.47499067 522.31933456 518.58778112 534.24598835
 521.4358503  522.7539679  519.6283171  523.58714864 524.67124816
 520.38240526 518.29331461 519.45333276 521.28823474 522.90244401
 521.25080489 518.08023173 522.84562122 518.84491183 522.22752012
 520.66403534 521.76891081 519.5964342  522.38914091 525.59055295
 661.6613064  526.8954495  522.90508989 529.27747741 522.64557686
 522.6898035  524.56574328 518.70464999 526.38314944 520.41542437
 523.23577087 521.29340172 523.98512419 526.33414418 520.55509947
 529.56337482 522.18697872 524.49758723 525.36037005 523.83365296
 519.95882671 523.61789718 520.5815332  524.17783346 520.65602876
 523.02954439 523.60947058 519.22326721 537.7455214  518.94277893
 517.50132721 520.73567268 523.64042588 527.55438909 522.0147986
 521.14873659 528.43541373 519.2853827  526.88737866 524.53351486
 520.64564172 518.07557978 518.35244242 526.54068917 517.65012741
 519.124154   518.50424707 519.85331345 526.17466822 519.29071452
 521.81057073 520.6938684  521.92517091 524.46854394 529.64391652]",0,0,"[2.02007518e-04 2.19354540e-04 1.91942001e-04 2.28786611e-04
 6.53223396e-05 3.10697793e-05 1.81108203e-04 1.87775575e-04
 1.91325535e-04 1.40164887e-04 1.49298465e-04 1.13913876e-04
 1.77358417e-04 1.13341771e-04 1.85175677e-04 1.50362630e-04
 1.90096124e-04 1.57869719e-04 2.03848056e-04 1.68005816e-04
 1.89744775e-04 1.53486892e-04 1.84361519e-04 1.53515197e-04
 1.92491647e-04 1.60969953e-04 1.78929676e-04 1.08972505e-04
 2.03648733e-04 1.60045967e-04 2.00790535e-04 8.52474623e-05
 2.20233661e-04 2.25351897e-04 2.11936977e-04 1.51899218e-04
 1.88620309e-04 1.72616617e-04 1.92213834e-04 1.38516614e-04
 1.80571400e-04 1.49561197e-04 1.87629135e-04 8.98729258e-05
 2.08690873e-04 1.71432692e-04 1.87831111e-04 1.57482801e-04
 1.87347714e-04 1.57030701e-04 1.81369535e-04 8.78387170e-05
 2.09094018e-04 1.75177389e-04 1.83705325e-04 1.11042217e-04
 1.92521412e-04 8.69565624e-05 2.07837206e-04 1.20901165e-04
 2.24693663e-04 2.25154439e-04 2.13851372e-04 1.78719943e-04
 2.18473388e-04 2.36186353e-04 2.06967668e-04 1.84128600e-04
 1.92463082e-04 1.35060451e-04 1.80791780e-04 9.11730178e-05
 2.06640524e-04 1.21002022e-04 2.19383473e-04 2.36996293e-04
 2.11559386e-04 1.84885210e-04 1.69431496e-04 1.19590245e-04
 1.82998876e-04 7.97447462e-05 2.09112701e-04 1.13295892e-04
 1.92666309e-04 9.44034298e-05 2.11705614e-04 1.22792592e-04
 1.91007323e-04 6.85650524e-05 2.10859422e-04 9.79578983e-05
 2.04816037e-04 1.16613827e-04 1.86125025e-04 1.63431312e-04
 1.78659094e-04 8.72363591e-05 2.06833001e-04 1.08369441e-04]","['user_limit' 'user_limit' 'user_limit' 'user_limit' 'user_limit'
 'user_limit' 'user_limit' 'user_limit' 'user_limit' 'user_limit'
 'user_limit' 'user_limit' 'user_limit' 'user_limit' 'user_limit'
 'user_limit' 'user_limit' 'user_limit' 'user_limit' 'user_limit'
 'user_limit' 'user_limit' 'user_limit' 'user_limit' 'user_limit'
 'user_limit' 'user_limit' 'user_limit' 'user_limit' 'user_limit'
 'user_limit' 'user_limit' 'user_limit' 'user_limit' 'user_limit'
 'user_limit' 'user_limit' 'user_limit' 'user_limit' 'user_limit'
 'user_limit' 'user_limit' 'user_limit' 'user_limit' 'user_limit'
 'user_limit' 'user_limit' 'user_limit' 'user_limit' 'user_limit'
 'user_limit' 'user_limit' 'user_limit' 'user_limit' 'user_limit'
 'user_limit' 'user_limit' 'user_limit' 'user_limit' 'user_limit'
 'user_limit' 'user_limit' 'user_limit' 'user_limit' 'user_limit'
 'user_limit' 'user_limit' 'user_limit' 'user_limit' 'user_limit'
 'user_limit' 'user_limit' 'user_limit' 'user_limit' 'user_limit'
 'user_limit' 'user_limit' 'user_limit' 'user_limit' 'user_limit'
 'user_limit' 'user_limit' 'user_limit' 'user_limit' 'user_limit'
 'user_limit' 'user_limit' 'user_limit' 'user_limit' 'user_limit'
 'user_limit' 'user_limit' 'user_limit' 'user_limit' 'user_limit'
 'user_limit' 'user_limit' 'user_limit' 'user_limit' 'user_limit']","{'x_traj': array([[ 0.99886364,  0.99918799, -0.04765951, ...,  0.16942071,
        -0.10585541,  0.        ],
       [ 0.99886069,  0.99918444, -0.04772124, ...,  0.16941896,
        -0.10587801,  0.        ],
       [ 0.9988578 ,  0.99918095, -0.04778175, ...,  0.16941725,
        -0.10590016,  0.        ],
       ...,
       [ 0.99873255,  0.99902721, -0.0503319 , ...,  0.16934261,
        -0.10683315,  0.        ],
       [ 0.9987321 ,  0.99902666, -0.0503408 , ...,  0.16934234,
        -0.1068364 ,  0.        ],
       [ 0.99873166,  0.99902611, -0.05034952, ...,  0.16934207,
        -0.10683959,  0.        ]], shape=(100, 11)), 'u_traj': array([[0., 0.],
       [0., 0.],
       [0., 0.],
       [0., 0.],
       [0., 0.],
       [0., 0.],
       [0., 0.],
       [0., 0.],
       [0., 0.],
       [0., 0.],
       [0., 0.],
       [0., 0.],
       [0., 0.],
       [0., 0.],
       [0., 0.],
       [0., 0.],
       [0., 0.],
       [0., 0.],
       [0., 0.],
       [0., 0.],
       [0., 0.],
       [0., 0.],
       [0., 0.],
       [0., 0.],
       [0., 0.],
       [0., 0.],
       [0., 0.],
       [0., 0.],
       [0., 0.],
       [0., 0.],
       [0., 0.],
       [0., 0.],
       [0., 0.],
       [0., 0.],
       [0., 0.],
       [0., 0.],
       [0., 0.],
       [0., 0.],
       [0., 0.],
       [0., 0.],
       [0., 0.],
       [0., 0.],
       [0., 0.],
       [0., 0.],
       [0., 0.],
       [0., 0.],
       [0., 0.],
       [0., 0.],
       [0., 0.],
       [0., 0.],
       [0., 0.],
       [0., 0.],
       [0., 0.],
       [0., 0.],
       [0., 0.],
       [0., 0.],
       [0., 0.],
       [0., 0.],
       [0., 0.],
       [0., 0.],
       [0., 0.],
       [0., 0.],
       [0., 0.],
       [0., 0.],
       [0., 0.],
       [0., 0.],
       [0., 0.],
       [0., 0.],
       [0., 0.],
       [0., 0.],
       [0., 0.],
       [0., 0.],
       [0., 0.],
       [0., 0.],
       [0., 0.],
       [0., 0.],
       [0., 0.],
       [0., 0.],
       [0., 0.],
       [0., 0.],
       [0., 0.],
       [0., 0.],
       [0., 0.],
       [0., 0.],
       [0., 0.],
       [0., 0.],
       [0., 0.],
       [0., 0.],
       [0., 0.],
       [0., 0.],
       [0., 0.],
       [0., 0.],
       [0., 0.],
       [0., 0.],
       [0., 0.],
       [0., 0.],
       [0., 0.],
       [0., 0.],
       [0., 0.],
       [0., 0.]]), 'target_traj': array([[0.043, 0.09 ],
       [0.043, 0.09 ],
       [0.043, 0.09 ],
       [0.043, 0.09 ],
       [0.043, 0.09 ],
       [0.043, 0.09 ],
       [0.043, 0.09 ],
       [0.043, 0.09 ],
       [0.043, 0.09 ],
       [0.043, 0.09 ],
       [0.043, 0.09 ],
       [0.043, 0.09 ],
       [0.043, 0.09 ],
       [0.043, 0.09 ],
       [0.043, 0.09 ],
       [0.043, 0.09 ],
       [0.043, 0.09 ],
       [0.043, 0.09 ],
       [0.043, 0.09 ],
       [0.043, 0.09 ],
       [0.043, 0.09 ],
       [0.043, 0.09 ],
       [0.043, 0.09 ],
       [0.043, 0.09 ],
       [0.043, 0.09 ],
       [0.043, 0.09 ],
       [0.043, 0.09 ],
       [0.043, 0.09 ],
       [0.043, 0.09 ],
       [0.043, 0.09 ],
       [0.043, 0.09 ],
       [0.043, 0.09 ],
       [0.043, 0.09 ],
       [0.043, 0.09 ],
       [0.043, 0.09 ],
       [0.043, 0.09 ],
       [0.043, 0.09 ],
       [0.043, 0.09 ],
       [0.043, 0.09 ],
       [0.043, 0.09 ],
       [0.043, 0.09 ],
       [0.043, 0.09 ],
       [0.043, 0.09 ],
       [0.043, 0.09 ],
       [0.043, 0.09 ],
       [0.043, 0.09 ],
       [0.043, 0.09 ],
       [0.043, 0.09 ],
       [0.043, 0.09 ],
       [0.043, 0.09 ],
       [0.043, 0.09 ],
       [0.043, 0.09 ],
       [0.043, 0.09 ],
       [0.043, 0.09 ],
       [0.043, 0.09 ],
       [0.043, 0.09 ],
       [0.043, 0.09 ],
       [0.043, 0.09 ],
       [0.043, 0.09 ],
       [0.043, 0.09 ],
       [0.043, 0.09 ],
       [0.043, 0.09 ],
       [0.043, 0.09 ],
       [0.043, 0.09 ],
       [0.043, 0.09 ],
       [0.043, 0.09 ],
       [0.043, 0.09 ],
       [0.043, 0.09 ],
       [0.043, 0.09 ],
       [0.043, 0.09 ],
       [0.043, 0.09 ],
       [0.043, 0.09 ],
       [0.043, 0.09 ],
       [0.043, 0.09 ],
       [0.043, 0.09 ],
       [0.043, 0.09 ],
       [0.043, 0.09 ],
       [0.043, 0.09 ],
       [0.043, 0.09 ],
       [0.043, 0.09 ],
       [0.043, 0.09 ],
       [0.043, 0.09 ],
       [0.043, 0.09 ],
       [0.043, 0.09 ],
       [0.043, 0.09 ],
       [0.043, 0.09 ],
       [0.043, 0.09 ],
       [0.043, 0.09 ],
       [0.043, 0.09 ],
       [0.043, 0.09 ],
       [0.043, 0.09 ],
       [0.043, 0.09 ],
       [0.043, 0.09 ],
       [0.043, 0.09 ],
       [0.043, 0.09 ],
       [0.043, 0.09 ],
       [0.043, 0.09 ],
       [0.043, 0.09 ],
       [0.043, 0.09 ],
       [0.043, 0.09 ]]), 'err': array([0.19650728, 0.19651782, 0.19652814, 0.19653826, 0.19654818,
       0.1965579 , 0.19656743, 0.19657677, 0.19658592, 0.19659489,
       0.19660369, 0.19661231, 0.19662076, 0.19662904, 0.19663716,
       0.19664512, 0.19665292, 0.19666057, 0.19666806, 0.19667541,
       0.19668261, 0.19668967, 0.19669658, 0.19670336, 0.19671001,
       0.19671653, 0.19672291, 0.19672917, 0.19673531, 0.19674132,
       0.19674722, 0.19675299, 0.19675866, 0.19676421, 0.19676965,
       0.19677499, 0.19678021, 0.19678534, 0.19679036, 0.19679529,
       0.19680011, 0.19680484, 0.19680948, 0.19681403, 0.19681848,
       0.19682285, 0.19682713, 0.19683132, 0.19683544, 0.19683947,
       0.19684342, 0.19684729, 0.19685109, 0.19685481, 0.19685846,
       0.19686204, 0.19686554, 0.19686898, 0.19687234, 0.19687565,
       0.19687888, 0.19688205, 0.19688516, 0.19688821, 0.1968912 ,
       0.19689412, 0.19689699, 0.19689981, 0.19690256, 0.19690527,
       0.19690792, 0.19691051, 0.19691306, 0.19691555, 0.196918  ,
       0.1969204 , 0.19692275, 0.19692505, 0.19692731, 0.19692952,
       0.19693169, 0.19693382, 0.1969359 , 0.19693795, 0.19693995,
       0.19694191, 0.19694384, 0.19694572, 0.19694757, 0.19694938,
       0.19695116, 0.1969529 , 0.19695461, 0.19695628, 0.19695792,
       0.19695953, 0.1969611 , 0.19696265, 0.19696416, 0.19696565])}"
2,fixed_k,iid,100,20,10.617474151254687,"[0.90111503 1.2468196  1.30882932 1.32417648 1.33463745 1.3215157
 1.32086374 1.31398825 1.3270992  1.31835183 1.32144733 1.31802182
 1.32167175 1.31512972 1.31925875 1.32220827 1.31488505 1.32244767
 1.32017006 1.31902858 1.32549545 1.32207683 1.32127976 1.32259924
 1.31878658 1.32082316 1.31646713 1.32308607 1.32011238 1.31945005
 1.31787831 1.3197894  1.32097276 1.32172045 1.31923607 1.31048011
 1.3248382  1.31408382 1.32691661 1.31871669 1.31734966 1.32274189
 1.3166569  1.31997438 1.32725008 1.31975944 1.32431698 1.32510494
 1.32022567 1.32291162 1.31687058 1.32190789 1.32588632 1.31934941
 1.32106794 1.31561494 1.3186135  1.3226301  1.31466778 1.32788763
 1.32596611 1.31596466 1.32566513 1.31450002 1.32350926 1.32359465
 1.32283228 1.31684851 1.32691661 1.32053535 1.31719615 1.32398815
 1.31589008 1.32263198 1.31992732 1.32167908 1.32081463 1.31487066
 1.32874502 1.31847484 1.32219286 1.32181234 1.3236556  1.31563213
 1.32448715 1.3195264  1.32496154 1.32002815 1.32410782 1.3216198
 1.32635262 1.32109428 1.32502081 1.31962975 1.32646811 1.32279432
 1.31855962 1.3230285  1.32712205 1.31783634]",0.15493181658930624,0.1968068908792437,0,"[525.14922619 529.09148484 519.08532344 519.81861796 520.05948313
 522.33451884 524.54920765 519.80357338 522.43694663 519.86464672
 520.89171205 524.90254957 523.77757337 521.10937238 518.1408776
 526.74140222 527.96968911 521.94950543 519.83784046 524.22878798
 521.02616522 524.83076788 518.95949244 521.62159141 521.74685616
 519.9300684  524.77067243 523.25733472 519.33372207 520.50023805
 529.98582926 527.58804057 520.54867428 529.02533766 523.81662466
 525.99148825 526.31734218 523.39310944 520.23487631 518.73741113
 521.62598539 527.40886714 521.21412661 520.05251963 540.10745883
 523.05454109 523.08446541 520.99267766 519.18448042 521.28364053
 523.40200543 533.68994873 524.53665622 520.38935665 519.26107053
 517.25208294 522.65815903 518.03408656 519.69115715 518.60824786
 521.23727463 518.8854998  519.62143742 521.44576702 520.40413115
 522.67362643 522.99221046 522.59958629 525.78868344 524.52942263
 522.14388922 519.10457108 516.9645641  528.62960938 523.90747797
 520.76439932 521.43605147 519.50026676 521.93007804 518.83782074
 521.138696   520.3418266  519.00405809 521.10765874 518.48495193
 560.6202567  526.90515481 524.59853981 520.38516011 521.8312433
 527.49266848 520.19416168 522.85136469 523.13704416 520.72051074
 523.83714914 523.73959776 519.35908105 520.36319301 541.68150108]",0,0,"[2.02007518e-04 2.19354540e-04 1.91942001e-04 2.28786611e-04
 6.53223396e-05 3.10697793e-05 1.81108203e-04 1.87775575e-04
 1.91325535e-04 1.40164887e-04 1.49298465e-04 1.13913876e-04
 1.77358417e-04 1.13341771e-04 1.85175677e-04 1.50362630e-04
 1.90096124e-04 1.57869719e-04 2.03848056e-04 1.68005816e-04
 1.89744775e-04 1.53486892e-04 1.84361519e-04 1.53515197e-04
 1.92491647e-04 1.60969953e-04 1.78929676e-04 1.08972505e-04
 2.03648733e-04 1.60045967e-04 2.00790535e-04 8.52474623e-05
 2.20233661e-04 2.25351897e-04 2.11936977e-04 1.51899218e-04
 1.88620309e-04 1.72616617e-04 1.92213834e-04 1.38516614e-04
 1.80571400e-04 1.49561197e-04 1.87629135e-04 8.98729258e-05
 2.08690873e-04 1.71432692e-04 1.87831111e-04 1.57482801e-04
 1.87347714e-04 1.57030701e-04 1.81369535e-04 8.78387170e-05
 2.09094018e-04 1.75177389e-04 1.83705325e-04 1.11042217e-04
 1.92521412e-04 8.69565624e-05 2.07837206e-04 1.20901165e-04
 2.24693663e-04 2.25154439e-04 2.13851372e-04 1.78719943e-04
 2.18473388e-04 2.36186353e-04 2.06967668e-04 1.84128600e-04
 1.92463082e-04 1.35060451e-04 1.80791780e-04 9.11730178e-05
 2.06640524e-04 1.21002022e-04 2.19383473e-04 2.36996293e-04
 2.11559386e-04 1.84885210e-04 1.69431496e-04 1.19590245e-04
 1.82998876e-04 7.97447462e-05 2.09112701e-04 1.13295892e-04
 1.92666309e-04 9.44034298e-05 2.11705614e-04 1.22792592e-04
 1.91007323e-04 6.85650524e-05 2.10859422e-04 9.79578983e-05
 2.04816037e-04 1.16613827e-04 1.86125025e-04 1.63431312e-04
 1.78659094e-04 8.72363591e-05 2.06833001e-04 1.08369441e-04]","['user_limit' 'user_limit' 'user_limit' 'user_limit' 'user_limit'
 'user_limit' 'user_limit' 'user_limit' 'user_limit' 'user_limit'
 'user_limit' 'user_limit' 'user_limit' 'user_limit' 'user_limit'
 'user_limit' 'user_limit' 'user_limit' 'user_limit' 'user_limit'
 'user_limit' 'user_limit' 'user_limit' 'user_limit' 'user_limit'
 'user_limit' 'user_limit' 'user_limit' 'user_limit' 'user_limit'
 'user_limit' 'user_limit' 'user_limit' 'user_limit' 'user_limit'
 'user_limit' 'user_limit' 'user_limit' 'user_limit' 'user_limit'
 'user_limit' 'user_limit' 'user_limit' 'user_limit' 'user_limit'
 'user_limit' 'user_limit' 'user_limit' 'user_limit' 'user_limit'
 'user_limit' 'user_limit' 'user_limit' 'user_limit' 'user_limit'
 'user_limit' 'user_limit' 'user_limit' 'user_limit' 'user_limit'
 'user_limit' 'user_limit' 'user_limit' 'user_limit' 'user_limit'
 'user_limit' 'user_limit' 'user_limit' 'user_limit' 'user_limit'
 'user_limit' 'user_limit' 'user_limit' 'user_limit' 'user_limit'
 'user_limit' 'user_limit' 'user_limit' 'user_limit' 'user_limit'
 'user_limit' 'user_limit' 'user_limit' 'user_limit' 'user_limit'
 'user_limit' 'user_limit' 'user_limit' 'user_limit' 'user_limit'
 'user_limit' 'user_limit' 'user_limit' 'user_limit' 'user_limit'
 'user_limit' 'user_limit' 'user_limit' 'user_limit' 'user_limit']","{'x_traj': array([[ 0.99886364,  0.99918799, -0.04765951, ...,  0.16942071,
        -0.10585541,  0.        ],
       [ 0.99886069,  0.99918444, -0.04772124, ...,  0.16941896,
        -0.10587801,  0.        ],
       [ 0.9988578 ,  0.99918095, -0.04778175, ...,  0.16941725,
        -0.10590016,  0.        ],
       ...,
       [ 0.99873255,  0.99902721, -0.0503319 , ...,  0.16934261,
        -0.10683315,  0.        ],
       [ 0.9987321 ,  0.99902666, -0.0503408 , ...,  0.16934234,
        -0.1068364 ,  0.        ],
       [ 0.99873166,  0.99902611, -0.05034952, ...,  0.16934207,
        -0.10683959,  0.        ]], shape=(100, 11)), 'u_traj': array([[0., 0.],
       [0., 0.],
       [0., 0.],
       [0., 0.],
       [0., 0.],
       [0., 0.],
       [0., 0.],
       [0., 0.],
       [0., 0.],
       [0., 0.],
       [0., 0.],
       [0., 0.],
       [0., 0.],
       [0., 0.],
       [0., 0.],
       [0., 0.],
       [0., 0.],
       [0., 0.],
       [0., 0.],
       [0., 0.],
       [0., 0.],
       [0., 0.],
       [0., 0.],
       [0., 0.],
       [0., 0.],
       [0., 0.],
       [0., 0.],
       [0., 0.],
       [0., 0.],
       [0., 0.],
       [0., 0.],
       [0., 0.],
       [0., 0.],
       [0., 0.],
       [0., 0.],
       [0., 0.],
       [0., 0.],
       [0., 0.],
       [0., 0.],
       [0., 0.],
       [0., 0.],
       [0., 0.],
       [0., 0.],
       [0., 0.],
       [0., 0.],
       [0., 0.],
       [0., 0.],
       [0., 0.],
       [0., 0.],
       [0., 0.],
       [0., 0.],
       [0., 0.],
       [0., 0.],
       [0., 0.],
       [0., 0.],
       [0., 0.],
       [0., 0.],
       [0., 0.],
       [0., 0.],
       [0., 0.],
       [0., 0.],
       [0., 0.],
       [0., 0.],
       [0., 0.],
       [0., 0.],
       [0., 0.],
       [0., 0.],
       [0., 0.],
       [0., 0.],
       [0., 0.],
       [0., 0.],
       [0., 0.],
       [0., 0.],
       [0., 0.],
       [0., 0.],
       [0., 0.],
       [0., 0.],
       [0., 0.],
       [0., 0.],
       [0., 0.],
       [0., 0.],
       [0., 0.],
       [0., 0.],
       [0., 0.],
       [0., 0.],
       [0., 0.],
       [0., 0.],
       [0., 0.],
       [0., 0.],
       [0., 0.],
       [0., 0.],
       [0., 0.],
       [0., 0.],
       [0., 0.],
       [0., 0.],
       [0., 0.],
       [0., 0.],
       [0., 0.],
       [0., 0.],
       [0., 0.]]), 'target_traj': array([[0.043, 0.09 ],
       [0.043, 0.09 ],
       [0.043, 0.09 ],
       [0.043, 0.09 ],
       [0.043, 0.09 ],
       [0.043, 0.09 ],
       [0.043, 0.09 ],
       [0.043, 0.09 ],
       [0.043, 0.09 ],
       [0.043, 0.09 ],
       [0.043, 0.09 ],
       [0.043, 0.09 ],
       [0.043, 0.09 ],
       [0.043, 0.09 ],
       [0.043, 0.09 ],
       [0.043, 0.09 ],
       [0.043, 0.09 ],
       [0.043, 0.09 ],
       [0.043, 0.09 ],
       [0.043, 0.09 ],
       [0.043, 0.09 ],
       [0.043, 0.09 ],
       [0.043, 0.09 ],
       [0.043, 0.09 ],
       [0.043, 0.09 ],
       [0.043, 0.09 ],
       [0.043, 0.09 ],
       [0.043, 0.09 ],
       [0.043, 0.09 ],
       [0.043, 0.09 ],
       [0.043, 0.09 ],
       [0.043, 0.09 ],
       [0.043, 0.09 ],
       [0.043, 0.09 ],
       [0.043, 0.09 ],
       [0.043, 0.09 ],
       [0.043, 0.09 ],
       [0.043, 0.09 ],
       [0.043, 0.09 ],
       [0.043, 0.09 ],
       [0.043, 0.09 ],
       [0.043, 0.09 ],
       [0.043, 0.09 ],
       [0.043, 0.09 ],
       [0.043, 0.09 ],
       [0.043, 0.09 ],
       [0.043, 0.09 ],
       [0.043, 0.09 ],
       [0.043, 0.09 ],
       [0.043, 0.09 ],
       [0.043, 0.09 ],
       [0.043, 0.09 ],
       [0.043, 0.09 ],
       [0.043, 0.09 ],
       [0.043, 0.09 ],
       [0.043, 0.09 ],
       [0.043, 0.09 ],
       [0.043, 0.09 ],
       [0.043, 0.09 ],
       [0.043, 0.09 ],
       [0.043, 0.09 ],
       [0.043, 0.09 ],
       [0.043, 0.09 ],
       [0.043, 0.09 ],
       [0.043, 0.09 ],
       [0.043, 0.09 ],
       [0.043, 0.09 ],
       [0.043, 0.09 ],
       [0.043, 0.09 ],
       [0.043, 0.09 ],
       [0.043, 0.09 ],
       [0.043, 0.09 ],
       [0.043, 0.09 ],
       [0.043, 0.09 ],
       [0.043, 0.09 ],
       [0.043, 0.09 ],
       [0.043, 0.09 ],
       [0.043, 0.09 ],
       [0.043, 0.09 ],
       [0.043, 0.09 ],
       [0.043, 0.09 ],
       [0.043, 0.09 ],
       [0.043, 0.09 ],
       [0.043, 0.09 ],
       [0.043, 0.09 ],
       [0.043, 0.09 ],
       [0.043, 0.09 ],
       [0.043, 0.09 ],
       [0.043, 0.09 ],
       [0.043, 0.09 ],
       [0.043, 0.09 ],
       [0.043, 0.09 ],
       [0.043, 0.09 ],
       [0.043, 0.09 ],
       [0.043, 0.09 ],
       [0.043, 0.09 ],
       [0.043, 0.09 ],
       [0.043, 0.09 ],
       [0.043, 0.09 ],
       [0.043, 0.09 ]]), 'err': array([0.19650728, 0.19651782, 0.19652814, 0.19653826, 0.19654818,
       0.1965579 , 0.19656743, 0.19657677, 0.19658592, 0.19659489,
       0.19660369, 0.19661231, 0.19662076, 0.19662904, 0.19663716,
       0.19664512, 0.19665292, 0.19666057, 0.19666806, 0.19667541,
       0.19668261, 0.19668967, 0.19669658, 0.19670336, 0.19671001,
       0.19671653, 0.19672291, 0.19672917, 0.19673531, 0.19674132,
       0.19674722, 0.19675299, 0.19675866, 0.19676421, 0.19676965,
       0.19677499, 0.19678021, 0.19678534, 0.19679036, 0.19679529,
       0.19680011, 0.19680484, 0.19680948, 0.19681403, 0.19681848,
       0.19682285, 0.19682713, 0.19683132, 0.19683544, 0.19683947,
       0.19684342, 0.19684729, 0.19685109, 0.19685481, 0.19685846,
       0.19686204, 0.19686554, 0.19686898, 0.19687234, 0.19687565,
       0.19687888, 0.19688205, 0.19688516, 0.19688821, 0.1968912 ,
       0.19689412, 0.19689699, 0.19689981, 0.19690256, 0.19690527,
       0.19690792, 0.19691051, 0.19691306, 0.19691555, 0.196918  ,
       0.1969204 , 0.19692275, 0.19692505, 0.19692731, 0.19692952,
       0.19693169, 0.19693382, 0.1969359 , 0.19693795, 0.19693995,
       0.19694191, 0.19694384, 0.19694572, 0.19694757, 0.19694938,
       0.19695116, 0.1969529 , 0.19695461, 0.19695628, 0.19695792,
       0.19695953, 0.1969611 , 0.19696265, 0.19696416, 0.19696565])}"
2,fixed_k,iid,100,30,10.617474151254687,"[0.90111503 1.2468196  1.30882932 1.32417648 1.33463745 1.3215157
 1.32086374 1.31398825 1.3270992  1.31835183 1.32144733 1.31802182
 1.32167175 1.31512972 1.31925875 1.32220827 1.31488505 1.32244767
 1.32017006 1.31902858 1.32549545 1.32207683 1.32127976 1.32259924
 1.31878658 1.32082316 1.31646713 1.32308607 1.32011238 1.31945005
 1.31787831 1.3197894  1.32097276 1.32172045 1.31923607 1.31048011
 1.3248382  1.31408382 1.32691661 1.31871669 1.31734966 1.32274189
 1.3166569  1.31997438 1.32725008 1.31975944 1.32431698 1.32510494
 1.32022567 1.32291162 1.31687058 1.32190789 1.32588632 1.31934941
 1.32106794 1.31561494 1.3186135  1.3226301  1.31466778 1.32788763
 1.32596611 1.31596466 1.32566513 1.31450002 1.32350926 1.32359465
 1.32283228 1.31684851 1.32691661 1.32053535 1.31719615 1.32398815
 1.31589008 1.32263198 1.31992732 1.32167908 1.32081463 1.31487066
 1.32874502 1.31847484 1.32219286 1.32181234 1.3236556  1.31563213
 1.32448715 1.3195264  1.32496154 1.32002815 1.32410782 1.3216198
 1.32635262 1.32109428 1.32502081 1.31962975 1.32646811 1.32279432
 1.31855962 1.3230285  1.32712205 1.31783634]",0.15493181658930624,0.1968068908792437,0,"[525.07707197 517.30941329 526.88191459 522.1750522  522.09829725
 524.87060986 517.4959749  521.97076287 517.92534906 520.41274216
 519.6246421  518.99540704 518.86833273 524.2952276  519.41234898
 520.71464062 522.08303474 522.26392552 523.59043434 522.53564913
 526.19465534 520.46543732 527.64786407 525.26619751 516.94133598
 520.56081034 518.39483436 523.24938681 523.271963   529.35299557
 519.02928855 526.9273892  518.98163557 554.26228233 522.70696778
 518.95124651 518.7188033  524.07766413 529.66599353 519.02878005
 526.64894052 517.95827877 524.74682592 523.43011275 518.58311519
 521.41190507 519.78049614 520.31018585 522.44549617 522.88220171
 518.17369554 523.46323989 523.378307   527.15786267 533.95657241
 525.50828364 521.97540738 518.89610291 525.5898675  516.86070859
 521.4869054  518.0651322  522.58469351 523.71812891 520.75580508
 518.05894636 517.77121425 526.97205823 524.86120071 519.28213611
 523.48333318 523.16179592 518.70575827 527.86526829 525.22404492
 524.47166201 522.74083812 517.58517511 526.12653468 520.7401691
 519.16091796 519.41930596 523.41456991 522.58413658 520.71475144
 520.81389073 522.70397544 534.85004138 521.07748948 521.40928712
 525.18387325 518.36222224 526.18396282 519.69973836 520.59034072
 519.90030706 519.51844618 528.14586833 518.64553895 519.84030847]",0,0,"[2.02007518e-04 2.19354540e-04 1.91942001e-04 2.28786611e-04
 6.53223396e-05 3.10697793e-05 1.81108203e-04 1.87775575e-04
 1.91325535e-04 1.40164887e-04 1.49298465e-04 1.13913876e-04
 1.77358417e-04 1.13341771e-04 1.85175677e-04 1.50362630e-04
 1.90096124e-04 1.57869719e-04 2.03848056e-04 1.68005816e-04
 1.89744775e-04 1.53486892e-04 1.84361519e-04 1.53515197e-04
 1.92491647e-04 1.60969953e-04 1.78929676e-04 1.08972505e-04
 2.03648733e-04 1.60045967e-04 2.00790535e-04 8.52474623e-05
 2.20233661e-04 2.25351897e-04 2.11936977e-04 1.51899218e-04
 1.88620309e-04 1.72616617e-04 1.92213834e-04 1.38516614e-04
 1.80571400e-04 1.49561197e-04 1.87629135e-04 8.98729258e-05
 2.08690873e-04 1.71432692e-04 1.87831111e-04 1.57482801e-04
 1.87347714e-04 1.57030701e-04 1.81369535e-04 8.78387170e-05
 2.09094018e-04 1.75177389e-04 1.83705325e-04 1.11042217e-04
 1.92521412e-04 8.69565624e-05 2.07837206e-04 1.20901165e-04
 2.24693663e-04 2.25154439e-04 2.13851372e-04 1.78719943e-04
 2.18473388e-04 2.36186353e-04 2.06967668e-04 1.84128600e-04
 1.92463082e-04 1.35060451e-04 1.80791780e-04 9.11730178e-05
 2.06640524e-04 1.21002022e-04 2.19383473e-04 2.36996293e-04
 2.11559386e-04 1.84885210e-04 1.69431496e-04 1.19590245e-04
 1.82998876e-04 7.97447462e-05 2.09112701e-04 1.13295892e-04
 1.92666309e-04 9.44034298e-05 2.11705614e-04 1.22792592e-04
 1.91007323e-04 6.85650524e-05 2.10859422e-04 9.79578983e-05
 2.04816037e-04 1.16613827e-04 1.86125025e-04 1.63431312e-04
 1.78659094e-04 8.72363591e-05 2.06833001e-04 1.08369441e-04]","['user_limit' 'user_limit' 'user_limit' 'user_limit' 'user_limit'
 'user_limit' 'user_limit' 'user_limit' 'user_limit' 'user_limit'
 'user_limit' 'user_limit' 'user_limit' 'user_limit' 'user_limit'
 'user_limit' 'user_limit' 'user_limit' 'user_limit' 'user_limit'
 'user_limit' 'user_limit' 'user_limit' 'user_limit' 'user_limit'
 'user_limit' 'user_limit' 'user_limit' 'user_limit' 'user_limit'
 'user_limit' 'user_limit' 'user_limit' 'user_limit' 'user_limit'
 'user_limit' 'user_limit' 'user_limit' 'user_limit' 'user_limit'
 'user_limit' 'user_limit' 'user_limit' 'user_limit' 'user_limit'
 'user_limit' 'user_limit' 'user_limit' 'user_limit' 'user_limit'
 'user_limit' 'user_limit' 'user_limit' 'user_limit' 'user_limit'
 'user_limit' 'user_limit' 'user_limit' 'user_limit' 'user_limit'
 'user_limit' 'user_limit' 'user_limit' 'user_limit' 'user_limit'
 'user_limit' 'user_limit' 'user_limit' 'user_limit' 'user_limit'
 'user_limit' 'user_limit' 'user_limit' 'user_limit' 'user_limit'
 'user_limit' 'user_limit' 'user_limit' 'user_limit' 'user_limit'
 'user_limit' 'user_limit' 'user_limit' 'user_limit' 'user_limit'
 'user_limit' 'user_limit' 'user_limit' 'user_limit' 'user_limit'
 'user_limit' 'user_limit' 'user_limit' 'user_limit' 'user_limit'
 'user_limit' 'user_limit' 'user_limit' 'user_limit' 'user_limit']","{'x_traj': array([[ 0.99886364,  0.99918799, -0.04765951, ...,  0.16942071,
        -0.10585541,  0.        ],
       [ 0.99886069,  0.99918444, -0.04772124, ...,  0.16941896,
        -0.10587801,  0.        ],
       [ 0.9988578 ,  0.99918095, -0.04778175, ...,  0.16941725,
        -0.10590016,  0.        ],
       ...,
       [ 0.99873255,  0.99902721, -0.0503319 , ...,  0.16934261,
        -0.10683315,  0.        ],
       [ 0.9987321 ,  0.99902666, -0.0503408 , ...,  0.16934234,
        -0.1068364 ,  0.        ],
       [ 0.99873166,  0.99902611, -0.05034952, ...,  0.16934207,
        -0.10683959,  0.        ]], shape=(100, 11)), 'u_traj': array([[0., 0.],
       [0., 0.],
       [0., 0.],
       [0., 0.],
       [0., 0.],
       [0., 0.],
       [0., 0.],
       [0., 0.],
       [0., 0.],
       [0., 0.],
       [0., 0.],
       [0., 0.],
       [0., 0.],
       [0., 0.],
       [0., 0.],
       [0., 0.],
       [0., 0.],
       [0., 0.],
       [0., 0.],
       [0., 0.],
       [0., 0.],
       [0., 0.],
       [0., 0.],
       [0., 0.],
       [0., 0.],
       [0., 0.],
       [0., 0.],
       [0., 0.],
       [0., 0.],
       [0., 0.],
       [0., 0.],
       [0., 0.],
       [0., 0.],
       [0., 0.],
       [0., 0.],
       [0., 0.],
       [0., 0.],
       [0., 0.],
       [0., 0.],
       [0., 0.],
       [0., 0.],
       [0., 0.],
       [0., 0.],
       [0., 0.],
       [0., 0.],
       [0., 0.],
       [0., 0.],
       [0., 0.],
       [0., 0.],
       [0., 0.],
       [0., 0.],
       [0., 0.],
       [0., 0.],
       [0., 0.],
       [0., 0.],
       [0., 0.],
       [0., 0.],
       [0., 0.],
       [0., 0.],
       [0., 0.],
       [0., 0.],
       [0., 0.],
       [0., 0.],
       [0., 0.],
       [0., 0.],
       [0., 0.],
       [0., 0.],
       [0., 0.],
       [0., 0.],
       [0., 0.],
       [0., 0.],
       [0., 0.],
       [0., 0.],
       [0., 0.],
       [0., 0.],
       [0., 0.],
       [0., 0.],
       [0., 0.],
       [0., 0.],
       [0., 0.],
       [0., 0.],
       [0., 0.],
       [0., 0.],
       [0., 0.],
       [0., 0.],
       [0., 0.],
       [0., 0.],
       [0., 0.],
       [0., 0.],
       [0., 0.],
       [0., 0.],
       [0., 0.],
       [0., 0.],
       [0., 0.],
       [0., 0.],
       [0., 0.],
       [0., 0.],
       [0., 0.],
       [0., 0.],
       [0., 0.]]), 'target_traj': array([[0.043, 0.09 ],
       [0.043, 0.09 ],
       [0.043, 0.09 ],
       [0.043, 0.09 ],
       [0.043, 0.09 ],
       [0.043, 0.09 ],
       [0.043, 0.09 ],
       [0.043, 0.09 ],
       [0.043, 0.09 ],
       [0.043, 0.09 ],
       [0.043, 0.09 ],
       [0.043, 0.09 ],
       [0.043, 0.09 ],
       [0.043, 0.09 ],
       [0.043, 0.09 ],
       [0.043, 0.09 ],
       [0.043, 0.09 ],
       [0.043, 0.09 ],
       [0.043, 0.09 ],
       [0.043, 0.09 ],
       [0.043, 0.09 ],
       [0.043, 0.09 ],
       [0.043, 0.09 ],
       [0.043, 0.09 ],
       [0.043, 0.09 ],
       [0.043, 0.09 ],
       [0.043, 0.09 ],
       [0.043, 0.09 ],
       [0.043, 0.09 ],
       [0.043, 0.09 ],
       [0.043, 0.09 ],
       [0.043, 0.09 ],
       [0.043, 0.09 ],
       [0.043, 0.09 ],
       [0.043, 0.09 ],
       [0.043, 0.09 ],
       [0.043, 0.09 ],
       [0.043, 0.09 ],
       [0.043, 0.09 ],
       [0.043, 0.09 ],
       [0.043, 0.09 ],
       [0.043, 0.09 ],
       [0.043, 0.09 ],
       [0.043, 0.09 ],
       [0.043, 0.09 ],
       [0.043, 0.09 ],
       [0.043, 0.09 ],
       [0.043, 0.09 ],
       [0.043, 0.09 ],
       [0.043, 0.09 ],
       [0.043, 0.09 ],
       [0.043, 0.09 ],
       [0.043, 0.09 ],
       [0.043, 0.09 ],
       [0.043, 0.09 ],
       [0.043, 0.09 ],
       [0.043, 0.09 ],
       [0.043, 0.09 ],
       [0.043, 0.09 ],
       [0.043, 0.09 ],
       [0.043, 0.09 ],
       [0.043, 0.09 ],
       [0.043, 0.09 ],
       [0.043, 0.09 ],
       [0.043, 0.09 ],
       [0.043, 0.09 ],
       [0.043, 0.09 ],
       [0.043, 0.09 ],
       [0.043, 0.09 ],
       [0.043, 0.09 ],
       [0.043, 0.09 ],
       [0.043, 0.09 ],
       [0.043, 0.09 ],
       [0.043, 0.09 ],
       [0.043, 0.09 ],
       [0.043, 0.09 ],
       [0.043, 0.09 ],
       [0.043, 0.09 ],
       [0.043, 0.09 ],
       [0.043, 0.09 ],
       [0.043, 0.09 ],
       [0.043, 0.09 ],
       [0.043, 0.09 ],
       [0.043, 0.09 ],
       [0.043, 0.09 ],
       [0.043, 0.09 ],
       [0.043, 0.09 ],
       [0.043, 0.09 ],
       [0.043, 0.09 ],
       [0.043, 0.09 ],
       [0.043, 0.09 ],
       [0.043, 0.09 ],
       [0.043, 0.09 ],
       [0.043, 0.09 ],
       [0.043, 0.09 ],
       [0.043, 0.09 ],
       [0.043, 0.09 ],
       [0.043, 0.09 ],
       [0.043, 0.09 ],
       [0.043, 0.09 ]]), 'err': array([0.19650728, 0.19651782, 0.19652814, 0.19653826, 0.19654818,
       0.1965579 , 0.19656743, 0.19657677, 0.19658592, 0.19659489,
       0.19660369, 0.19661231, 0.19662076, 0.19662904, 0.19663716,
       0.19664512, 0.19665292, 0.19666057, 0.19666806, 0.19667541,
       0.19668261, 0.19668967, 0.19669658, 0.19670336, 0.19671001,
       0.19671653, 0.19672291, 0.19672917, 0.19673531, 0.19674132,
       0.19674722, 0.19675299, 0.19675866, 0.19676421, 0.19676965,
       0.19677499, 0.19678021, 0.19678534, 0.19679036, 0.19679529,
       0.19680011, 0.19680484, 0.19680948, 0.19681403, 0.19681848,
       0.19682285, 0.19682713, 0.19683132, 0.19683544, 0.19683947,
       0.19684342, 0.19684729, 0.19685109, 0.19685481, 0.19685846,
       0.19686204, 0.19686554, 0.19686898, 0.19687234, 0.19687565,
       0.19687888, 0.19688205, 0.19688516, 0.19688821, 0.1968912 ,
       0.19689412, 0.19689699, 0.19689981, 0.19690256, 0.19690527,
       0.19690792, 0.19691051, 0.19691306, 0.19691555, 0.196918  ,
       0.1969204 , 0.19692275, 0.19692505, 0.19692731, 0.19692952,
       0.19693169, 0.19693382, 0.1969359 , 0.19693795, 0.19693995,
       0.19694191, 0.19694384, 0.19694572, 0.19694757, 0.19694938,
       0.19695116, 0.1969529 , 0.19695461, 0.19695628, 0.19695792,
       0.19695953, 0.1969611 , 0.19696265, 0.19696416, 0.19696565])}"
2,fixed_k,iid,100,40,10.617474151254687,"[0.90111503 1.2468196  1.30882932 1.32417648 1.33463745 1.3215157
 1.32086374 1.31398825 1.3270992  1.31835183 1.32144733 1.31802182
 1.32167175 1.31512972 1.31925875 1.32220827 1.31488505 1.32244767
 1.32017006 1.31902858 1.32549545 1.32207683 1.32127976 1.32259924
 1.31878658 1.32082316 1.31646713 1.32308607 1.32011238 1.31945005
 1.31787831 1.3197894  1.32097276 1.32172045 1.31923607 1.31048011
 1.3248382  1.31408382 1.32691661 1.31871669 1.31734966 1.32274189
 1.3166569  1.31997438 1.32725008 1.31975944 1.32431698 1.32510494
 1.32022567 1.32291162 1.31687058 1.32190789 1.32588632 1.31934941
 1.32106794 1.31561494 1.3186135  1.3226301  1.31466778 1.32788763
 1.32596611 1.31596466 1.32566513 1.31450002 1.32350926 1.32359465
 1.32283228 1.31684851 1.32691661 1.32053535 1.31719615 1.32398815
 1.31589008 1.32263198 1.31992732 1.32167908 1.32081463 1.31487066
 1.32874502 1.31847484 1.32219286 1.32181234 1.3236556  1.31563213
 1.32448715 1.3195264  1.32496154 1.32002815 1.32410782 1.3216198
 1.32635262 1.32109428 1.32502081 1.31962975 1.32646811 1.32279432
 1.31855962 1.3230285  1.32712205 1.31783634]",0.15493181658930624,0.1968068908792437,0,"[669.96096633 520.71105409 519.99157201 521.91733103 521.54011279
 522.40499575 527.05094777 525.94618779 523.18726387 542.74700768
 527.09702216 542.32598282 518.87627412 522.70515822 518.83275155
 526.23690106 517.85173453 522.68422022 534.58535206 516.58684015
 525.65012779 524.15991481 519.79758311 517.36413687 527.2917971
 529.93906569 523.05007819 524.84101616 519.77996808 519.82508972
 525.22279322 521.59172855 521.31509036 521.09527681 518.05101894
 529.81904149 521.23847697 530.10710329 522.88554329 526.1039678
 527.62130369 520.8102297  526.71799809 524.96999875 522.34207094
 525.00598598 523.9586411  520.71116585 516.3211925  520.48755717
 523.63141254 517.85545051 521.21818345 520.62500361 524.19119235
 524.25088361 521.90753445 522.52356615 522.0869286  521.63771819
 526.60811134 523.85109756 520.82512714 520.47244925 517.90267508
 528.6405785  521.72651794 521.6732882  522.20407967 546.14117835
 524.10617657 522.28853386 523.30044191 518.2849057  524.40162189
 523.88061769 517.78595429 526.49173234 519.22458783 526.93003044
 520.7832735  520.76975722 520.16764227 524.40432552 525.35961382
 535.78335978 522.03936223 516.6391721  518.5335353  523.52123242
 522.08373509 518.4801612  519.06177029 520.49861755 534.54724327
 525.84064752 531.84523992 520.62534634 527.83815563 526.3121184 ]",0,0,"[2.02007518e-04 2.19354540e-04 1.91942001e-04 2.28786611e-04
 6.53223396e-05 3.10697793e-05 1.81108203e-04 1.87775575e-04
 1.91325535e-04 1.40164887e-04 1.49298465e-04 1.13913876e-04
 1.77358417e-04 1.13341771e-04 1.85175677e-04 1.50362630e-04
 1.90096124e-04 1.57869719e-04 2.03848056e-04 1.68005816e-04
 1.89744775e-04 1.53486892e-04 1.84361519e-04 1.53515197e-04
 1.92491647e-04 1.60969953e-04 1.78929676e-04 1.08972505e-04
 2.03648733e-04 1.60045967e-04 2.00790535e-04 8.52474623e-05
 2.20233661e-04 2.25351897e-04 2.11936977e-04 1.51899218e-04
 1.88620309e-04 1.72616617e-04 1.92213834e-04 1.38516614e-04
 1.80571400e-04 1.49561197e-04 1.87629135e-04 8.98729258e-05
 2.08690873e-04 1.71432692e-04 1.87831111e-04 1.57482801e-04
 1.87347714e-04 1.57030701e-04 1.81369535e-04 8.78387170e-05
 2.09094018e-04 1.75177389e-04 1.83705325e-04 1.11042217e-04
 1.92521412e-04 8.69565624e-05 2.07837206e-04 1.20901165e-04
 2.24693663e-04 2.25154439e-04 2.13851372e-04 1.78719943e-04
 2.18473388e-04 2.36186353e-04 2.06967668e-04 1.84128600e-04
 1.92463082e-04 1.35060451e-04 1.80791780e-04 9.11730178e-05
 2.06640524e-04 1.21002022e-04 2.19383473e-04 2.36996293e-04
 2.11559386e-04 1.84885210e-04 1.69431496e-04 1.19590245e-04
 1.82998876e-04 7.97447462e-05 2.09112701e-04 1.13295892e-04
 1.92666309e-04 9.44034298e-05 2.11705614e-04 1.22792592e-04
 1.91007323e-04 6.85650524e-05 2.10859422e-04 9.79578983e-05
 2.04816037e-04 1.16613827e-04 1.86125025e-04 1.63431312e-04
 1.78659094e-04 8.72363591e-05 2.06833001e-04 1.08369441e-04]","['user_limit' 'user_limit' 'user_limit' 'user_limit' 'user_limit'
 'user_limit' 'user_limit' 'user_limit' 'user_limit' 'user_limit'
 'user_limit' 'user_limit' 'user_limit' 'user_limit' 'user_limit'
 'user_limit' 'user_limit' 'user_limit' 'user_limit' 'user_limit'
 'user_limit' 'user_limit' 'user_limit' 'user_limit' 'user_limit'
 'user_limit' 'user_limit' 'user_limit' 'user_limit' 'user_limit'
 'user_limit' 'user_limit' 'user_limit' 'user_limit' 'user_limit'
 'user_limit' 'user_limit' 'user_limit' 'user_limit' 'user_limit'
 'user_limit' 'user_limit' 'user_limit' 'user_limit' 'user_limit'
 'user_limit' 'user_limit' 'user_limit' 'user_limit' 'user_limit'
 'user_limit' 'user_limit' 'user_limit' 'user_limit' 'user_limit'
 'user_limit' 'user_limit' 'user_limit' 'user_limit' 'user_limit'
 'user_limit' 'user_limit' 'user_limit' 'user_limit' 'user_limit'
 'user_limit' 'user_limit' 'user_limit' 'user_limit' 'user_limit'
 'user_limit' 'user_limit' 'user_limit' 'user_limit' 'user_limit'
 'user_limit' 'user_limit' 'user_limit' 'user_limit' 'user_limit'
 'user_limit' 'user_limit' 'user_limit' 'user_limit' 'user_limit'
 'user_limit' 'user_limit' 'user_limit' 'user_limit' 'user_limit'
 'user_limit' 'user_limit' 'user_limit' 'user_limit' 'user_limit'
 'user_limit' 'user_limit' 'user_limit' 'user_limit' 'user_limit']","{'x_traj': array([[ 0.99886364,  0.99918799, -0.04765951, ...,  0.16942071,
        -0.10585541,  0.        ],
       [ 0.99886069,  0.99918444, -0.04772124, ...,  0.16941896,
        -0.10587801,  0.        ],
       [ 0.9988578 ,  0.99918095, -0.04778175, ...,  0.16941725,
        -0.10590016,  0.        ],
       ...,
       [ 0.99873255,  0.99902721, -0.0503319 , ...,  0.16934261,
        -0.10683315,  0.        ],
       [ 0.9987321 ,  0.99902666, -0.0503408 , ...,  0.16934234,
        -0.1068364 ,  0.        ],
       [ 0.99873166,  0.99902611, -0.05034952, ...,  0.16934207,
        -0.10683959,  0.        ]], shape=(100, 11)), 'u_traj': array([[0., 0.],
       [0., 0.],
       [0., 0.],
       [0., 0.],
       [0., 0.],
       [0., 0.],
       [0., 0.],
       [0., 0.],
       [0., 0.],
       [0., 0.],
       [0., 0.],
       [0., 0.],
       [0., 0.],
       [0., 0.],
       [0., 0.],
       [0., 0.],
       [0., 0.],
       [0., 0.],
       [0., 0.],
       [0., 0.],
       [0., 0.],
       [0., 0.],
       [0., 0.],
       [0., 0.],
       [0., 0.],
       [0., 0.],
       [0., 0.],
       [0., 0.],
       [0., 0.],
       [0., 0.],
       [0., 0.],
       [0., 0.],
       [0., 0.],
       [0., 0.],
       [0., 0.],
       [0., 0.],
       [0., 0.],
       [0., 0.],
       [0., 0.],
       [0., 0.],
       [0., 0.],
       [0., 0.],
       [0., 0.],
       [0., 0.],
       [0., 0.],
       [0., 0.],
       [0., 0.],
       [0., 0.],
       [0., 0.],
       [0., 0.],
       [0., 0.],
       [0., 0.],
       [0., 0.],
       [0., 0.],
       [0., 0.],
       [0., 0.],
       [0., 0.],
       [0., 0.],
       [0., 0.],
       [0., 0.],
       [0., 0.],
       [0., 0.],
       [0., 0.],
       [0., 0.],
       [0., 0.],
       [0., 0.],
       [0., 0.],
       [0., 0.],
       [0., 0.],
       [0., 0.],
       [0., 0.],
       [0., 0.],
       [0., 0.],
       [0., 0.],
       [0., 0.],
       [0., 0.],
       [0., 0.],
       [0., 0.],
       [0., 0.],
       [0., 0.],
       [0., 0.],
       [0., 0.],
       [0., 0.],
       [0., 0.],
       [0., 0.],
       [0., 0.],
       [0., 0.],
       [0., 0.],
       [0., 0.],
       [0., 0.],
       [0., 0.],
       [0., 0.],
       [0., 0.],
       [0., 0.],
       [0., 0.],
       [0., 0.],
       [0., 0.],
       [0., 0.],
       [0., 0.],
       [0., 0.]]), 'target_traj': array([[0.043, 0.09 ],
       [0.043, 0.09 ],
       [0.043, 0.09 ],
       [0.043, 0.09 ],
       [0.043, 0.09 ],
       [0.043, 0.09 ],
       [0.043, 0.09 ],
       [0.043, 0.09 ],
       [0.043, 0.09 ],
       [0.043, 0.09 ],
       [0.043, 0.09 ],
       [0.043, 0.09 ],
       [0.043, 0.09 ],
       [0.043, 0.09 ],
       [0.043, 0.09 ],
       [0.043, 0.09 ],
       [0.043, 0.09 ],
       [0.043, 0.09 ],
       [0.043, 0.09 ],
       [0.043, 0.09 ],
       [0.043, 0.09 ],
       [0.043, 0.09 ],
       [0.043, 0.09 ],
       [0.043, 0.09 ],
       [0.043, 0.09 ],
       [0.043, 0.09 ],
       [0.043, 0.09 ],
       [0.043, 0.09 ],
       [0.043, 0.09 ],
       [0.043, 0.09 ],
       [0.043, 0.09 ],
       [0.043, 0.09 ],
       [0.043, 0.09 ],
       [0.043, 0.09 ],
       [0.043, 0.09 ],
       [0.043, 0.09 ],
       [0.043, 0.09 ],
       [0.043, 0.09 ],
       [0.043, 0.09 ],
       [0.043, 0.09 ],
       [0.043, 0.09 ],
       [0.043, 0.09 ],
       [0.043, 0.09 ],
       [0.043, 0.09 ],
       [0.043, 0.09 ],
       [0.043, 0.09 ],
       [0.043, 0.09 ],
       [0.043, 0.09 ],
       [0.043, 0.09 ],
       [0.043, 0.09 ],
       [0.043, 0.09 ],
       [0.043, 0.09 ],
       [0.043, 0.09 ],
       [0.043, 0.09 ],
       [0.043, 0.09 ],
       [0.043, 0.09 ],
       [0.043, 0.09 ],
       [0.043, 0.09 ],
       [0.043, 0.09 ],
       [0.043, 0.09 ],
       [0.043, 0.09 ],
       [0.043, 0.09 ],
       [0.043, 0.09 ],
       [0.043, 0.09 ],
       [0.043, 0.09 ],
       [0.043, 0.09 ],
       [0.043, 0.09 ],
       [0.043, 0.09 ],
       [0.043, 0.09 ],
       [0.043, 0.09 ],
       [0.043, 0.09 ],
       [0.043, 0.09 ],
       [0.043, 0.09 ],
       [0.043, 0.09 ],
       [0.043, 0.09 ],
       [0.043, 0.09 ],
       [0.043, 0.09 ],
       [0.043, 0.09 ],
       [0.043, 0.09 ],
       [0.043, 0.09 ],
       [0.043, 0.09 ],
       [0.043, 0.09 ],
       [0.043, 0.09 ],
       [0.043, 0.09 ],
       [0.043, 0.09 ],
       [0.043, 0.09 ],
       [0.043, 0.09 ],
       [0.043, 0.09 ],
       [0.043, 0.09 ],
       [0.043, 0.09 ],
       [0.043, 0.09 ],
       [0.043, 0.09 ],
       [0.043, 0.09 ],
       [0.043, 0.09 ],
       [0.043, 0.09 ],
       [0.043, 0.09 ],
       [0.043, 0.09 ],
       [0.043, 0.09 ],
       [0.043, 0.09 ],
       [0.043, 0.09 ]]), 'err': array([0.19650728, 0.19651782, 0.19652814, 0.19653826, 0.19654818,
       0.1965579 , 0.19656743, 0.19657677, 0.19658592, 0.19659489,
       0.19660369, 0.19661231, 0.19662076, 0.19662904, 0.19663716,
       0.19664512, 0.19665292, 0.19666057, 0.19666806, 0.19667541,
       0.19668261, 0.19668967, 0.19669658, 0.19670336, 0.19671001,
       0.19671653, 0.19672291, 0.19672917, 0.19673531, 0.19674132,
       0.19674722, 0.19675299, 0.19675866, 0.19676421, 0.19676965,
       0.19677499, 0.19678021, 0.19678534, 0.19679036, 0.19679529,
       0.19680011, 0.19680484, 0.19680948, 0.19681403, 0.19681848,
       0.19682285, 0.19682713, 0.19683132, 0.19683544, 0.19683947,
       0.19684342, 0.19684729, 0.19685109, 0.19685481, 0.19685846,
       0.19686204, 0.19686554, 0.19686898, 0.19687234, 0.19687565,
       0.19687888, 0.19688205, 0.19688516, 0.19688821, 0.1968912 ,
       0.19689412, 0.19689699, 0.19689981, 0.19690256, 0.19690527,
       0.19690792, 0.19691051, 0.19691306, 0.19691555, 0.196918  ,
       0.1969204 , 0.19692275, 0.19692505, 0.19692731, 0.19692952,
       0.19693169, 0.19693382, 0.1969359 , 0.19693795, 0.19693995,
       0.19694191, 0.19694384, 0.19694572, 0.19694757, 0.19694938,
       0.19695116, 0.1969529 , 0.19695461, 0.19695628, 0.19695792,
       0.19695953, 0.1969611 , 0.19696265, 0.19696416, 0.19696565])}"
2,fixed_k,iid,100,50,10.617474151254687,"[0.90111503 1.2468196  1.30882932 1.32417648 1.33463745 1.3215157
 1.32086374 1.31398825 1.3270992  1.31835183 1.32144733 1.31802182
 1.32167175 1.31512972 1.31925875 1.32220827 1.31488505 1.32244767
 1.32017006 1.31902858 1.32549545 1.32207683 1.32127976 1.32259924
 1.31878658 1.32082316 1.31646713 1.32308607 1.32011238 1.31945005
 1.31787831 1.3197894  1.32097276 1.32172045 1.31923607 1.31048011
 1.3248382  1.31408382 1.32691661 1.31871669 1.31734966 1.32274189
 1.3166569  1.31997438 1.32725008 1.31975944 1.32431698 1.32510494
 1.32022567 1.32291162 1.31687058 1.32190789 1.32588632 1.31934941
 1.32106794 1.31561494 1.3186135  1.3226301  1.31466778 1.32788763
 1.32596611 1.31596466 1.32566513 1.31450002 1.32350926 1.32359465
 1.32283228 1.31684851 1.32691661 1.32053535 1.31719615 1.32398815
 1.31589008 1.32263198 1.31992732 1.32167908 1.32081463 1.31487066
 1.32874502 1.31847484 1.32219286 1.32181234 1.3236556  1.31563213
 1.32448715 1.3195264  1.32496154 1.32002815 1.32410782 1.3216198
 1.32635262 1.32109428 1.32502081 1.31962975 1.32646811 1.32279432
 1.31855962 1.3230285  1.32712205 1.31783634]",0.15493181658930624,0.1968068908792437,0,"[525.59714485 516.39128011 521.36060782 521.78212162 521.93465084
 520.6377171  518.46510265 527.43580379 524.25033227 521.14722412
 522.0099967  525.34639742 523.69005326 522.7844445  526.65915899
 519.13652103 519.58774589 525.23140889 526.72514692 518.54240522
 519.93600931 522.4244846  528.14150788 520.4855958  518.1419896
 524.52492341 519.60417815 526.61768999 518.69330276 528.03095896
 521.42458782 519.81176063 524.44798499 521.26236912 520.45963239
 517.0758795  538.79922256 526.84623282 548.84356167 521.60346508
 521.79874945 520.53209208 523.86904787 525.39028507 517.30430499
 533.77925511 523.23697321 525.87672044 520.97100671 523.98552652
 520.24586685 519.21692397 524.62033648 524.26929213 522.46303763
 519.25327722 525.8953888  525.60012322 520.23357991 520.0719256
 517.56902318 523.3451454  526.16997063 540.4329244  527.23037731
 540.37101567 522.33695798 525.03958717 524.38343503 521.78511955
 519.03433632 518.97768769 523.0636308  524.13411438 524.87479709
 520.56336217 527.46957261 522.30900154 522.6267511  521.89033199
 525.08022916 519.85291857 525.42496659 521.63171209 522.04141393
 522.88794797 524.01520405 526.2093097  518.31075083 520.58255952
 516.85730554 529.16553151 520.63775435 520.99324483 522.16930129
 523.20499998 525.61377548 519.60431505 521.92351501 524.55819026]",0,0,"[2.02007518e-04 2.19354540e-04 1.91942001e-04 2.28786611e-04
 6.53223396e-05 3.10697793e-05 1.81108203e-04 1.87775575e-04
 1.91325535e-04 1.40164887e-04 1.49298465e-04 1.13913876e-04
 1.77358417e-04 1.13341771e-04 1.85175677e-04 1.50362630e-04
 1.90096124e-04 1.57869719e-04 2.03848056e-04 1.68005816e-04
 1.89744775e-04 1.53486892e-04 1.84361519e-04 1.53515197e-04
 1.92491647e-04 1.60969953e-04 1.78929676e-04 1.08972505e-04
 2.03648733e-04 1.60045967e-04 2.00790535e-04 8.52474623e-05
 2.20233661e-04 2.25351897e-04 2.11936977e-04 1.51899218e-04
 1.88620309e-04 1.72616617e-04 1.92213834e-04 1.38516614e-04
 1.80571400e-04 1.49561197e-04 1.87629135e-04 8.98729258e-05
 2.08690873e-04 1.71432692e-04 1.87831111e-04 1.57482801e-04
 1.87347714e-04 1.57030701e-04 1.81369535e-04 8.78387170e-05
 2.09094018e-04 1.75177389e-04 1.83705325e-04 1.11042217e-04
 1.92521412e-04 8.69565624e-05 2.07837206e-04 1.20901165e-04
 2.24693663e-04 2.25154439e-04 2.13851372e-04 1.78719943e-04
 2.18473388e-04 2.36186353e-04 2.06967668e-04 1.84128600e-04
 1.92463082e-04 1.35060451e-04 1.80791780e-04 9.11730178e-05
 2.06640524e-04 1.21002022e-04 2.19383473e-04 2.36996293e-04
 2.11559386e-04 1.84885210e-04 1.69431496e-04 1.19590245e-04
 1.82998876e-04 7.97447462e-05 2.09112701e-04 1.13295892e-04
 1.92666309e-04 9.44034298e-05 2.11705614e-04 1.22792592e-04
 1.91007323e-04 6.85650524e-05 2.10859422e-04 9.79578983e-05
 2.04816037e-04 1.16613827e-04 1.86125025e-04 1.63431312e-04
 1.78659094e-04 8.72363591e-05 2.06833001e-04 1.08369441e-04]","['user_limit' 'user_limit' 'user_limit' 'user_limit' 'user_limit'
 'user_limit' 'user_limit' 'user_limit' 'user_limit' 'user_limit'
 'user_limit' 'user_limit' 'user_limit' 'user_limit' 'user_limit'
 'user_limit' 'user_limit' 'user_limit' 'user_limit' 'user_limit'
 'user_limit' 'user_limit' 'user_limit' 'user_limit' 'user_limit'
 'user_limit' 'user_limit' 'user_limit' 'user_limit' 'user_limit'
 'user_limit' 'user_limit' 'user_limit' 'user_limit' 'user_limit'
 'user_limit' 'user_limit' 'user_limit' 'user_limit' 'user_limit'
 'user_limit' 'user_limit' 'user_limit' 'user_limit' 'user_limit'
 'user_limit' 'user_limit' 'user_limit' 'user_limit' 'user_limit'
 'user_limit' 'user_limit' 'user_limit' 'user_limit' 'user_limit'
 'user_limit' 'user_limit' 'user_limit' 'user_limit' 'user_limit'
 'user_limit' 'user_limit' 'user_limit' 'user_limit' 'user_limit'
 'user_limit' 'user_limit' 'user_limit' 'user_limit' 'user_limit'
 'user_limit' 'user_limit' 'user_limit' 'user_limit' 'user_limit'
 'user_limit' 'user_limit' 'user_limit' 'user_limit' 'user_limit'
 'user_limit' 'user_limit' 'user_limit' 'user_limit' 'user_limit'
 'user_limit' 'user_limit' 'user_limit' 'user_limit' 'user_limit'
 'user_limit' 'user_limit' 'user_limit' 'user_limit' 'user_limit'
 'user_limit' 'user_limit' 'user_limit' 'user_limit' 'user_limit']","{'x_traj': array([[ 0.99886364,  0.99918799, -0.04765951, ...,  0.16942071,
        -0.10585541,  0.        ],
       [ 0.99886069,  0.99918444, -0.04772124, ...,  0.16941896,
        -0.10587801,  0.        ],
       [ 0.9988578 ,  0.99918095, -0.04778175, ...,  0.16941725,
        -0.10590016,  0.        ],
       ...,
       [ 0.99873255,  0.99902721, -0.0503319 , ...,  0.16934261,
        -0.10683315,  0.        ],
       [ 0.9987321 ,  0.99902666, -0.0503408 , ...,  0.16934234,
        -0.1068364 ,  0.        ],
       [ 0.99873166,  0.99902611, -0.05034952, ...,  0.16934207,
        -0.10683959,  0.        ]], shape=(100, 11)), 'u_traj': array([[0., 0.],
       [0., 0.],
       [0., 0.],
       [0., 0.],
       [0., 0.],
       [0., 0.],
       [0., 0.],
       [0., 0.],
       [0., 0.],
       [0., 0.],
       [0., 0.],
       [0., 0.],
       [0., 0.],
       [0., 0.],
       [0., 0.],
       [0., 0.],
       [0., 0.],
       [0., 0.],
       [0., 0.],
       [0., 0.],
       [0., 0.],
       [0., 0.],
       [0., 0.],
       [0., 0.],
       [0., 0.],
       [0., 0.],
       [0., 0.],
       [0., 0.],
       [0., 0.],
       [0., 0.],
       [0., 0.],
       [0., 0.],
       [0., 0.],
       [0., 0.],
       [0., 0.],
       [0., 0.],
       [0., 0.],
       [0., 0.],
       [0., 0.],
       [0., 0.],
       [0., 0.],
       [0., 0.],
       [0., 0.],
       [0., 0.],
       [0., 0.],
       [0., 0.],
       [0., 0.],
       [0., 0.],
       [0., 0.],
       [0., 0.],
       [0., 0.],
       [0., 0.],
       [0., 0.],
       [0., 0.],
       [0., 0.],
       [0., 0.],
       [0., 0.],
       [0., 0.],
       [0., 0.],
       [0., 0.],
       [0., 0.],
       [0., 0.],
       [0., 0.],
       [0., 0.],
       [0., 0.],
       [0., 0.],
       [0., 0.],
       [0., 0.],
       [0., 0.],
       [0., 0.],
       [0., 0.],
       [0., 0.],
       [0., 0.],
       [0., 0.],
       [0., 0.],
       [0., 0.],
       [0., 0.],
       [0., 0.],
       [0., 0.],
       [0., 0.],
       [0., 0.],
       [0., 0.],
       [0., 0.],
       [0., 0.],
       [0., 0.],
       [0., 0.],
       [0., 0.],
       [0., 0.],
       [0., 0.],
       [0., 0.],
       [0., 0.],
       [0., 0.],
       [0., 0.],
       [0., 0.],
       [0., 0.],
       [0., 0.],
       [0., 0.],
       [0., 0.],
       [0., 0.],
       [0., 0.]]), 'target_traj': array([[0.043, 0.09 ],
       [0.043, 0.09 ],
       [0.043, 0.09 ],
       [0.043, 0.09 ],
       [0.043, 0.09 ],
       [0.043, 0.09 ],
       [0.043, 0.09 ],
       [0.043, 0.09 ],
       [0.043, 0.09 ],
       [0.043, 0.09 ],
       [0.043, 0.09 ],
       [0.043, 0.09 ],
       [0.043, 0.09 ],
       [0.043, 0.09 ],
       [0.043, 0.09 ],
       [0.043, 0.09 ],
       [0.043, 0.09 ],
       [0.043, 0.09 ],
       [0.043, 0.09 ],
       [0.043, 0.09 ],
       [0.043, 0.09 ],
       [0.043, 0.09 ],
       [0.043, 0.09 ],
       [0.043, 0.09 ],
       [0.043, 0.09 ],
       [0.043, 0.09 ],
       [0.043, 0.09 ],
       [0.043, 0.09 ],
       [0.043, 0.09 ],
       [0.043, 0.09 ],
       [0.043, 0.09 ],
       [0.043, 0.09 ],
       [0.043, 0.09 ],
       [0.043, 0.09 ],
       [0.043, 0.09 ],
       [0.043, 0.09 ],
       [0.043, 0.09 ],
       [0.043, 0.09 ],
       [0.043, 0.09 ],
       [0.043, 0.09 ],
       [0.043, 0.09 ],
       [0.043, 0.09 ],
       [0.043, 0.09 ],
       [0.043, 0.09 ],
       [0.043, 0.09 ],
       [0.043, 0.09 ],
       [0.043, 0.09 ],
       [0.043, 0.09 ],
       [0.043, 0.09 ],
       [0.043, 0.09 ],
       [0.043, 0.09 ],
       [0.043, 0.09 ],
       [0.043, 0.09 ],
       [0.043, 0.09 ],
       [0.043, 0.09 ],
       [0.043, 0.09 ],
       [0.043, 0.09 ],
       [0.043, 0.09 ],
       [0.043, 0.09 ],
       [0.043, 0.09 ],
       [0.043, 0.09 ],
       [0.043, 0.09 ],
       [0.043, 0.09 ],
       [0.043, 0.09 ],
       [0.043, 0.09 ],
       [0.043, 0.09 ],
       [0.043, 0.09 ],
       [0.043, 0.09 ],
       [0.043, 0.09 ],
       [0.043, 0.09 ],
       [0.043, 0.09 ],
       [0.043, 0.09 ],
       [0.043, 0.09 ],
       [0.043, 0.09 ],
       [0.043, 0.09 ],
       [0.043, 0.09 ],
       [0.043, 0.09 ],
       [0.043, 0.09 ],
       [0.043, 0.09 ],
       [0.043, 0.09 ],
       [0.043, 0.09 ],
       [0.043, 0.09 ],
       [0.043, 0.09 ],
       [0.043, 0.09 ],
       [0.043, 0.09 ],
       [0.043, 0.09 ],
       [0.043, 0.09 ],
       [0.043, 0.09 ],
       [0.043, 0.09 ],
       [0.043, 0.09 ],
       [0.043, 0.09 ],
       [0.043, 0.09 ],
       [0.043, 0.09 ],
       [0.043, 0.09 ],
       [0.043, 0.09 ],
       [0.043, 0.09 ],
       [0.043, 0.09 ],
       [0.043, 0.09 ],
       [0.043, 0.09 ],
       [0.043, 0.09 ]]), 'err': array([0.19650728, 0.19651782, 0.19652814, 0.19653826, 0.19654818,
       0.1965579 , 0.19656743, 0.19657677, 0.19658592, 0.19659489,
       0.19660369, 0.19661231, 0.19662076, 0.19662904, 0.19663716,
       0.19664512, 0.19665292, 0.19666057, 0.19666806, 0.19667541,
       0.19668261, 0.19668967, 0.19669658, 0.19670336, 0.19671001,
       0.19671653, 0.19672291, 0.19672917, 0.19673531, 0.19674132,
       0.19674722, 0.19675299, 0.19675866, 0.19676421, 0.19676965,
       0.19677499, 0.19678021, 0.19678534, 0.19679036, 0.19679529,
       0.19680011, 0.19680484, 0.19680948, 0.19681403, 0.19681848,
       0.19682285, 0.19682713, 0.19683132, 0.19683544, 0.19683947,
       0.19684342, 0.19684729, 0.19685109, 0.19685481, 0.19685846,
       0.19686204, 0.19686554, 0.19686898, 0.19687234, 0.19687565,
       0.19687888, 0.19688205, 0.19688516, 0.19688821, 0.1968912 ,
       0.19689412, 0.19689699, 0.19689981, 0.19690256, 0.19690527,
       0.19690792, 0.19691051, 0.19691306, 0.19691555, 0.196918  ,
       0.1969204 , 0.19692275, 0.19692505, 0.19692731, 0.19692952,
       0.19693169, 0.19693382, 0.1969359 , 0.19693795, 0.19693995,
       0.19694191, 0.19694384, 0.19694572, 0.19694757, 0.19694938,
       0.19695116, 0.1969529 , 0.19695461, 0.19695628, 0.19695792,
       0.19695953, 0.1969611 , 0.19696265, 0.19696416, 0.19696565])}"
2,fixed_k,iid,100,60,10.617474151254687,"[0.90111503 1.2468196  1.30882932 1.32417648 1.33463745 1.3215157
 1.32086374 1.31398825 1.3270992  1.31835183 1.32144733 1.31802182
 1.32167175 1.31512972 1.31925875 1.32220827 1.31488505 1.32244767
 1.32017006 1.31902858 1.32549545 1.32207683 1.32127976 1.32259924
 1.31878658 1.32082316 1.31646713 1.32308607 1.32011238 1.31945005
 1.31787831 1.3197894  1.32097276 1.32172045 1.31923607 1.31048011
 1.3248382  1.31408382 1.32691661 1.31871669 1.31734966 1.32274189
 1.3166569  1.31997438 1.32725008 1.31975944 1.32431698 1.32510494
 1.32022567 1.32291162 1.31687058 1.32190789 1.32588632 1.31934941
 1.32106794 1.31561494 1.3186135  1.3226301  1.31466778 1.32788763
 1.32596611 1.31596466 1.32566513 1.31450002 1.32350926 1.32359465
 1.32283228 1.31684851 1.32691661 1.32053535 1.31719615 1.32398815
 1.31589008 1.32263198 1.31992732 1.32167908 1.32081463 1.31487066
 1.32874502 1.31847484 1.32219286 1.32181234 1.3236556  1.31563213
 1.32448715 1.3195264  1.32496154 1.32002815 1.32410782 1.3216198
 1.32635262 1.32109428 1.32502081 1.31962975 1.32646811 1.32279432
 1.31855962 1.3230285  1.32712205 1.31783634]",0.15493181658930624,0.1968068908792437,0,"[528.73515896 522.10128214 519.72019579 520.49258444 521.19312808
 523.70014414 519.21547763 541.93933681 521.5914147  523.60126656
 523.76547642 522.59302046 527.56275982 519.50942539 525.406003
 526.93915088 522.91386109 523.07690959 523.76829181 527.9893931
 520.42880002 520.3563422  524.27720558 519.64414492 524.23561551
 543.79878286 522.27462828 519.38985661 519.44937184 527.92842593
 523.62010162 522.76027109 528.05900201 528.5246931  545.75674143
 522.18773775 526.43743809 524.88765027 521.30188607 525.18493403
 524.9311775  519.68243998 519.83341947 529.01613433 526.56570543
 533.50590076 532.78602567 520.92490252 519.2126045  525.40686727
 520.89765016 527.89637074 522.32991345 519.37399618 524.15768802
 666.27027933 522.51024358 518.89710501 526.29592642 518.64710357
 517.27668755 519.03110277 524.1343677  523.55202753 517.6051911
 521.97071072 519.81831528 518.37380417 529.97942269 523.78410567
 522.03357033 519.65619624 520.49075067 526.80128254 519.23734602
 520.10946069 518.42187438 521.52242977 524.92181025 521.50044218
 525.90585407 521.173032   519.9455088  525.90380143 523.96619972
 518.66675261 526.97191387 523.93179853 549.04293548 522.74809126
 517.75234006 524.62804224 518.9936636  526.34667605 520.33873089
 522.28402998 519.15459801 520.14289238 528.12307142 549.17958658]",0,0,"[2.02007518e-04 2.19354540e-04 1.91942001e-04 2.28786611e-04
 6.53223396e-05 3.10697793e-05 1.81108203e-04 1.87775575e-04
 1.91325535e-04 1.40164887e-04 1.49298465e-04 1.13913876e-04
 1.77358417e-04 1.13341771e-04 1.85175677e-04 1.50362630e-04
 1.90096124e-04 1.57869719e-04 2.03848056e-04 1.68005816e-04
 1.89744775e-04 1.53486892e-04 1.84361519e-04 1.53515197e-04
 1.92491647e-04 1.60969953e-04 1.78929676e-04 1.08972505e-04
 2.03648733e-04 1.60045967e-04 2.00790535e-04 8.52474623e-05
 2.20233661e-04 2.25351897e-04 2.11936977e-04 1.51899218e-04
 1.88620309e-04 1.72616617e-04 1.92213834e-04 1.38516614e-04
 1.80571400e-04 1.49561197e-04 1.87629135e-04 8.98729258e-05
 2.08690873e-04 1.71432692e-04 1.87831111e-04 1.57482801e-04
 1.87347714e-04 1.57030701e-04 1.81369535e-04 8.78387170e-05
 2.09094018e-04 1.75177389e-04 1.83705325e-04 1.11042217e-04
 1.92521412e-04 8.69565624e-05 2.07837206e-04 1.20901165e-04
 2.24693663e-04 2.25154439e-04 2.13851372e-04 1.78719943e-04
 2.18473388e-04 2.36186353e-04 2.06967668e-04 1.84128600e-04
 1.92463082e-04 1.35060451e-04 1.80791780e-04 9.11730178e-05
 2.06640524e-04 1.21002022e-04 2.19383473e-04 2.36996293e-04
 2.11559386e-04 1.84885210e-04 1.69431496e-04 1.19590245e-04
 1.82998876e-04 7.97447462e-05 2.09112701e-04 1.13295892e-04
 1.92666309e-04 9.44034298e-05 2.11705614e-04 1.22792592e-04
 1.91007323e-04 6.85650524e-05 2.10859422e-04 9.79578983e-05
 2.04816037e-04 1.16613827e-04 1.86125025e-04 1.63431312e-04
 1.78659094e-04 8.72363591e-05 2.06833001e-04 1.08369441e-04]","['user_limit' 'user_limit' 'user_limit' 'user_limit' 'user_limit'
 'user_limit' 'user_limit' 'user_limit' 'user_limit' 'user_limit'
 'user_limit' 'user_limit' 'user_limit' 'user_limit' 'user_limit'
 'user_limit' 'user_limit' 'user_limit' 'user_limit' 'user_limit'
 'user_limit' 'user_limit' 'user_limit' 'user_limit' 'user_limit'
 'user_limit' 'user_limit' 'user_limit' 'user_limit' 'user_limit'
 'user_limit' 'user_limit' 'user_limit' 'user_limit' 'user_limit'
 'user_limit' 'user_limit' 'user_limit' 'user_limit' 'user_limit'
 'user_limit' 'user_limit' 'user_limit' 'user_limit' 'user_limit'
 'user_limit' 'user_limit' 'user_limit' 'user_limit' 'user_limit'
 'user_limit' 'user_limit' 'user_limit' 'user_limit' 'user_limit'
 'user_limit' 'user_limit' 'user_limit' 'user_limit' 'user_limit'
 'user_limit' 'user_limit' 'user_limit' 'user_limit' 'user_limit'
 'user_limit' 'user_limit' 'user_limit' 'user_limit' 'user_limit'
 'user_limit' 'user_limit' 'user_limit' 'user_limit' 'user_limit'
 'user_limit' 'user_limit' 'user_limit' 'user_limit' 'user_limit'
 'user_limit' 'user_limit' 'user_limit' 'user_limit' 'user_limit'
 'user_limit' 'user_limit' 'user_limit' 'user_limit' 'user_limit'
 'user_limit' 'user_limit' 'user_limit' 'user_limit' 'user_limit'
 'user_limit' 'user_limit' 'user_limit' 'user_limit' 'user_limit']","{'x_traj': array([[ 0.99886364,  0.99918799, -0.04765951, ...,  0.16942071,
        -0.10585541,  0.        ],
       [ 0.99886069,  0.99918444, -0.04772124, ...,  0.16941896,
        -0.10587801,  0.        ],
       [ 0.9988578 ,  0.99918095, -0.04778175, ...,  0.16941725,
        -0.10590016,  0.        ],
       ...,
       [ 0.99873255,  0.99902721, -0.0503319 , ...,  0.16934261,
        -0.10683315,  0.        ],
       [ 0.9987321 ,  0.99902666, -0.0503408 , ...,  0.16934234,
        -0.1068364 ,  0.        ],
       [ 0.99873166,  0.99902611, -0.05034952, ...,  0.16934207,
        -0.10683959,  0.        ]], shape=(100, 11)), 'u_traj': array([[0., 0.],
       [0., 0.],
       [0., 0.],
       [0., 0.],
       [0., 0.],
       [0., 0.],
       [0., 0.],
       [0., 0.],
       [0., 0.],
       [0., 0.],
       [0., 0.],
       [0., 0.],
       [0., 0.],
       [0., 0.],
       [0., 0.],
       [0., 0.],
       [0., 0.],
       [0., 0.],
       [0., 0.],
       [0., 0.],
       [0., 0.],
       [0., 0.],
       [0., 0.],
       [0., 0.],
       [0., 0.],
       [0., 0.],
       [0., 0.],
       [0., 0.],
       [0., 0.],
       [0., 0.],
       [0., 0.],
       [0., 0.],
       [0., 0.],
       [0., 0.],
       [0., 0.],
       [0., 0.],
       [0., 0.],
       [0., 0.],
       [0., 0.],
       [0., 0.],
       [0., 0.],
       [0., 0.],
       [0., 0.],
       [0., 0.],
       [0., 0.],
       [0., 0.],
       [0., 0.],
       [0., 0.],
       [0., 0.],
       [0., 0.],
       [0., 0.],
       [0., 0.],
       [0., 0.],
       [0., 0.],
       [0., 0.],
       [0., 0.],
       [0., 0.],
       [0., 0.],
       [0., 0.],
       [0., 0.],
       [0., 0.],
       [0., 0.],
       [0., 0.],
       [0., 0.],
       [0., 0.],
       [0., 0.],
       [0., 0.],
       [0., 0.],
       [0., 0.],
       [0., 0.],
       [0., 0.],
       [0., 0.],
       [0., 0.],
       [0., 0.],
       [0., 0.],
       [0., 0.],
       [0., 0.],
       [0., 0.],
       [0., 0.],
       [0., 0.],
       [0., 0.],
       [0., 0.],
       [0., 0.],
       [0., 0.],
       [0., 0.],
       [0., 0.],
       [0., 0.],
       [0., 0.],
       [0., 0.],
       [0., 0.],
       [0., 0.],
       [0., 0.],
       [0., 0.],
       [0., 0.],
       [0., 0.],
       [0., 0.],
       [0., 0.],
       [0., 0.],
       [0., 0.],
       [0., 0.]]), 'target_traj': array([[0.043, 0.09 ],
       [0.043, 0.09 ],
       [0.043, 0.09 ],
       [0.043, 0.09 ],
       [0.043, 0.09 ],
       [0.043, 0.09 ],
       [0.043, 0.09 ],
       [0.043, 0.09 ],
       [0.043, 0.09 ],
       [0.043, 0.09 ],
       [0.043, 0.09 ],
       [0.043, 0.09 ],
       [0.043, 0.09 ],
       [0.043, 0.09 ],
       [0.043, 0.09 ],
       [0.043, 0.09 ],
       [0.043, 0.09 ],
       [0.043, 0.09 ],
       [0.043, 0.09 ],
       [0.043, 0.09 ],
       [0.043, 0.09 ],
       [0.043, 0.09 ],
       [0.043, 0.09 ],
       [0.043, 0.09 ],
       [0.043, 0.09 ],
       [0.043, 0.09 ],
       [0.043, 0.09 ],
       [0.043, 0.09 ],
       [0.043, 0.09 ],
       [0.043, 0.09 ],
       [0.043, 0.09 ],
       [0.043, 0.09 ],
       [0.043, 0.09 ],
       [0.043, 0.09 ],
       [0.043, 0.09 ],
       [0.043, 0.09 ],
       [0.043, 0.09 ],
       [0.043, 0.09 ],
       [0.043, 0.09 ],
       [0.043, 0.09 ],
       [0.043, 0.09 ],
       [0.043, 0.09 ],
       [0.043, 0.09 ],
       [0.043, 0.09 ],
       [0.043, 0.09 ],
       [0.043, 0.09 ],
       [0.043, 0.09 ],
       [0.043, 0.09 ],
       [0.043, 0.09 ],
       [0.043, 0.09 ],
       [0.043, 0.09 ],
       [0.043, 0.09 ],
       [0.043, 0.09 ],
       [0.043, 0.09 ],
       [0.043, 0.09 ],
       [0.043, 0.09 ],
       [0.043, 0.09 ],
       [0.043, 0.09 ],
       [0.043, 0.09 ],
       [0.043, 0.09 ],
       [0.043, 0.09 ],
       [0.043, 0.09 ],
       [0.043, 0.09 ],
       [0.043, 0.09 ],
       [0.043, 0.09 ],
       [0.043, 0.09 ],
       [0.043, 0.09 ],
       [0.043, 0.09 ],
       [0.043, 0.09 ],
       [0.043, 0.09 ],
       [0.043, 0.09 ],
       [0.043, 0.09 ],
       [0.043, 0.09 ],
       [0.043, 0.09 ],
       [0.043, 0.09 ],
       [0.043, 0.09 ],
       [0.043, 0.09 ],
       [0.043, 0.09 ],
       [0.043, 0.09 ],
       [0.043, 0.09 ],
       [0.043, 0.09 ],
       [0.043, 0.09 ],
       [0.043, 0.09 ],
       [0.043, 0.09 ],
       [0.043, 0.09 ],
       [0.043, 0.09 ],
       [0.043, 0.09 ],
       [0.043, 0.09 ],
       [0.043, 0.09 ],
       [0.043, 0.09 ],
       [0.043, 0.09 ],
       [0.043, 0.09 ],
       [0.043, 0.09 ],
       [0.043, 0.09 ],
       [0.043, 0.09 ],
       [0.043, 0.09 ],
       [0.043, 0.09 ],
       [0.043, 0.09 ],
       [0.043, 0.09 ],
       [0.043, 0.09 ]]), 'err': array([0.19650728, 0.19651782, 0.19652814, 0.19653826, 0.19654818,
       0.1965579 , 0.19656743, 0.19657677, 0.19658592, 0.19659489,
       0.19660369, 0.19661231, 0.19662076, 0.19662904, 0.19663716,
       0.19664512, 0.19665292, 0.19666057, 0.19666806, 0.19667541,
       0.19668261, 0.19668967, 0.19669658, 0.19670336, 0.19671001,
       0.19671653, 0.19672291, 0.19672917, 0.19673531, 0.19674132,
       0.19674722, 0.19675299, 0.19675866, 0.19676421, 0.19676965,
       0.19677499, 0.19678021, 0.19678534, 0.19679036, 0.19679529,
       0.19680011, 0.19680484, 0.19680948, 0.19681403, 0.19681848,
       0.19682285, 0.19682713, 0.19683132, 0.19683544, 0.19683947,
       0.19684342, 0.19684729, 0.19685109, 0.19685481, 0.19685846,
       0.19686204, 0.19686554, 0.19686898, 0.19687234, 0.19687565,
       0.19687888, 0.19688205, 0.19688516, 0.19688821, 0.1968912 ,
       0.19689412, 0.19689699, 0.19689981, 0.19690256, 0.19690527,
       0.19690792, 0.19691051, 0.19691306, 0.19691555, 0.196918  ,
       0.1969204 , 0.19692275, 0.19692505, 0.19692731, 0.19692952,
       0.19693169, 0.19693382, 0.1969359 , 0.19693795, 0.19693995,
       0.19694191, 0.19694384, 0.19694572, 0.19694757, 0.19694938,
       0.19695116, 0.1969529 , 0.19695461, 0.19695628, 0.19695792,
       0.19695953, 0.1969611 , 0.19696265, 0.19696416, 0.19696565])}"
2,fixed_k,iid,100,70,10.617474151254687,"[0.90111503 1.2468196  1.30882932 1.32417648 1.33463745 1.3215157
 1.32086374 1.31398825 1.3270992  1.31835183 1.32144733 1.31802182
 1.32167175 1.31512972 1.31925875 1.32220827 1.31488505 1.32244767
 1.32017006 1.31902858 1.32549545 1.32207683 1.32127976 1.32259924
 1.31878658 1.32082316 1.31646713 1.32308607 1.32011238 1.31945005
 1.31787831 1.3197894  1.32097276 1.32172045 1.31923607 1.31048011
 1.3248382  1.31408382 1.32691661 1.31871669 1.31734966 1.32274189
 1.3166569  1.31997438 1.32725008 1.31975944 1.32431698 1.32510494
 1.32022567 1.32291162 1.31687058 1.32190789 1.32588632 1.31934941
 1.32106794 1.31561494 1.3186135  1.3226301  1.31466778 1.32788763
 1.32596611 1.31596466 1.32566513 1.31450002 1.32350926 1.32359465
 1.32283228 1.31684851 1.32691661 1.32053535 1.31719615 1.32398815
 1.31589008 1.32263198 1.31992732 1.32167908 1.32081463 1.31487066
 1.32874502 1.31847484 1.32219286 1.32181234 1.3236556  1.31563213
 1.32448715 1.3195264  1.32496154 1.32002815 1.32410782 1.3216198
 1.32635262 1.32109428 1.32502081 1.31962975 1.32646811 1.32279432
 1.31855962 1.3230285  1.32712205 1.31783634]",0.15493181658930624,0.1968068908792437,0,"[527.35897806 563.46210558 527.49799285 521.51469141 524.08568654
 522.50501048 531.45362623 520.05706541 540.4952094  523.55521638
 540.9287652  528.4288004  521.08393144 521.62909694 520.19438799
 527.85550337 525.08407366 531.60581645 520.98151669 534.51749589
 523.91523309 521.33934107 524.7662561  521.49627451 521.26810886
 523.45855162 521.82690427 521.82272542 521.29646856 523.07085041
 525.96490923 520.53116541 520.98987065 522.98279852 522.03628141
 525.76320525 515.50503634 529.25482392 520.59163805 523.14175386
 528.28145027 519.37501971 519.10986938 540.07753823 522.43451215
 525.06141644 521.11405972 520.54630499 524.47638847 519.29987222
 526.83932614 524.09705799 523.5141525  522.23140746 519.77164857
 532.51070343 521.61641326 536.13060806 519.64241266 519.26481538
 527.93237474 520.00237349 538.65542728 523.00935052 517.38897339
 524.62706715 522.43506629 523.96681812 519.95523181 524.59432464
 527.12359186 520.24661843 525.56950785 548.85952175 521.17955033
 524.81407207 521.76098805 521.38047479 523.98770582 522.83863816
 525.22527799 519.09204107 538.04402798 521.31041791 545.73508259
 520.67968063 517.6599957  522.57600706 522.39409741 523.46182708
 527.08032355 536.13685071 519.8399229  530.52839823 521.18013892
 523.07702973 518.37552991 520.23672499 522.49769028 525.12916084]",0,0,"[2.02007518e-04 2.19354540e-04 1.91942001e-04 2.28786611e-04
 6.53223396e-05 3.10697793e-05 1.81108203e-04 1.87775575e-04
 1.91325535e-04 1.40164887e-04 1.49298465e-04 1.13913876e-04
 1.77358417e-04 1.13341771e-04 1.85175677e-04 1.50362630e-04
 1.90096124e-04 1.57869719e-04 2.03848056e-04 1.68005816e-04
 1.89744775e-04 1.53486892e-04 1.84361519e-04 1.53515197e-04
 1.92491647e-04 1.60969953e-04 1.78929676e-04 1.08972505e-04
 2.03648733e-04 1.60045967e-04 2.00790535e-04 8.52474623e-05
 2.20233661e-04 2.25351897e-04 2.11936977e-04 1.51899218e-04
 1.88620309e-04 1.72616617e-04 1.92213834e-04 1.38516614e-04
 1.80571400e-04 1.49561197e-04 1.87629135e-04 8.98729258e-05
 2.08690873e-04 1.71432692e-04 1.87831111e-04 1.57482801e-04
 1.87347714e-04 1.57030701e-04 1.81369535e-04 8.78387170e-05
 2.09094018e-04 1.75177389e-04 1.83705325e-04 1.11042217e-04
 1.92521412e-04 8.69565624e-05 2.07837206e-04 1.20901165e-04
 2.24693663e-04 2.25154439e-04 2.13851372e-04 1.78719943e-04
 2.18473388e-04 2.36186353e-04 2.06967668e-04 1.84128600e-04
 1.92463082e-04 1.35060451e-04 1.80791780e-04 9.11730178e-05
 2.06640524e-04 1.21002022e-04 2.19383473e-04 2.36996293e-04
 2.11559386e-04 1.84885210e-04 1.69431496e-04 1.19590245e-04
 1.82998876e-04 7.97447462e-05 2.09112701e-04 1.13295892e-04
 1.92666309e-04 9.44034298e-05 2.11705614e-04 1.22792592e-04
 1.91007323e-04 6.85650524e-05 2.10859422e-04 9.79578983e-05
 2.04816037e-04 1.16613827e-04 1.86125025e-04 1.63431312e-04
 1.78659094e-04 8.72363591e-05 2.06833001e-04 1.08369441e-04]","['user_limit' 'user_limit' 'user_limit' 'user_limit' 'user_limit'
 'user_limit' 'user_limit' 'user_limit' 'user_limit' 'user_limit'
 'user_limit' 'user_limit' 'user_limit' 'user_limit' 'user_limit'
 'user_limit' 'user_limit' 'user_limit' 'user_limit' 'user_limit'
 'user_limit' 'user_limit' 'user_limit' 'user_limit' 'user_limit'
 'user_limit' 'user_limit' 'user_limit' 'user_limit' 'user_limit'
 'user_limit' 'user_limit' 'user_limit' 'user_limit' 'user_limit'
 'user_limit' 'user_limit' 'user_limit' 'user_limit' 'user_limit'
 'user_limit' 'user_limit' 'user_limit' 'user_limit' 'user_limit'
 'user_limit' 'user_limit' 'user_limit' 'user_limit' 'user_limit'
 'user_limit' 'user_limit' 'user_limit' 'user_limit' 'user_limit'
 'user_limit' 'user_limit' 'user_limit' 'user_limit' 'user_limit'
 'user_limit' 'user_limit' 'user_limit' 'user_limit' 'user_limit'
 'user_limit' 'user_limit' 'user_limit' 'user_limit' 'user_limit'
 'user_limit' 'user_limit' 'user_limit' 'user_limit' 'user_limit'
 'user_limit' 'user_limit' 'user_limit' 'user_limit' 'user_limit'
 'user_limit' 'user_limit' 'user_limit' 'user_limit' 'user_limit'
 'user_limit' 'user_limit' 'user_limit' 'user_limit' 'user_limit'
 'user_limit' 'user_limit' 'user_limit' 'user_limit' 'user_limit'
 'user_limit' 'user_limit' 'user_limit' 'user_limit' 'user_limit']","{'x_traj': array([[ 0.99886364,  0.99918799, -0.04765951, ...,  0.16942071,
        -0.10585541,  0.        ],
       [ 0.99886069,  0.99918444, -0.04772124, ...,  0.16941896,
        -0.10587801,  0.        ],
       [ 0.9988578 ,  0.99918095, -0.04778175, ...,  0.16941725,
        -0.10590016,  0.        ],
       ...,
       [ 0.99873255,  0.99902721, -0.0503319 , ...,  0.16934261,
        -0.10683315,  0.        ],
       [ 0.9987321 ,  0.99902666, -0.0503408 , ...,  0.16934234,
        -0.1068364 ,  0.        ],
       [ 0.99873166,  0.99902611, -0.05034952, ...,  0.16934207,
        -0.10683959,  0.        ]], shape=(100, 11)), 'u_traj': array([[0., 0.],
       [0., 0.],
       [0., 0.],
       [0., 0.],
       [0., 0.],
       [0., 0.],
       [0., 0.],
       [0., 0.],
       [0., 0.],
       [0., 0.],
       [0., 0.],
       [0., 0.],
       [0., 0.],
       [0., 0.],
       [0., 0.],
       [0., 0.],
       [0., 0.],
       [0., 0.],
       [0., 0.],
       [0., 0.],
       [0., 0.],
       [0., 0.],
       [0., 0.],
       [0., 0.],
       [0., 0.],
       [0., 0.],
       [0., 0.],
       [0., 0.],
       [0., 0.],
       [0., 0.],
       [0., 0.],
       [0., 0.],
       [0., 0.],
       [0., 0.],
       [0., 0.],
       [0., 0.],
       [0., 0.],
       [0., 0.],
       [0., 0.],
       [0., 0.],
       [0., 0.],
       [0., 0.],
       [0., 0.],
       [0., 0.],
       [0., 0.],
       [0., 0.],
       [0., 0.],
       [0., 0.],
       [0., 0.],
       [0., 0.],
       [0., 0.],
       [0., 0.],
       [0., 0.],
       [0., 0.],
       [0., 0.],
       [0., 0.],
       [0., 0.],
       [0., 0.],
       [0., 0.],
       [0., 0.],
       [0., 0.],
       [0., 0.],
       [0., 0.],
       [0., 0.],
       [0., 0.],
       [0., 0.],
       [0., 0.],
       [0., 0.],
       [0., 0.],
       [0., 0.],
       [0., 0.],
       [0., 0.],
       [0., 0.],
       [0., 0.],
       [0., 0.],
       [0., 0.],
       [0., 0.],
       [0., 0.],
       [0., 0.],
       [0., 0.],
       [0., 0.],
       [0., 0.],
       [0., 0.],
       [0., 0.],
       [0., 0.],
       [0., 0.],
       [0., 0.],
       [0., 0.],
       [0., 0.],
       [0., 0.],
       [0., 0.],
       [0., 0.],
       [0., 0.],
       [0., 0.],
       [0., 0.],
       [0., 0.],
       [0., 0.],
       [0., 0.],
       [0., 0.],
       [0., 0.]]), 'target_traj': array([[0.043, 0.09 ],
       [0.043, 0.09 ],
       [0.043, 0.09 ],
       [0.043, 0.09 ],
       [0.043, 0.09 ],
       [0.043, 0.09 ],
       [0.043, 0.09 ],
       [0.043, 0.09 ],
       [0.043, 0.09 ],
       [0.043, 0.09 ],
       [0.043, 0.09 ],
       [0.043, 0.09 ],
       [0.043, 0.09 ],
       [0.043, 0.09 ],
       [0.043, 0.09 ],
       [0.043, 0.09 ],
       [0.043, 0.09 ],
       [0.043, 0.09 ],
       [0.043, 0.09 ],
       [0.043, 0.09 ],
       [0.043, 0.09 ],
       [0.043, 0.09 ],
       [0.043, 0.09 ],
       [0.043, 0.09 ],
       [0.043, 0.09 ],
       [0.043, 0.09 ],
       [0.043, 0.09 ],
       [0.043, 0.09 ],
       [0.043, 0.09 ],
       [0.043, 0.09 ],
       [0.043, 0.09 ],
       [0.043, 0.09 ],
       [0.043, 0.09 ],
       [0.043, 0.09 ],
       [0.043, 0.09 ],
       [0.043, 0.09 ],
       [0.043, 0.09 ],
       [0.043, 0.09 ],
       [0.043, 0.09 ],
       [0.043, 0.09 ],
       [0.043, 0.09 ],
       [0.043, 0.09 ],
       [0.043, 0.09 ],
       [0.043, 0.09 ],
       [0.043, 0.09 ],
       [0.043, 0.09 ],
       [0.043, 0.09 ],
       [0.043, 0.09 ],
       [0.043, 0.09 ],
       [0.043, 0.09 ],
       [0.043, 0.09 ],
       [0.043, 0.09 ],
       [0.043, 0.09 ],
       [0.043, 0.09 ],
       [0.043, 0.09 ],
       [0.043, 0.09 ],
       [0.043, 0.09 ],
       [0.043, 0.09 ],
       [0.043, 0.09 ],
       [0.043, 0.09 ],
       [0.043, 0.09 ],
       [0.043, 0.09 ],
       [0.043, 0.09 ],
       [0.043, 0.09 ],
       [0.043, 0.09 ],
       [0.043, 0.09 ],
       [0.043, 0.09 ],
       [0.043, 0.09 ],
       [0.043, 0.09 ],
       [0.043, 0.09 ],
       [0.043, 0.09 ],
       [0.043, 0.09 ],
       [0.043, 0.09 ],
       [0.043, 0.09 ],
       [0.043, 0.09 ],
       [0.043, 0.09 ],
       [0.043, 0.09 ],
       [0.043, 0.09 ],
       [0.043, 0.09 ],
       [0.043, 0.09 ],
       [0.043, 0.09 ],
       [0.043, 0.09 ],
       [0.043, 0.09 ],
       [0.043, 0.09 ],
       [0.043, 0.09 ],
       [0.043, 0.09 ],
       [0.043, 0.09 ],
       [0.043, 0.09 ],
       [0.043, 0.09 ],
       [0.043, 0.09 ],
       [0.043, 0.09 ],
       [0.043, 0.09 ],
       [0.043, 0.09 ],
       [0.043, 0.09 ],
       [0.043, 0.09 ],
       [0.043, 0.09 ],
       [0.043, 0.09 ],
       [0.043, 0.09 ],
       [0.043, 0.09 ],
       [0.043, 0.09 ]]), 'err': array([0.19650728, 0.19651782, 0.19652814, 0.19653826, 0.19654818,
       0.1965579 , 0.19656743, 0.19657677, 0.19658592, 0.19659489,
       0.19660369, 0.19661231, 0.19662076, 0.19662904, 0.19663716,
       0.19664512, 0.19665292, 0.19666057, 0.19666806, 0.19667541,
       0.19668261, 0.19668967, 0.19669658, 0.19670336, 0.19671001,
       0.19671653, 0.19672291, 0.19672917, 0.19673531, 0.19674132,
       0.19674722, 0.19675299, 0.19675866, 0.19676421, 0.19676965,
       0.19677499, 0.19678021, 0.19678534, 0.19679036, 0.19679529,
       0.19680011, 0.19680484, 0.19680948, 0.19681403, 0.19681848,
       0.19682285, 0.19682713, 0.19683132, 0.19683544, 0.19683947,
       0.19684342, 0.19684729, 0.19685109, 0.19685481, 0.19685846,
       0.19686204, 0.19686554, 0.19686898, 0.19687234, 0.19687565,
       0.19687888, 0.19688205, 0.19688516, 0.19688821, 0.1968912 ,
       0.19689412, 0.19689699, 0.19689981, 0.19690256, 0.19690527,
       0.19690792, 0.19691051, 0.19691306, 0.19691555, 0.196918  ,
       0.1969204 , 0.19692275, 0.19692505, 0.19692731, 0.19692952,
       0.19693169, 0.19693382, 0.1969359 , 0.19693795, 0.19693995,
       0.19694191, 0.19694384, 0.19694572, 0.19694757, 0.19694938,
       0.19695116, 0.1969529 , 0.19695461, 0.19695628, 0.19695792,
       0.19695953, 0.1969611 , 0.19696265, 0.19696416, 0.19696565])}"
2,fixed_k,iid,100,80,10.617474151254687,"[0.90111503 1.2468196  1.30882932 1.32417648 1.33463745 1.3215157
 1.32086374 1.31398825 1.3270992  1.31835183 1.32144733 1.31802182
 1.32167175 1.31512972 1.31925875 1.32220827 1.31488505 1.32244767
 1.32017006 1.31902858 1.32549545 1.32207683 1.32127976 1.32259924
 1.31878658 1.32082316 1.31646713 1.32308607 1.32011238 1.31945005
 1.31787831 1.3197894  1.32097276 1.32172045 1.31923607 1.31048011
 1.3248382  1.31408382 1.32691661 1.31871669 1.31734966 1.32274189
 1.3166569  1.31997438 1.32725008 1.31975944 1.32431698 1.32510494
 1.32022567 1.32291162 1.31687058 1.32190789 1.32588632 1.31934941
 1.32106794 1.31561494 1.3186135  1.3226301  1.31466778 1.32788763
 1.32596611 1.31596466 1.32566513 1.31450002 1.32350926 1.32359465
 1.32283228 1.31684851 1.32691661 1.32053535 1.31719615 1.32398815
 1.31589008 1.32263198 1.31992732 1.32167908 1.32081463 1.31487066
 1.32874502 1.31847484 1.32219286 1.32181234 1.3236556  1.31563213
 1.32448715 1.3195264  1.32496154 1.32002815 1.32410782 1.3216198
 1.32635262 1.32109428 1.32502081 1.31962975 1.32646811 1.32279432
 1.31855962 1.3230285  1.32712205 1.31783634]",0.15493181658930624,0.1968068908792437,0,"[522.29759283 523.02247193 517.83038117 530.10362945 521.36849891
 521.29445039 524.90258031 521.55169472 530.06330132 519.69719119
 519.95802205 519.01648846 528.74443401 525.7812636  517.34775491
 519.94839683 521.46333922 520.69298271 524.32003058 522.37792872
 519.63958424 521.56389877 517.59090647 526.82069875 524.80918728
 519.04772595 519.54985689 519.178994   524.74385593 519.54123192
 524.30520672 519.81121581 659.93460827 544.63459738 518.11407786
 518.82272586 518.56083609 524.3585892  518.51458568 519.35244072
 521.58946544 525.10673273 546.09968513 519.20137834 551.90055352
 519.282341   519.04055849 526.72454808 523.83573726 519.75205541
 519.87290196 542.70354286 526.99900884 522.62169961 519.22600437
 520.77713422 521.35245595 524.07410461 517.82624703 529.3476712
 541.57210048 520.36797069 526.5797684  522.24302664 519.16836947
 518.07341538 521.79879975 527.79451292 520.0146921  519.0421408
 521.30090259 528.65631692 524.46798701 521.6046134  524.41938035
 520.83314955 518.82404555 530.27538862 520.75337339 520.23165021
 522.31185697 521.39494848 524.07785971 551.1738006  524.14174192
 520.411551   518.12489424 524.29124527 520.58132831 518.22381001
 521.13067266 519.96229868 528.39592006 522.70507906 521.26660757
 524.19675142 525.07429477 543.30171924 520.97603306 521.70317154]",0,0,"[2.02007518e-04 2.19354540e-04 1.91942001e-04 2.28786611e-04
 6.53223396e-05 3.10697793e-05 1.81108203e-04 1.87775575e-04
 1.91325535e-04 1.40164887e-04 1.49298465e-04 1.13913876e-04
 1.77358417e-04 1.13341771e-04 1.85175677e-04 1.50362630e-04
 1.90096124e-04 1.57869719e-04 2.03848056e-04 1.68005816e-04
 1.89744775e-04 1.53486892e-04 1.84361519e-04 1.53515197e-04
 1.92491647e-04 1.60969953e-04 1.78929676e-04 1.08972505e-04
 2.03648733e-04 1.60045967e-04 2.00790535e-04 8.52474623e-05
 2.20233661e-04 2.25351897e-04 2.11936977e-04 1.51899218e-04
 1.88620309e-04 1.72616617e-04 1.92213834e-04 1.38516614e-04
 1.80571400e-04 1.49561197e-04 1.87629135e-04 8.98729258e-05
 2.08690873e-04 1.71432692e-04 1.87831111e-04 1.57482801e-04
 1.87347714e-04 1.57030701e-04 1.81369535e-04 8.78387170e-05
 2.09094018e-04 1.75177389e-04 1.83705325e-04 1.11042217e-04
 1.92521412e-04 8.69565624e-05 2.07837206e-04 1.20901165e-04
 2.24693663e-04 2.25154439e-04 2.13851372e-04 1.78719943e-04
 2.18473388e-04 2.36186353e-04 2.06967668e-04 1.84128600e-04
 1.92463082e-04 1.35060451e-04 1.80791780e-04 9.11730178e-05
 2.06640524e-04 1.21002022e-04 2.19383473e-04 2.36996293e-04
 2.11559386e-04 1.84885210e-04 1.69431496e-04 1.19590245e-04
 1.82998876e-04 7.97447462e-05 2.09112701e-04 1.13295892e-04
 1.92666309e-04 9.44034298e-05 2.11705614e-04 1.22792592e-04
 1.91007323e-04 6.85650524e-05 2.10859422e-04 9.79578983e-05
 2.04816037e-04 1.16613827e-04 1.86125025e-04 1.63431312e-04
 1.78659094e-04 8.72363591e-05 2.06833001e-04 1.08369441e-04]","['user_limit' 'user_limit' 'user_limit' 'user_limit' 'user_limit'
 'user_limit' 'user_limit' 'user_limit' 'user_limit' 'user_limit'
 'user_limit' 'user_limit' 'user_limit' 'user_limit' 'user_limit'
 'user_limit' 'user_limit' 'user_limit' 'user_limit' 'user_limit'
 'user_limit' 'user_limit' 'user_limit' 'user_limit' 'user_limit'
 'user_limit' 'user_limit' 'user_limit' 'user_limit' 'user_limit'
 'user_limit' 'user_limit' 'user_limit' 'user_limit' 'user_limit'
 'user_limit' 'user_limit' 'user_limit' 'user_limit' 'user_limit'
 'user_limit' 'user_limit' 'user_limit' 'user_limit' 'user_limit'
 'user_limit' 'user_limit' 'user_limit' 'user_limit' 'user_limit'
 'user_limit' 'user_limit' 'user_limit' 'user_limit' 'user_limit'
 'user_limit' 'user_limit' 'user_limit' 'user_limit' 'user_limit'
 'user_limit' 'user_limit' 'user_limit' 'user_limit' 'user_limit'
 'user_limit' 'user_limit' 'user_limit' 'user_limit' 'user_limit'
 'user_limit' 'user_limit' 'user_limit' 'user_limit' 'user_limit'
 'user_limit' 'user_limit' 'user_limit' 'user_limit' 'user_limit'
 'user_limit' 'user_limit' 'user_limit' 'user_limit' 'user_limit'
 'user_limit' 'user_limit' 'user_limit' 'user_limit' 'user_limit'
 'user_limit' 'user_limit' 'user_limit' 'user_limit' 'user_limit'
 'user_limit' 'user_limit' 'user_limit' 'user_limit' 'user_limit']","{'x_traj': array([[ 0.99886364,  0.99918799, -0.04765951, ...,  0.16942071,
        -0.10585541,  0.        ],
       [ 0.99886069,  0.99918444, -0.04772124, ...,  0.16941896,
        -0.10587801,  0.        ],
       [ 0.9988578 ,  0.99918095, -0.04778175, ...,  0.16941725,
        -0.10590016,  0.        ],
       ...,
       [ 0.99873255,  0.99902721, -0.0503319 , ...,  0.16934261,
        -0.10683315,  0.        ],
       [ 0.9987321 ,  0.99902666, -0.0503408 , ...,  0.16934234,
        -0.1068364 ,  0.        ],
       [ 0.99873166,  0.99902611, -0.05034952, ...,  0.16934207,
        -0.10683959,  0.        ]], shape=(100, 11)), 'u_traj': array([[0., 0.],
       [0., 0.],
       [0., 0.],
       [0., 0.],
       [0., 0.],
       [0., 0.],
       [0., 0.],
       [0., 0.],
       [0., 0.],
       [0., 0.],
       [0., 0.],
       [0., 0.],
       [0., 0.],
       [0., 0.],
       [0., 0.],
       [0., 0.],
       [0., 0.],
       [0., 0.],
       [0., 0.],
       [0., 0.],
       [0., 0.],
       [0., 0.],
       [0., 0.],
       [0., 0.],
       [0., 0.],
       [0., 0.],
       [0., 0.],
       [0., 0.],
       [0., 0.],
       [0., 0.],
       [0., 0.],
       [0., 0.],
       [0., 0.],
       [0., 0.],
       [0., 0.],
       [0., 0.],
       [0., 0.],
       [0., 0.],
       [0., 0.],
       [0., 0.],
       [0., 0.],
       [0., 0.],
       [0., 0.],
       [0., 0.],
       [0., 0.],
       [0., 0.],
       [0., 0.],
       [0., 0.],
       [0., 0.],
       [0., 0.],
       [0., 0.],
       [0., 0.],
       [0., 0.],
       [0., 0.],
       [0., 0.],
       [0., 0.],
       [0., 0.],
       [0., 0.],
       [0., 0.],
       [0., 0.],
       [0., 0.],
       [0., 0.],
       [0., 0.],
       [0., 0.],
       [0., 0.],
       [0., 0.],
       [0., 0.],
       [0., 0.],
       [0., 0.],
       [0., 0.],
       [0., 0.],
       [0., 0.],
       [0., 0.],
       [0., 0.],
       [0., 0.],
       [0., 0.],
       [0., 0.],
       [0., 0.],
       [0., 0.],
       [0., 0.],
       [0., 0.],
       [0., 0.],
       [0., 0.],
       [0., 0.],
       [0., 0.],
       [0., 0.],
       [0., 0.],
       [0., 0.],
       [0., 0.],
       [0., 0.],
       [0., 0.],
       [0., 0.],
       [0., 0.],
       [0., 0.],
       [0., 0.],
       [0., 0.],
       [0., 0.],
       [0., 0.],
       [0., 0.],
       [0., 0.]]), 'target_traj': array([[0.043, 0.09 ],
       [0.043, 0.09 ],
       [0.043, 0.09 ],
       [0.043, 0.09 ],
       [0.043, 0.09 ],
       [0.043, 0.09 ],
       [0.043, 0.09 ],
       [0.043, 0.09 ],
       [0.043, 0.09 ],
       [0.043, 0.09 ],
       [0.043, 0.09 ],
       [0.043, 0.09 ],
       [0.043, 0.09 ],
       [0.043, 0.09 ],
       [0.043, 0.09 ],
       [0.043, 0.09 ],
       [0.043, 0.09 ],
       [0.043, 0.09 ],
       [0.043, 0.09 ],
       [0.043, 0.09 ],
       [0.043, 0.09 ],
       [0.043, 0.09 ],
       [0.043, 0.09 ],
       [0.043, 0.09 ],
       [0.043, 0.09 ],
       [0.043, 0.09 ],
       [0.043, 0.09 ],
       [0.043, 0.09 ],
       [0.043, 0.09 ],
       [0.043, 0.09 ],
       [0.043, 0.09 ],
       [0.043, 0.09 ],
       [0.043, 0.09 ],
       [0.043, 0.09 ],
       [0.043, 0.09 ],
       [0.043, 0.09 ],
       [0.043, 0.09 ],
       [0.043, 0.09 ],
       [0.043, 0.09 ],
       [0.043, 0.09 ],
       [0.043, 0.09 ],
       [0.043, 0.09 ],
       [0.043, 0.09 ],
       [0.043, 0.09 ],
       [0.043, 0.09 ],
       [0.043, 0.09 ],
       [0.043, 0.09 ],
       [0.043, 0.09 ],
       [0.043, 0.09 ],
       [0.043, 0.09 ],
       [0.043, 0.09 ],
       [0.043, 0.09 ],
       [0.043, 0.09 ],
       [0.043, 0.09 ],
       [0.043, 0.09 ],
       [0.043, 0.09 ],
       [0.043, 0.09 ],
       [0.043, 0.09 ],
       [0.043, 0.09 ],
       [0.043, 0.09 ],
       [0.043, 0.09 ],
       [0.043, 0.09 ],
       [0.043, 0.09 ],
       [0.043, 0.09 ],
       [0.043, 0.09 ],
       [0.043, 0.09 ],
       [0.043, 0.09 ],
       [0.043, 0.09 ],
       [0.043, 0.09 ],
       [0.043, 0.09 ],
       [0.043, 0.09 ],
       [0.043, 0.09 ],
       [0.043, 0.09 ],
       [0.043, 0.09 ],
       [0.043, 0.09 ],
       [0.043, 0.09 ],
       [0.043, 0.09 ],
       [0.043, 0.09 ],
       [0.043, 0.09 ],
       [0.043, 0.09 ],
       [0.043, 0.09 ],
       [0.043, 0.09 ],
       [0.043, 0.09 ],
       [0.043, 0.09 ],
       [0.043, 0.09 ],
       [0.043, 0.09 ],
       [0.043, 0.09 ],
       [0.043, 0.09 ],
       [0.043, 0.09 ],
       [0.043, 0.09 ],
       [0.043, 0.09 ],
       [0.043, 0.09 ],
       [0.043, 0.09 ],
       [0.043, 0.09 ],
       [0.043, 0.09 ],
       [0.043, 0.09 ],
       [0.043, 0.09 ],
       [0.043, 0.09 ],
       [0.043, 0.09 ],
       [0.043, 0.09 ]]), 'err': array([0.19650728, 0.19651782, 0.19652814, 0.19653826, 0.19654818,
       0.1965579 , 0.19656743, 0.19657677, 0.19658592, 0.19659489,
       0.19660369, 0.19661231, 0.19662076, 0.19662904, 0.19663716,
       0.19664512, 0.19665292, 0.19666057, 0.19666806, 0.19667541,
       0.19668261, 0.19668967, 0.19669658, 0.19670336, 0.19671001,
       0.19671653, 0.19672291, 0.19672917, 0.19673531, 0.19674132,
       0.19674722, 0.19675299, 0.19675866, 0.19676421, 0.19676965,
       0.19677499, 0.19678021, 0.19678534, 0.19679036, 0.19679529,
       0.19680011, 0.19680484, 0.19680948, 0.19681403, 0.19681848,
       0.19682285, 0.19682713, 0.19683132, 0.19683544, 0.19683947,
       0.19684342, 0.19684729, 0.19685109, 0.19685481, 0.19685846,
       0.19686204, 0.19686554, 0.19686898, 0.19687234, 0.19687565,
       0.19687888, 0.19688205, 0.19688516, 0.19688821, 0.1968912 ,
       0.19689412, 0.19689699, 0.19689981, 0.19690256, 0.19690527,
       0.19690792, 0.19691051, 0.19691306, 0.19691555, 0.196918  ,
       0.1969204 , 0.19692275, 0.19692505, 0.19692731, 0.19692952,
       0.19693169, 0.19693382, 0.1969359 , 0.19693795, 0.19693995,
       0.19694191, 0.19694384, 0.19694572, 0.19694757, 0.19694938,
       0.19695116, 0.1969529 , 0.19695461, 0.19695628, 0.19695792,
       0.19695953, 0.1969611 , 0.19696265, 0.19696416, 0.19696565])}"
2,fixed_k,iid,100,90,10.617474151254687,"[0.90111503 1.2468196  1.30882932 1.32417648 1.33463745 1.3215157
 1.32086374 1.31398825 1.3270992  1.31835183 1.32144733 1.31802182
 1.32167175 1.31512972 1.31925875 1.32220827 1.31488505 1.32244767
 1.32017006 1.31902858 1.32549545 1.32207683 1.32127976 1.32259924
 1.31878658 1.32082316 1.31646713 1.32308607 1.32011238 1.31945005
 1.31787831 1.3197894  1.32097276 1.32172045 1.31923607 1.31048011
 1.3248382  1.31408382 1.32691661 1.31871669 1.31734966 1.32274189
 1.3166569  1.31997438 1.32725008 1.31975944 1.32431698 1.32510494
 1.32022567 1.32291162 1.31687058 1.32190789 1.32588632 1.31934941
 1.32106794 1.31561494 1.3186135  1.3226301  1.31466778 1.32788763
 1.32596611 1.31596466 1.32566513 1.31450002 1.32350926 1.32359465
 1.32283228 1.31684851 1.32691661 1.32053535 1.31719615 1.32398815
 1.31589008 1.32263198 1.31992732 1.32167908 1.32081463 1.31487066
 1.32874502 1.31847484 1.32219286 1.32181234 1.3236556  1.31563213
 1.32448715 1.3195264  1.32496154 1.32002815 1.32410782 1.3216198
 1.32635262 1.32109428 1.32502081 1.31962975 1.32646811 1.32279432
 1.31855962 1.3230285  1.32712205 1.31783634]",0.15493181658930624,0.1968068908792437,0,"[527.18504611 520.09999473 523.37025292 517.61672366 520.38814873
 528.12007535 519.8935587  519.77926213 523.43212161 525.25440324
 527.78504044 538.76849357 525.51794797 542.89701208 521.22538444
 526.08315367 522.89630659 520.53396683 520.24386544 520.91368381
 529.05983571 519.41510197 520.97939048 521.75943274 529.15333863
 524.36516806 518.6381666  525.0246441  525.85879155 522.58366905
 524.45096523 523.78198691 522.6691477  521.1177906  522.95791078
 525.89282393 520.9477311  521.96550835 546.22935783 519.59081739
 534.18457415 517.67157298 523.99646118 523.46108016 525.36313515
 520.3003902  527.67858095 518.93193182 519.81833391 527.45078877
 519.20134947 518.84381287 537.77856287 524.29856267 523.77824206
 524.69407208 518.07807293 522.06141502 519.9544467  524.97623768
 523.23619556 521.45933267 520.88560257 519.33713537 531.35004081
 522.46400248 529.09200359 520.42500861 518.63920968 522.01606613
 516.94025658 522.65704144 518.60100962 520.4419829  525.03785118
 519.33857705 518.91855616 518.1278903  545.3568995  524.10718147
 538.77575509 527.44978294 525.06318223 521.53658308 521.65295556
 535.05659103 521.01184335 519.05320119 524.62349087 521.75120451
 521.47112135 518.68889388 523.38498179 527.29191724 518.99753511
 518.6882969  522.48822339 522.96445519 523.97846058 525.51892772]",0,0,"[2.02007518e-04 2.19354540e-04 1.91942001e-04 2.28786611e-04
 6.53223396e-05 3.10697793e-05 1.81108203e-04 1.87775575e-04
 1.91325535e-04 1.40164887e-04 1.49298465e-04 1.13913876e-04
 1.77358417e-04 1.13341771e-04 1.85175677e-04 1.50362630e-04
 1.90096124e-04 1.57869719e-04 2.03848056e-04 1.68005816e-04
 1.89744775e-04 1.53486892e-04 1.84361519e-04 1.53515197e-04
 1.92491647e-04 1.60969953e-04 1.78929676e-04 1.08972505e-04
 2.03648733e-04 1.60045967e-04 2.00790535e-04 8.52474623e-05
 2.20233661e-04 2.25351897e-04 2.11936977e-04 1.51899218e-04
 1.88620309e-04 1.72616617e-04 1.92213834e-04 1.38516614e-04
 1.80571400e-04 1.49561197e-04 1.87629135e-04 8.98729258e-05
 2.08690873e-04 1.71432692e-04 1.87831111e-04 1.57482801e-04
 1.87347714e-04 1.57030701e-04 1.81369535e-04 8.78387170e-05
 2.09094018e-04 1.75177389e-04 1.83705325e-04 1.11042217e-04
 1.92521412e-04 8.69565624e-05 2.07837206e-04 1.20901165e-04
 2.24693663e-04 2.25154439e-04 2.13851372e-04 1.78719943e-04
 2.18473388e-04 2.36186353e-04 2.06967668e-04 1.84128600e-04
 1.92463082e-04 1.35060451e-04 1.80791780e-04 9.11730178e-05
 2.06640524e-04 1.21002022e-04 2.19383473e-04 2.36996293e-04
 2.11559386e-04 1.84885210e-04 1.69431496e-04 1.19590245e-04
 1.82998876e-04 7.97447462e-05 2.09112701e-04 1.13295892e-04
 1.92666309e-04 9.44034298e-05 2.11705614e-04 1.22792592e-04
 1.91007323e-04 6.85650524e-05 2.10859422e-04 9.79578983e-05
 2.04816037e-04 1.16613827e-04 1.86125025e-04 1.63431312e-04
 1.78659094e-04 8.72363591e-05 2.06833001e-04 1.08369441e-04]","['user_limit' 'user_limit' 'user_limit' 'user_limit' 'user_limit'
 'user_limit' 'user_limit' 'user_limit' 'user_limit' 'user_limit'
 'user_limit' 'user_limit' 'user_limit' 'user_limit' 'user_limit'
 'user_limit' 'user_limit' 'user_limit' 'user_limit' 'user_limit'
 'user_limit' 'user_limit' 'user_limit' 'user_limit' 'user_limit'
 'user_limit' 'user_limit' 'user_limit' 'user_limit' 'user_limit'
 'user_limit' 'user_limit' 'user_limit' 'user_limit' 'user_limit'
 'user_limit' 'user_limit' 'user_limit' 'user_limit' 'user_limit'
 'user_limit' 'user_limit' 'user_limit' 'user_limit' 'user_limit'
 'user_limit' 'user_limit' 'user_limit' 'user_limit' 'user_limit'
 'user_limit' 'user_limit' 'user_limit' 'user_limit' 'user_limit'
 'user_limit' 'user_limit' 'user_limit' 'user_limit' 'user_limit'
 'user_limit' 'user_limit' 'user_limit' 'user_limit' 'user_limit'
 'user_limit' 'user_limit' 'user_limit' 'user_limit' 'user_limit'
 'user_limit' 'user_limit' 'user_limit' 'user_limit' 'user_limit'
 'user_limit' 'user_limit' 'user_limit' 'user_limit' 'user_limit'
 'user_limit' 'user_limit' 'user_limit' 'user_limit' 'user_limit'
 'user_limit' 'user_limit' 'user_limit' 'user_limit' 'user_limit'
 'user_limit' 'user_limit' 'user_limit' 'user_limit' 'user_limit'
 'user_limit' 'user_limit' 'user_limit' 'user_limit' 'user_limit']","{'x_traj': array([[ 0.99886364,  0.99918799, -0.04765951, ...,  0.16942071,
        -0.10585541,  0.        ],
       [ 0.99886069,  0.99918444, -0.04772124, ...,  0.16941896,
        -0.10587801,  0.        ],
       [ 0.9988578 ,  0.99918095, -0.04778175, ...,  0.16941725,
        -0.10590016,  0.        ],
       ...,
       [ 0.99873255,  0.99902721, -0.0503319 , ...,  0.16934261,
        -0.10683315,  0.        ],
       [ 0.9987321 ,  0.99902666, -0.0503408 , ...,  0.16934234,
        -0.1068364 ,  0.        ],
       [ 0.99873166,  0.99902611, -0.05034952, ...,  0.16934207,
        -0.10683959,  0.        ]], shape=(100, 11)), 'u_traj': array([[0., 0.],
       [0., 0.],
       [0., 0.],
       [0., 0.],
       [0., 0.],
       [0., 0.],
       [0., 0.],
       [0., 0.],
       [0., 0.],
       [0., 0.],
       [0., 0.],
       [0., 0.],
       [0., 0.],
       [0., 0.],
       [0., 0.],
       [0., 0.],
       [0., 0.],
       [0., 0.],
       [0., 0.],
       [0., 0.],
       [0., 0.],
       [0., 0.],
       [0., 0.],
       [0., 0.],
       [0., 0.],
       [0., 0.],
       [0., 0.],
       [0., 0.],
       [0., 0.],
       [0., 0.],
       [0., 0.],
       [0., 0.],
       [0., 0.],
       [0., 0.],
       [0., 0.],
       [0., 0.],
       [0., 0.],
       [0., 0.],
       [0., 0.],
       [0., 0.],
       [0., 0.],
       [0., 0.],
       [0., 0.],
       [0., 0.],
       [0., 0.],
       [0., 0.],
       [0., 0.],
       [0., 0.],
       [0., 0.],
       [0., 0.],
       [0., 0.],
       [0., 0.],
       [0., 0.],
       [0., 0.],
       [0., 0.],
       [0., 0.],
       [0., 0.],
       [0., 0.],
       [0., 0.],
       [0., 0.],
       [0., 0.],
       [0., 0.],
       [0., 0.],
       [0., 0.],
       [0., 0.],
       [0., 0.],
       [0., 0.],
       [0., 0.],
       [0., 0.],
       [0., 0.],
       [0., 0.],
       [0., 0.],
       [0., 0.],
       [0., 0.],
       [0., 0.],
       [0., 0.],
       [0., 0.],
       [0., 0.],
       [0., 0.],
       [0., 0.],
       [0., 0.],
       [0., 0.],
       [0., 0.],
       [0., 0.],
       [0., 0.],
       [0., 0.],
       [0., 0.],
       [0., 0.],
       [0., 0.],
       [0., 0.],
       [0., 0.],
       [0., 0.],
       [0., 0.],
       [0., 0.],
       [0., 0.],
       [0., 0.],
       [0., 0.],
       [0., 0.],
       [0., 0.],
       [0., 0.]]), 'target_traj': array([[0.043, 0.09 ],
       [0.043, 0.09 ],
       [0.043, 0.09 ],
       [0.043, 0.09 ],
       [0.043, 0.09 ],
       [0.043, 0.09 ],
       [0.043, 0.09 ],
       [0.043, 0.09 ],
       [0.043, 0.09 ],
       [0.043, 0.09 ],
       [0.043, 0.09 ],
       [0.043, 0.09 ],
       [0.043, 0.09 ],
       [0.043, 0.09 ],
       [0.043, 0.09 ],
       [0.043, 0.09 ],
       [0.043, 0.09 ],
       [0.043, 0.09 ],
       [0.043, 0.09 ],
       [0.043, 0.09 ],
       [0.043, 0.09 ],
       [0.043, 0.09 ],
       [0.043, 0.09 ],
       [0.043, 0.09 ],
       [0.043, 0.09 ],
       [0.043, 0.09 ],
       [0.043, 0.09 ],
       [0.043, 0.09 ],
       [0.043, 0.09 ],
       [0.043, 0.09 ],
       [0.043, 0.09 ],
       [0.043, 0.09 ],
       [0.043, 0.09 ],
       [0.043, 0.09 ],
       [0.043, 0.09 ],
       [0.043, 0.09 ],
       [0.043, 0.09 ],
       [0.043, 0.09 ],
       [0.043, 0.09 ],
       [0.043, 0.09 ],
       [0.043, 0.09 ],
       [0.043, 0.09 ],
       [0.043, 0.09 ],
       [0.043, 0.09 ],
       [0.043, 0.09 ],
       [0.043, 0.09 ],
       [0.043, 0.09 ],
       [0.043, 0.09 ],
       [0.043, 0.09 ],
       [0.043, 0.09 ],
       [0.043, 0.09 ],
       [0.043, 0.09 ],
       [0.043, 0.09 ],
       [0.043, 0.09 ],
       [0.043, 0.09 ],
       [0.043, 0.09 ],
       [0.043, 0.09 ],
       [0.043, 0.09 ],
       [0.043, 0.09 ],
       [0.043, 0.09 ],
       [0.043, 0.09 ],
       [0.043, 0.09 ],
       [0.043, 0.09 ],
       [0.043, 0.09 ],
       [0.043, 0.09 ],
       [0.043, 0.09 ],
       [0.043, 0.09 ],
       [0.043, 0.09 ],
       [0.043, 0.09 ],
       [0.043, 0.09 ],
       [0.043, 0.09 ],
       [0.043, 0.09 ],
       [0.043, 0.09 ],
       [0.043, 0.09 ],
       [0.043, 0.09 ],
       [0.043, 0.09 ],
       [0.043, 0.09 ],
       [0.043, 0.09 ],
       [0.043, 0.09 ],
       [0.043, 0.09 ],
       [0.043, 0.09 ],
       [0.043, 0.09 ],
       [0.043, 0.09 ],
       [0.043, 0.09 ],
       [0.043, 0.09 ],
       [0.043, 0.09 ],
       [0.043, 0.09 ],
       [0.043, 0.09 ],
       [0.043, 0.09 ],
       [0.043, 0.09 ],
       [0.043, 0.09 ],
       [0.043, 0.09 ],
       [0.043, 0.09 ],
       [0.043, 0.09 ],
       [0.043, 0.09 ],
       [0.043, 0.09 ],
       [0.043, 0.09 ],
       [0.043, 0.09 ],
       [0.043, 0.09 ],
       [0.043, 0.09 ]]), 'err': array([0.19650728, 0.19651782, 0.19652814, 0.19653826, 0.19654818,
       0.1965579 , 0.19656743, 0.19657677, 0.19658592, 0.19659489,
       0.19660369, 0.19661231, 0.19662076, 0.19662904, 0.19663716,
       0.19664512, 0.19665292, 0.19666057, 0.19666806, 0.19667541,
       0.19668261, 0.19668967, 0.19669658, 0.19670336, 0.19671001,
       0.19671653, 0.19672291, 0.19672917, 0.19673531, 0.19674132,
       0.19674722, 0.19675299, 0.19675866, 0.19676421, 0.19676965,
       0.19677499, 0.19678021, 0.19678534, 0.19679036, 0.19679529,
       0.19680011, 0.19680484, 0.19680948, 0.19681403, 0.19681848,
       0.19682285, 0.19682713, 0.19683132, 0.19683544, 0.19683947,
       0.19684342, 0.19684729, 0.19685109, 0.19685481, 0.19685846,
       0.19686204, 0.19686554, 0.19686898, 0.19687234, 0.19687565,
       0.19687888, 0.19688205, 0.19688516, 0.19688821, 0.1968912 ,
       0.19689412, 0.19689699, 0.19689981, 0.19690256, 0.19690527,
       0.19690792, 0.19691051, 0.19691306, 0.19691555, 0.196918  ,
       0.1969204 , 0.19692275, 0.19692505, 0.19692731, 0.19692952,
       0.19693169, 0.19693382, 0.1969359 , 0.19693795, 0.19693995,
       0.19694191, 0.19694384, 0.19694572, 0.19694757, 0.19694938,
       0.19695116, 0.1969529 , 0.19695461, 0.19695628, 0.19695792,
       0.19695953, 0.1969611 , 0.19696265, 0.19696416, 0.19696565])}"
3,fixed_k,iid,100,10,10.617474151254687,"[0.91097062 1.25721408 1.33077631 1.33501958 1.31908222 1.32719674
 1.32662903 1.32132553 1.31748443 1.32748027 1.32782182 1.32738677
 1.33323887 1.32386172 1.32876385 1.32524384 1.32832649 1.31947449
 1.3295539  1.32427778 1.32568541 1.32923453 1.32739406 1.32925744
 1.32378543 1.33502009 1.33560997 1.3293419  1.32949685 1.33164339
 1.33629989 1.32919368 1.32463493 1.32631372 1.33123479 1.3251665
 1.32998013 1.32726662 1.32770709 1.32200189 1.32568991 1.32341527
 1.32132625 1.33029416 1.32924963 1.3269057  1.32499281 1.32731129
 1.3330447  1.31908129 1.32880967 1.32198775 1.33320428 1.32276513
 1.32434961 1.32654301 1.32201184 1.33036006 1.32512252 1.32674467
 1.32490373 1.33312619 1.33421231 1.33299695 1.33278706 1.32279564
 1.34749151 1.32105463 1.33392772 1.32363059 1.33645314 1.32540928
 1.32933413 1.32098759 1.33019049 1.32365358 1.32928963 1.32493019
 1.32575776 1.3297327  1.3279118  1.32792629 1.32779421 1.32675473
 1.3261212  1.32619771 1.31508475 1.33307084 1.32664325 1.3262002
 1.32194365 1.32491817 1.33326191 1.33251347 1.34547784 1.32649812
 1.32741238 1.33793635 1.30788977 1.32106627]",0.1611282726294963,0.2007039297816959,0,"[524.20204971 520.20174917 524.99197423 518.89033429 519.70260497
 518.20004731 523.13322481 520.79228032 518.44023541 530.45786358
 520.51163651 523.0367519  521.21184487 523.51257671 519.08826549
 526.55181102 523.39346334 523.18105381 522.6266766  521.50105871
 522.87057415 525.03763232 519.25463509 517.22890232 525.25191102
 519.68453825 526.24395769 520.65971959 520.48119716 519.43352912
 518.80334504 530.13201803 523.4794151  525.33250581 521.54676616
 527.89380308 525.05495213 518.24559737 521.90244477 521.13793883
 519.17734742 525.61108302 524.9338029  522.02005405 521.43600862
 535.40775646 528.78165059 521.66911028 519.54548992 523.66894111
 527.61181444 529.35292944 521.35497238 524.76743236 520.3899378
 518.89132243 550.18706713 523.6395821  519.85507924 522.06913568
 518.74542329 530.84688168 519.1971492  519.13085021 522.51544502
 547.46024683 526.0318229  516.01853129 533.5432915  522.19950873
 521.75862808 529.27125059 521.02225833 518.30742415 539.94768392
 524.24544003 521.58369496 521.46104164 520.03069129 666.67094734
 524.67109542 531.83940146 524.92633089 517.84793288 520.92439495
 534.39591546 525.11353139 520.62087506 524.47688859 525.72012413
 535.41542497 520.09015065 519.75718699 521.63606137 518.35903525
 523.51893205 519.94028594 522.78942429 520.98622825 520.902385  ]",0,0,"[2.65541997e-04 2.42508519e-04 2.02414169e-04 7.64484800e-05
 1.82770117e-04 1.19996309e-04 2.26371251e-04 1.69670004e-04
 1.31827766e-04 1.25690157e-04 4.88106970e-05 2.17839789e-04
 2.09266478e-04 1.55514583e-04 1.81721594e-04 2.20722008e-04
 1.92776501e-04 1.82074157e-04 2.49462550e-04 1.94623255e-04
 1.61732845e-04 1.77495617e-04 6.19712050e-05 1.19195799e-04
 5.58839559e-05 1.10146708e-04 2.18270017e-05 1.03071106e-04
 1.65821264e-04 2.17172991e-04 2.61451030e-04 1.61706870e-04
 5.77092876e-05 1.27131058e-04 1.40443062e-04 2.10394847e-04
 2.46860779e-04 2.02775571e-04 2.56654985e-04 1.89091174e-04
 1.73136436e-04 1.82991002e-04 1.12637155e-04 1.08815129e-04
 2.10273537e-04 1.45365375e-04 1.50020093e-04 1.96241337e-04
 2.38995601e-04 1.59698078e-04 1.56792376e-04 2.31509227e-04
 1.88118387e-04 1.84520421e-04 1.08185929e-04 1.83084284e-04
 1.09298272e-04 1.05466384e-04 2.20781078e-04 1.50498379e-04
 5.58896021e-05 1.24871855e-04 1.39450947e-04 6.84905975e-05
 1.62957111e-04 1.69636344e-04 8.15982567e-05 2.10526959e-04
 1.92420342e-04 2.16265021e-04 1.49476029e-04 2.14827972e-04
 2.36366246e-04 1.75877965e-04 1.35737558e-04 1.61466788e-04
 1.20995243e-04 1.28330188e-04 5.79859521e-05 1.15333549e-04
 2.67814468e-05 1.19818100e-04 5.54353625e-05 2.11482916e-04
 2.52876187e-04 7.66947371e-05 2.05914513e-04 1.08247326e-04
 1.99353162e-04 1.42098286e-04 1.53598594e-04 2.14803858e-04
 1.73115361e-04 1.54861387e-04 1.00725334e-04 1.01540649e-04
 8.24617301e-05 3.91816783e-05 2.51415531e-04 7.99508454e-05]","['user_limit' 'user_limit' 'user_limit' 'user_limit' 'user_limit'
 'user_limit' 'user_limit' 'user_limit' 'user_limit' 'user_limit'
 'user_limit' 'user_limit' 'user_limit' 'user_limit' 'user_limit'
 'user_limit' 'user_limit' 'user_limit' 'user_limit' 'user_limit'
 'user_limit' 'user_limit' 'user_limit' 'user_limit' 'user_limit'
 'user_limit' 'user_limit' 'user_limit' 'user_limit' 'user_limit'
 'user_limit' 'user_limit' 'user_limit' 'user_limit' 'user_limit'
 'user_limit' 'user_limit' 'user_limit' 'user_limit' 'user_limit'
 'user_limit' 'user_limit' 'user_limit' 'user_limit' 'user_limit'
 'user_limit' 'user_limit' 'user_limit' 'user_limit' 'user_limit'
 'user_limit' 'user_limit' 'user_limit' 'user_limit' 'user_limit'
 'user_limit' 'user_limit' 'user_limit' 'user_limit' 'user_limit'
 'user_limit' 'user_limit' 'user_limit' 'user_limit' 'user_limit'
 'user_limit' 'user_limit' 'user_limit' 'user_limit' 'user_limit'
 'user_limit' 'user_limit' 'user_limit' 'user_limit' 'user_limit'
 'user_limit' 'user_limit' 'user_limit' 'user_limit' 'user_limit'
 'user_limit' 'user_limit' 'user_limit' 'user_limit' 'user_limit'
 'user_limit' 'user_limit' 'user_limit' 'user_limit' 'user_limit'
 'user_limit' 'user_limit' 'user_limit' 'user_limit' 'user_limit'
 'user_limit' 'user_limit' 'user_limit' 'user_limit' 'user_limit']","{'x_traj': array([[ 0.99656823,  0.99861495, -0.08277535, ...,  0.37099698,
         0.00361138,  0.        ],
       [ 0.99656789,  0.9986114 , -0.08277948, ...,  0.37099588,
         0.00360317,  0.        ],
       [ 0.99656755,  0.99860792, -0.08278353, ...,  0.3709948 ,
         0.00359512,  0.        ],
       ...,
       [ 0.99655329,  0.99845739, -0.08295504, ...,  0.37094898,
         0.00325622,  0.        ],
       [ 0.99655324,  0.99845685, -0.08295564, ...,  0.37094882,
         0.00325504,  0.        ],
       [ 0.99655319,  0.99845632, -0.08295624, ...,  0.37094866,
         0.00325388,  0.        ]], shape=(100, 11)), 'u_traj': array([[0., 0.],
       [0., 0.],
       [0., 0.],
       [0., 0.],
       [0., 0.],
       [0., 0.],
       [0., 0.],
       [0., 0.],
       [0., 0.],
       [0., 0.],
       [0., 0.],
       [0., 0.],
       [0., 0.],
       [0., 0.],
       [0., 0.],
       [0., 0.],
       [0., 0.],
       [0., 0.],
       [0., 0.],
       [0., 0.],
       [0., 0.],
       [0., 0.],
       [0., 0.],
       [0., 0.],
       [0., 0.],
       [0., 0.],
       [0., 0.],
       [0., 0.],
       [0., 0.],
       [0., 0.],
       [0., 0.],
       [0., 0.],
       [0., 0.],
       [0., 0.],
       [0., 0.],
       [0., 0.],
       [0., 0.],
       [0., 0.],
       [0., 0.],
       [0., 0.],
       [0., 0.],
       [0., 0.],
       [0., 0.],
       [0., 0.],
       [0., 0.],
       [0., 0.],
       [0., 0.],
       [0., 0.],
       [0., 0.],
       [0., 0.],
       [0., 0.],
       [0., 0.],
       [0., 0.],
       [0., 0.],
       [0., 0.],
       [0., 0.],
       [0., 0.],
       [0., 0.],
       [0., 0.],
       [0., 0.],
       [0., 0.],
       [0., 0.],
       [0., 0.],
       [0., 0.],
       [0., 0.],
       [0., 0.],
       [0., 0.],
       [0., 0.],
       [0., 0.],
       [0., 0.],
       [0., 0.],
       [0., 0.],
       [0., 0.],
       [0., 0.],
       [0., 0.],
       [0., 0.],
       [0., 0.],
       [0., 0.],
       [0., 0.],
       [0., 0.],
       [0., 0.],
       [0., 0.],
       [0., 0.],
       [0., 0.],
       [0., 0.],
       [0., 0.],
       [0., 0.],
       [0., 0.],
       [0., 0.],
       [0., 0.],
       [0., 0.],
       [0., 0.],
       [0., 0.],
       [0., 0.],
       [0., 0.],
       [0., 0.],
       [0., 0.],
       [0., 0.],
       [0., 0.],
       [0., 0.]]), 'target_traj': array([[0.043, 0.09 ],
       [0.043, 0.09 ],
       [0.043, 0.09 ],
       [0.043, 0.09 ],
       [0.043, 0.09 ],
       [0.043, 0.09 ],
       [0.043, 0.09 ],
       [0.043, 0.09 ],
       [0.043, 0.09 ],
       [0.043, 0.09 ],
       [0.043, 0.09 ],
       [0.043, 0.09 ],
       [0.043, 0.09 ],
       [0.043, 0.09 ],
       [0.043, 0.09 ],
       [0.043, 0.09 ],
       [0.043, 0.09 ],
       [0.043, 0.09 ],
       [0.043, 0.09 ],
       [0.043, 0.09 ],
       [0.043, 0.09 ],
       [0.043, 0.09 ],
       [0.043, 0.09 ],
       [0.043, 0.09 ],
       [0.043, 0.09 ],
       [0.043, 0.09 ],
       [0.043, 0.09 ],
       [0.043, 0.09 ],
       [0.043, 0.09 ],
       [0.043, 0.09 ],
       [0.043, 0.09 ],
       [0.043, 0.09 ],
       [0.043, 0.09 ],
       [0.043, 0.09 ],
       [0.043, 0.09 ],
       [0.043, 0.09 ],
       [0.043, 0.09 ],
       [0.043, 0.09 ],
       [0.043, 0.09 ],
       [0.043, 0.09 ],
       [0.043, 0.09 ],
       [0.043, 0.09 ],
       [0.043, 0.09 ],
       [0.043, 0.09 ],
       [0.043, 0.09 ],
       [0.043, 0.09 ],
       [0.043, 0.09 ],
       [0.043, 0.09 ],
       [0.043, 0.09 ],
       [0.043, 0.09 ],
       [0.043, 0.09 ],
       [0.043, 0.09 ],
       [0.043, 0.09 ],
       [0.043, 0.09 ],
       [0.043, 0.09 ],
       [0.043, 0.09 ],
       [0.043, 0.09 ],
       [0.043, 0.09 ],
       [0.043, 0.09 ],
       [0.043, 0.09 ],
       [0.043, 0.09 ],
       [0.043, 0.09 ],
       [0.043, 0.09 ],
       [0.043, 0.09 ],
       [0.043, 0.09 ],
       [0.043, 0.09 ],
       [0.043, 0.09 ],
       [0.043, 0.09 ],
       [0.043, 0.09 ],
       [0.043, 0.09 ],
       [0.043, 0.09 ],
       [0.043, 0.09 ],
       [0.043, 0.09 ],
       [0.043, 0.09 ],
       [0.043, 0.09 ],
       [0.043, 0.09 ],
       [0.043, 0.09 ],
       [0.043, 0.09 ],
       [0.043, 0.09 ],
       [0.043, 0.09 ],
       [0.043, 0.09 ],
       [0.043, 0.09 ],
       [0.043, 0.09 ],
       [0.043, 0.09 ],
       [0.043, 0.09 ],
       [0.043, 0.09 ],
       [0.043, 0.09 ],
       [0.043, 0.09 ],
       [0.043, 0.09 ],
       [0.043, 0.09 ],
       [0.043, 0.09 ],
       [0.043, 0.09 ],
       [0.043, 0.09 ],
       [0.043, 0.09 ],
       [0.043, 0.09 ],
       [0.043, 0.09 ],
       [0.043, 0.09 ],
       [0.043, 0.09 ],
       [0.043, 0.09 ],
       [0.043, 0.09 ]]), 'err': array([0.20059805, 0.20060177, 0.20060542, 0.200609  , 0.2006125 ,
       0.20061594, 0.20061931, 0.20062261, 0.20062585, 0.20062902,
       0.20063213, 0.20063518, 0.20063816, 0.20064109, 0.20064396,
       0.20064677, 0.20064953, 0.20065223, 0.20065488, 0.20065748,
       0.20066002, 0.20066252, 0.20066496, 0.20066736, 0.20066971,
       0.20067201, 0.20067427, 0.20067648, 0.20067865, 0.20068078,
       0.20068286, 0.2006849 , 0.2006869 , 0.20068886, 0.20069079,
       0.20069267, 0.20069452, 0.20069633, 0.20069811, 0.20069985,
       0.20070155, 0.20070322, 0.20070486, 0.20070647, 0.20070804,
       0.20070958, 0.2007111 , 0.20071258, 0.20071403, 0.20071546,
       0.20071685, 0.20071822, 0.20071956, 0.20072088, 0.20072217,
       0.20072343, 0.20072467, 0.20072588, 0.20072707, 0.20072824,
       0.20072938, 0.2007305 , 0.2007316 , 0.20073268, 0.20073373,
       0.20073477, 0.20073578, 0.20073678, 0.20073775, 0.2007387 ,
       0.20073964, 0.20074056, 0.20074146, 0.20074234, 0.2007432 ,
       0.20074405, 0.20074488, 0.20074569, 0.20074649, 0.20074727,
       0.20074804, 0.20074879, 0.20074953, 0.20075025, 0.20075096,
       0.20075165, 0.20075233, 0.20075299, 0.20075365, 0.20075429,
       0.20075492, 0.20075553, 0.20075613, 0.20075672, 0.2007573 ,
       0.20075787, 0.20075843, 0.20075897, 0.20075951, 0.20076003])}"
3,fixed_k,iid,100,20,10.617474151254687,"[0.91097062 1.25721408 1.33077631 1.33501958 1.31908222 1.32719674
 1.32662903 1.32132553 1.31748443 1.32748027 1.32782182 1.32738677
 1.33323887 1.32386172 1.32876385 1.32524384 1.32832649 1.31947449
 1.3295539  1.32427778 1.32568541 1.32923453 1.32739406 1.32925744
 1.32378543 1.33502009 1.33560997 1.3293419  1.32949685 1.33164339
 1.33629989 1.32919368 1.32463493 1.32631372 1.33123479 1.3251665
 1.32998013 1.32726662 1.32770709 1.32200189 1.32568991 1.32341527
 1.32132625 1.33029416 1.32924963 1.3269057  1.32499281 1.32731129
 1.3330447  1.31908129 1.32880967 1.32198775 1.33320428 1.32276513
 1.32434961 1.32654301 1.32201184 1.33036006 1.32512252 1.32674467
 1.32490373 1.33312619 1.33421231 1.33299695 1.33278706 1.32279564
 1.34749151 1.32105463 1.33392772 1.32363059 1.33645314 1.32540928
 1.32933413 1.32098759 1.33019049 1.32365358 1.32928963 1.32493019
 1.32575776 1.3297327  1.3279118  1.32792629 1.32779421 1.32675473
 1.3261212  1.32619771 1.31508475 1.33307084 1.32664325 1.3262002
 1.32194365 1.32491817 1.33326191 1.33251347 1.34547784 1.32649812
 1.32741238 1.33793635 1.30788977 1.32106627]",0.1611282726294963,0.2007039297816959,0,"[522.98693638 524.38502386 530.45982495 521.49270475 541.21551942
 519.82445549 521.41484432 520.81536781 521.08504809 520.53189557
 522.79516123 520.73143888 521.09169587 527.09466685 517.92118233
 521.99054696 523.62496685 523.77833147 546.10515479 533.85165613
 520.80193814 522.8054272  521.754805   526.10526606 522.8748396
 521.92420233 524.6564718  519.17841379 538.47157769 523.14136922
 522.65433688 523.41524698 530.71836103 525.76163504 520.83789837
 522.15826605 520.82296088 528.5128383  528.49338949 543.64904016
 520.36090195 519.16486211 525.47046263 525.48191044 520.91532014
 520.34107316 525.66785458 519.59531568 527.42606588 521.89536579
 520.95795982 520.9638644  554.98699006 529.53305468 524.25443381
 522.95127977 521.01354674 525.8034803  524.15049635 542.61229467
 520.21227218 519.33151763 518.48792657 519.8339019  521.81862853
 519.91121005 536.59961186 524.77770485 524.158746   521.30645048
 521.70278318 518.88825186 530.48152197 519.4408372  520.17361671
 524.80067313 521.16112597 528.18582393 519.19680461 525.80123022
 518.78359076 519.74995341 525.24243668 520.99041454 522.06812892
 521.79341763 525.15457105 525.33175424 521.94902394 523.67262356
 528.56436092 520.79722006 528.8230665  528.60676311 519.09344178
 523.45228847 520.82678024 526.94297768 520.34062427 519.53887846]",0,0,"[2.65541997e-04 2.42508519e-04 2.02414169e-04 7.64484800e-05
 1.82770117e-04 1.19996309e-04 2.26371251e-04 1.69670004e-04
 1.31827766e-04 1.25690157e-04 4.88106970e-05 2.17839789e-04
 2.09266478e-04 1.55514583e-04 1.81721594e-04 2.20722008e-04
 1.92776501e-04 1.82074157e-04 2.49462550e-04 1.94623255e-04
 1.61732845e-04 1.77495617e-04 6.19712050e-05 1.19195799e-04
 5.58839559e-05 1.10146708e-04 2.18270017e-05 1.03071106e-04
 1.65821264e-04 2.17172991e-04 2.61451030e-04 1.61706870e-04
 5.77092876e-05 1.27131058e-04 1.40443062e-04 2.10394847e-04
 2.46860779e-04 2.02775571e-04 2.56654985e-04 1.89091174e-04
 1.73136436e-04 1.82991002e-04 1.12637155e-04 1.08815129e-04
 2.10273537e-04 1.45365375e-04 1.50020093e-04 1.96241337e-04
 2.38995601e-04 1.59698078e-04 1.56792376e-04 2.31509227e-04
 1.88118387e-04 1.84520421e-04 1.08185929e-04 1.83084284e-04
 1.09298272e-04 1.05466384e-04 2.20781078e-04 1.50498379e-04
 5.58896021e-05 1.24871855e-04 1.39450947e-04 6.84905975e-05
 1.62957111e-04 1.69636344e-04 8.15982567e-05 2.10526959e-04
 1.92420342e-04 2.16265021e-04 1.49476029e-04 2.14827972e-04
 2.36366246e-04 1.75877965e-04 1.35737558e-04 1.61466788e-04
 1.20995243e-04 1.28330188e-04 5.79859521e-05 1.15333549e-04
 2.67814468e-05 1.19818100e-04 5.54353625e-05 2.11482916e-04
 2.52876187e-04 7.66947371e-05 2.05914513e-04 1.08247326e-04
 1.99353162e-04 1.42098286e-04 1.53598594e-04 2.14803858e-04
 1.73115361e-04 1.54861387e-04 1.00725334e-04 1.01540649e-04
 8.24617301e-05 3.91816783e-05 2.51415531e-04 7.99508454e-05]","['user_limit' 'user_limit' 'user_limit' 'user_limit' 'user_limit'
 'user_limit' 'user_limit' 'user_limit' 'user_limit' 'user_limit'
 'user_limit' 'user_limit' 'user_limit' 'user_limit' 'user_limit'
 'user_limit' 'user_limit' 'user_limit' 'user_limit' 'user_limit'
 'user_limit' 'user_limit' 'user_limit' 'user_limit' 'user_limit'
 'user_limit' 'user_limit' 'user_limit' 'user_limit' 'user_limit'
 'user_limit' 'user_limit' 'user_limit' 'user_limit' 'user_limit'
 'user_limit' 'user_limit' 'user_limit' 'user_limit' 'user_limit'
 'user_limit' 'user_limit' 'user_limit' 'user_limit' 'user_limit'
 'user_limit' 'user_limit' 'user_limit' 'user_limit' 'user_limit'
 'user_limit' 'user_limit' 'user_limit' 'user_limit' 'user_limit'
 'user_limit' 'user_limit' 'user_limit' 'user_limit' 'user_limit'
 'user_limit' 'user_limit' 'user_limit' 'user_limit' 'user_limit'
 'user_limit' 'user_limit' 'user_limit' 'user_limit' 'user_limit'
 'user_limit' 'user_limit' 'user_limit' 'user_limit' 'user_limit'
 'user_limit' 'user_limit' 'user_limit' 'user_limit' 'user_limit'
 'user_limit' 'user_limit' 'user_limit' 'user_limit' 'user_limit'
 'user_limit' 'user_limit' 'user_limit' 'user_limit' 'user_limit'
 'user_limit' 'user_limit' 'user_limit' 'user_limit' 'user_limit'
 'user_limit' 'user_limit' 'user_limit' 'user_limit' 'user_limit']","{'x_traj': array([[ 0.99656823,  0.99861495, -0.08277535, ...,  0.37099698,
         0.00361138,  0.        ],
       [ 0.99656789,  0.9986114 , -0.08277948, ...,  0.37099588,
         0.00360317,  0.        ],
       [ 0.99656755,  0.99860792, -0.08278353, ...,  0.3709948 ,
         0.00359512,  0.        ],
       ...,
       [ 0.99655329,  0.99845739, -0.08295504, ...,  0.37094898,
         0.00325622,  0.        ],
       [ 0.99655324,  0.99845685, -0.08295564, ...,  0.37094882,
         0.00325504,  0.        ],
       [ 0.99655319,  0.99845632, -0.08295624, ...,  0.37094866,
         0.00325388,  0.        ]], shape=(100, 11)), 'u_traj': array([[0., 0.],
       [0., 0.],
       [0., 0.],
       [0., 0.],
       [0., 0.],
       [0., 0.],
       [0., 0.],
       [0., 0.],
       [0., 0.],
       [0., 0.],
       [0., 0.],
       [0., 0.],
       [0., 0.],
       [0., 0.],
       [0., 0.],
       [0., 0.],
       [0., 0.],
       [0., 0.],
       [0., 0.],
       [0., 0.],
       [0., 0.],
       [0., 0.],
       [0., 0.],
       [0., 0.],
       [0., 0.],
       [0., 0.],
       [0., 0.],
       [0., 0.],
       [0., 0.],
       [0., 0.],
       [0., 0.],
       [0., 0.],
       [0., 0.],
       [0., 0.],
       [0., 0.],
       [0., 0.],
       [0., 0.],
       [0., 0.],
       [0., 0.],
       [0., 0.],
       [0., 0.],
       [0., 0.],
       [0., 0.],
       [0., 0.],
       [0., 0.],
       [0., 0.],
       [0., 0.],
       [0., 0.],
       [0., 0.],
       [0., 0.],
       [0., 0.],
       [0., 0.],
       [0., 0.],
       [0., 0.],
       [0., 0.],
       [0., 0.],
       [0., 0.],
       [0., 0.],
       [0., 0.],
       [0., 0.],
       [0., 0.],
       [0., 0.],
       [0., 0.],
       [0., 0.],
       [0., 0.],
       [0., 0.],
       [0., 0.],
       [0., 0.],
       [0., 0.],
       [0., 0.],
       [0., 0.],
       [0., 0.],
       [0., 0.],
       [0., 0.],
       [0., 0.],
       [0., 0.],
       [0., 0.],
       [0., 0.],
       [0., 0.],
       [0., 0.],
       [0., 0.],
       [0., 0.],
       [0., 0.],
       [0., 0.],
       [0., 0.],
       [0., 0.],
       [0., 0.],
       [0., 0.],
       [0., 0.],
       [0., 0.],
       [0., 0.],
       [0., 0.],
       [0., 0.],
       [0., 0.],
       [0., 0.],
       [0., 0.],
       [0., 0.],
       [0., 0.],
       [0., 0.],
       [0., 0.]]), 'target_traj': array([[0.043, 0.09 ],
       [0.043, 0.09 ],
       [0.043, 0.09 ],
       [0.043, 0.09 ],
       [0.043, 0.09 ],
       [0.043, 0.09 ],
       [0.043, 0.09 ],
       [0.043, 0.09 ],
       [0.043, 0.09 ],
       [0.043, 0.09 ],
       [0.043, 0.09 ],
       [0.043, 0.09 ],
       [0.043, 0.09 ],
       [0.043, 0.09 ],
       [0.043, 0.09 ],
       [0.043, 0.09 ],
       [0.043, 0.09 ],
       [0.043, 0.09 ],
       [0.043, 0.09 ],
       [0.043, 0.09 ],
       [0.043, 0.09 ],
       [0.043, 0.09 ],
       [0.043, 0.09 ],
       [0.043, 0.09 ],
       [0.043, 0.09 ],
       [0.043, 0.09 ],
       [0.043, 0.09 ],
       [0.043, 0.09 ],
       [0.043, 0.09 ],
       [0.043, 0.09 ],
       [0.043, 0.09 ],
       [0.043, 0.09 ],
       [0.043, 0.09 ],
       [0.043, 0.09 ],
       [0.043, 0.09 ],
       [0.043, 0.09 ],
       [0.043, 0.09 ],
       [0.043, 0.09 ],
       [0.043, 0.09 ],
       [0.043, 0.09 ],
       [0.043, 0.09 ],
       [0.043, 0.09 ],
       [0.043, 0.09 ],
       [0.043, 0.09 ],
       [0.043, 0.09 ],
       [0.043, 0.09 ],
       [0.043, 0.09 ],
       [0.043, 0.09 ],
       [0.043, 0.09 ],
       [0.043, 0.09 ],
       [0.043, 0.09 ],
       [0.043, 0.09 ],
       [0.043, 0.09 ],
       [0.043, 0.09 ],
       [0.043, 0.09 ],
       [0.043, 0.09 ],
       [0.043, 0.09 ],
       [0.043, 0.09 ],
       [0.043, 0.09 ],
       [0.043, 0.09 ],
       [0.043, 0.09 ],
       [0.043, 0.09 ],
       [0.043, 0.09 ],
       [0.043, 0.09 ],
       [0.043, 0.09 ],
       [0.043, 0.09 ],
       [0.043, 0.09 ],
       [0.043, 0.09 ],
       [0.043, 0.09 ],
       [0.043, 0.09 ],
       [0.043, 0.09 ],
       [0.043, 0.09 ],
       [0.043, 0.09 ],
       [0.043, 0.09 ],
       [0.043, 0.09 ],
       [0.043, 0.09 ],
       [0.043, 0.09 ],
       [0.043, 0.09 ],
       [0.043, 0.09 ],
       [0.043, 0.09 ],
       [0.043, 0.09 ],
       [0.043, 0.09 ],
       [0.043, 0.09 ],
       [0.043, 0.09 ],
       [0.043, 0.09 ],
       [0.043, 0.09 ],
       [0.043, 0.09 ],
       [0.043, 0.09 ],
       [0.043, 0.09 ],
       [0.043, 0.09 ],
       [0.043, 0.09 ],
       [0.043, 0.09 ],
       [0.043, 0.09 ],
       [0.043, 0.09 ],
       [0.043, 0.09 ],
       [0.043, 0.09 ],
       [0.043, 0.09 ],
       [0.043, 0.09 ],
       [0.043, 0.09 ],
       [0.043, 0.09 ]]), 'err': array([0.20059805, 0.20060177, 0.20060542, 0.200609  , 0.2006125 ,
       0.20061594, 0.20061931, 0.20062261, 0.20062585, 0.20062902,
       0.20063213, 0.20063518, 0.20063816, 0.20064109, 0.20064396,
       0.20064677, 0.20064953, 0.20065223, 0.20065488, 0.20065748,
       0.20066002, 0.20066252, 0.20066496, 0.20066736, 0.20066971,
       0.20067201, 0.20067427, 0.20067648, 0.20067865, 0.20068078,
       0.20068286, 0.2006849 , 0.2006869 , 0.20068886, 0.20069079,
       0.20069267, 0.20069452, 0.20069633, 0.20069811, 0.20069985,
       0.20070155, 0.20070322, 0.20070486, 0.20070647, 0.20070804,
       0.20070958, 0.2007111 , 0.20071258, 0.20071403, 0.20071546,
       0.20071685, 0.20071822, 0.20071956, 0.20072088, 0.20072217,
       0.20072343, 0.20072467, 0.20072588, 0.20072707, 0.20072824,
       0.20072938, 0.2007305 , 0.2007316 , 0.20073268, 0.20073373,
       0.20073477, 0.20073578, 0.20073678, 0.20073775, 0.2007387 ,
       0.20073964, 0.20074056, 0.20074146, 0.20074234, 0.2007432 ,
       0.20074405, 0.20074488, 0.20074569, 0.20074649, 0.20074727,
       0.20074804, 0.20074879, 0.20074953, 0.20075025, 0.20075096,
       0.20075165, 0.20075233, 0.20075299, 0.20075365, 0.20075429,
       0.20075492, 0.20075553, 0.20075613, 0.20075672, 0.2007573 ,
       0.20075787, 0.20075843, 0.20075897, 0.20075951, 0.20076003])}"
3,fixed_k,iid,100,30,10.617474151254687,"[0.91097062 1.25721408 1.33077631 1.33501958 1.31908222 1.32719674
 1.32662903 1.32132553 1.31748443 1.32748027 1.32782182 1.32738677
 1.33323887 1.32386172 1.32876385 1.32524384 1.32832649 1.31947449
 1.3295539  1.32427778 1.32568541 1.32923453 1.32739406 1.32925744
 1.32378543 1.33502009 1.33560997 1.3293419  1.32949685 1.33164339
 1.33629989 1.32919368 1.32463493 1.32631372 1.33123479 1.3251665
 1.32998013 1.32726662 1.32770709 1.32200189 1.32568991 1.32341527
 1.32132625 1.33029416 1.32924963 1.3269057  1.32499281 1.32731129
 1.3330447  1.31908129 1.32880967 1.32198775 1.33320428 1.32276513
 1.32434961 1.32654301 1.32201184 1.33036006 1.32512252 1.32674467
 1.32490373 1.33312619 1.33421231 1.33299695 1.33278706 1.32279564
 1.34749151 1.32105463 1.33392772 1.32363059 1.33645314 1.32540928
 1.32933413 1.32098759 1.33019049 1.32365358 1.32928963 1.32493019
 1.32575776 1.3297327  1.3279118  1.32792629 1.32779421 1.32675473
 1.3261212  1.32619771 1.31508475 1.33307084 1.32664325 1.3262002
 1.32194365 1.32491817 1.33326191 1.33251347 1.34547784 1.32649812
 1.32741238 1.33793635 1.30788977 1.32106627]",0.1611282726294963,0.2007039297816959,0,"[530.77552281 528.00610289 521.79532778 522.16408867 523.09192251
 522.39517029 538.61425724 521.86188009 536.51545104 520.74134815
 526.4857579  520.86421568 522.32032921 518.68470106 522.16288541
 539.32405263 519.42301542 523.87183625 521.01287153 521.56500332
 527.78716665 524.14922789 519.09401827 524.35880899 537.31305525
 527.32443903 519.24844831 521.01037651 521.16394695 520.85434552
 527.38214657 521.2293677  523.82199001 533.75492152 520.55974118
 547.60677274 519.26990692 518.79487187 521.43757232 527.20372658
 521.75203245 528.37246377 532.39863366 531.94186557 523.21039513
 519.44950595 523.61492626 517.96637382 522.90939353 524.80755001
 525.47770366 519.24269088 523.69527146 521.98547125 526.9520795
 522.44731598 518.55277549 524.56534281 522.43652288 528.2889083
 521.42523322 524.44086131 519.46867164 520.66250052 525.55428166
 521.70965914 517.97940861 519.3704078  524.13602173 525.82649793
 520.98709811 520.47616895 520.04669793 525.07989574 524.4082734
 519.9236162  525.66049714 523.85317441 524.66846164 527.71670558
 520.62347624 516.69939049 542.6363172  524.5056795  523.47038314
 519.79520451 520.2533491  521.72994614 520.08868475 526.98117681
 522.80571405 521.99623268 518.62179302 548.34095854 531.47004731
 519.51790135 520.43936495 519.77297384 525.31159297 527.7946014 ]",0,0,"[2.65541997e-04 2.42508519e-04 2.02414169e-04 7.64484800e-05
 1.82770117e-04 1.19996309e-04 2.26371251e-04 1.69670004e-04
 1.31827766e-04 1.25690157e-04 4.88106970e-05 2.17839789e-04
 2.09266478e-04 1.55514583e-04 1.81721594e-04 2.20722008e-04
 1.92776501e-04 1.82074157e-04 2.49462550e-04 1.94623255e-04
 1.61732845e-04 1.77495617e-04 6.19712050e-05 1.19195799e-04
 5.58839559e-05 1.10146708e-04 2.18270017e-05 1.03071106e-04
 1.65821264e-04 2.17172991e-04 2.61451030e-04 1.61706870e-04
 5.77092876e-05 1.27131058e-04 1.40443062e-04 2.10394847e-04
 2.46860779e-04 2.02775571e-04 2.56654985e-04 1.89091174e-04
 1.73136436e-04 1.82991002e-04 1.12637155e-04 1.08815129e-04
 2.10273537e-04 1.45365375e-04 1.50020093e-04 1.96241337e-04
 2.38995601e-04 1.59698078e-04 1.56792376e-04 2.31509227e-04
 1.88118387e-04 1.84520421e-04 1.08185929e-04 1.83084284e-04
 1.09298272e-04 1.05466384e-04 2.20781078e-04 1.50498379e-04
 5.58896021e-05 1.24871855e-04 1.39450947e-04 6.84905975e-05
 1.62957111e-04 1.69636344e-04 8.15982567e-05 2.10526959e-04
 1.92420342e-04 2.16265021e-04 1.49476029e-04 2.14827972e-04
 2.36366246e-04 1.75877965e-04 1.35737558e-04 1.61466788e-04
 1.20995243e-04 1.28330188e-04 5.79859521e-05 1.15333549e-04
 2.67814468e-05 1.19818100e-04 5.54353625e-05 2.11482916e-04
 2.52876187e-04 7.66947371e-05 2.05914513e-04 1.08247326e-04
 1.99353162e-04 1.42098286e-04 1.53598594e-04 2.14803858e-04
 1.73115361e-04 1.54861387e-04 1.00725334e-04 1.01540649e-04
 8.24617301e-05 3.91816783e-05 2.51415531e-04 7.99508454e-05]","['user_limit' 'user_limit' 'user_limit' 'user_limit' 'user_limit'
 'user_limit' 'user_limit' 'user_limit' 'user_limit' 'user_limit'
 'user_limit' 'user_limit' 'user_limit' 'user_limit' 'user_limit'
 'user_limit' 'user_limit' 'user_limit' 'user_limit' 'user_limit'
 'user_limit' 'user_limit' 'user_limit' 'user_limit' 'user_limit'
 'user_limit' 'user_limit' 'user_limit' 'user_limit' 'user_limit'
 'user_limit' 'user_limit' 'user_limit' 'user_limit' 'user_limit'
 'user_limit' 'user_limit' 'user_limit' 'user_limit' 'user_limit'
 'user_limit' 'user_limit' 'user_limit' 'user_limit' 'user_limit'
 'user_limit' 'user_limit' 'user_limit' 'user_limit' 'user_limit'
 'user_limit' 'user_limit' 'user_limit' 'user_limit' 'user_limit'
 'user_limit' 'user_limit' 'user_limit' 'user_limit' 'user_limit'
 'user_limit' 'user_limit' 'user_limit' 'user_limit' 'user_limit'
 'user_limit' 'user_limit' 'user_limit' 'user_limit' 'user_limit'
 'user_limit' 'user_limit' 'user_limit' 'user_limit' 'user_limit'
 'user_limit' 'user_limit' 'user_limit' 'user_limit' 'user_limit'
 'user_limit' 'user_limit' 'user_limit' 'user_limit' 'user_limit'
 'user_limit' 'user_limit' 'user_limit' 'user_limit' 'user_limit'
 'user_limit' 'user_limit' 'user_limit' 'user_limit' 'user_limit'
 'user_limit' 'user_limit' 'user_limit' 'user_limit' 'user_limit']","{'x_traj': array([[ 0.99656823,  0.99861495, -0.08277535, ...,  0.37099698,
         0.00361138,  0.        ],
       [ 0.99656789,  0.9986114 , -0.08277948, ...,  0.37099588,
         0.00360317,  0.        ],
       [ 0.99656755,  0.99860792, -0.08278353, ...,  0.3709948 ,
         0.00359512,  0.        ],
       ...,
       [ 0.99655329,  0.99845739, -0.08295504, ...,  0.37094898,
         0.00325622,  0.        ],
       [ 0.99655324,  0.99845685, -0.08295564, ...,  0.37094882,
         0.00325504,  0.        ],
       [ 0.99655319,  0.99845632, -0.08295624, ...,  0.37094866,
         0.00325388,  0.        ]], shape=(100, 11)), 'u_traj': array([[0., 0.],
       [0., 0.],
       [0., 0.],
       [0., 0.],
       [0., 0.],
       [0., 0.],
       [0., 0.],
       [0., 0.],
       [0., 0.],
       [0., 0.],
       [0., 0.],
       [0., 0.],
       [0., 0.],
       [0., 0.],
       [0., 0.],
       [0., 0.],
       [0., 0.],
       [0., 0.],
       [0., 0.],
       [0., 0.],
       [0., 0.],
       [0., 0.],
       [0., 0.],
       [0., 0.],
       [0., 0.],
       [0., 0.],
       [0., 0.],
       [0., 0.],
       [0., 0.],
       [0., 0.],
       [0., 0.],
       [0., 0.],
       [0., 0.],
       [0., 0.],
       [0., 0.],
       [0., 0.],
       [0., 0.],
       [0., 0.],
       [0., 0.],
       [0., 0.],
       [0., 0.],
       [0., 0.],
       [0., 0.],
       [0., 0.],
       [0., 0.],
       [0., 0.],
       [0., 0.],
       [0., 0.],
       [0., 0.],
       [0., 0.],
       [0., 0.],
       [0., 0.],
       [0., 0.],
       [0., 0.],
       [0., 0.],
       [0., 0.],
       [0., 0.],
       [0., 0.],
       [0., 0.],
       [0., 0.],
       [0., 0.],
       [0., 0.],
       [0., 0.],
       [0., 0.],
       [0., 0.],
       [0., 0.],
       [0., 0.],
       [0., 0.],
       [0., 0.],
       [0., 0.],
       [0., 0.],
       [0., 0.],
       [0., 0.],
       [0., 0.],
       [0., 0.],
       [0., 0.],
       [0., 0.],
       [0., 0.],
       [0., 0.],
       [0., 0.],
       [0., 0.],
       [0., 0.],
       [0., 0.],
       [0., 0.],
       [0., 0.],
       [0., 0.],
       [0., 0.],
       [0., 0.],
       [0., 0.],
       [0., 0.],
       [0., 0.],
       [0., 0.],
       [0., 0.],
       [0., 0.],
       [0., 0.],
       [0., 0.],
       [0., 0.],
       [0., 0.],
       [0., 0.],
       [0., 0.]]), 'target_traj': array([[0.043, 0.09 ],
       [0.043, 0.09 ],
       [0.043, 0.09 ],
       [0.043, 0.09 ],
       [0.043, 0.09 ],
       [0.043, 0.09 ],
       [0.043, 0.09 ],
       [0.043, 0.09 ],
       [0.043, 0.09 ],
       [0.043, 0.09 ],
       [0.043, 0.09 ],
       [0.043, 0.09 ],
       [0.043, 0.09 ],
       [0.043, 0.09 ],
       [0.043, 0.09 ],
       [0.043, 0.09 ],
       [0.043, 0.09 ],
       [0.043, 0.09 ],
       [0.043, 0.09 ],
       [0.043, 0.09 ],
       [0.043, 0.09 ],
       [0.043, 0.09 ],
       [0.043, 0.09 ],
       [0.043, 0.09 ],
       [0.043, 0.09 ],
       [0.043, 0.09 ],
       [0.043, 0.09 ],
       [0.043, 0.09 ],
       [0.043, 0.09 ],
       [0.043, 0.09 ],
       [0.043, 0.09 ],
       [0.043, 0.09 ],
       [0.043, 0.09 ],
       [0.043, 0.09 ],
       [0.043, 0.09 ],
       [0.043, 0.09 ],
       [0.043, 0.09 ],
       [0.043, 0.09 ],
       [0.043, 0.09 ],
       [0.043, 0.09 ],
       [0.043, 0.09 ],
       [0.043, 0.09 ],
       [0.043, 0.09 ],
       [0.043, 0.09 ],
       [0.043, 0.09 ],
       [0.043, 0.09 ],
       [0.043, 0.09 ],
       [0.043, 0.09 ],
       [0.043, 0.09 ],
       [0.043, 0.09 ],
       [0.043, 0.09 ],
       [0.043, 0.09 ],
       [0.043, 0.09 ],
       [0.043, 0.09 ],
       [0.043, 0.09 ],
       [0.043, 0.09 ],
       [0.043, 0.09 ],
       [0.043, 0.09 ],
       [0.043, 0.09 ],
       [0.043, 0.09 ],
       [0.043, 0.09 ],
       [0.043, 0.09 ],
       [0.043, 0.09 ],
       [0.043, 0.09 ],
       [0.043, 0.09 ],
       [0.043, 0.09 ],
       [0.043, 0.09 ],
       [0.043, 0.09 ],
       [0.043, 0.09 ],
       [0.043, 0.09 ],
       [0.043, 0.09 ],
       [0.043, 0.09 ],
       [0.043, 0.09 ],
       [0.043, 0.09 ],
       [0.043, 0.09 ],
       [0.043, 0.09 ],
       [0.043, 0.09 ],
       [0.043, 0.09 ],
       [0.043, 0.09 ],
       [0.043, 0.09 ],
       [0.043, 0.09 ],
       [0.043, 0.09 ],
       [0.043, 0.09 ],
       [0.043, 0.09 ],
       [0.043, 0.09 ],
       [0.043, 0.09 ],
       [0.043, 0.09 ],
       [0.043, 0.09 ],
       [0.043, 0.09 ],
       [0.043, 0.09 ],
       [0.043, 0.09 ],
       [0.043, 0.09 ],
       [0.043, 0.09 ],
       [0.043, 0.09 ],
       [0.043, 0.09 ],
       [0.043, 0.09 ],
       [0.043, 0.09 ],
       [0.043, 0.09 ],
       [0.043, 0.09 ],
       [0.043, 0.09 ]]), 'err': array([0.20059805, 0.20060177, 0.20060542, 0.200609  , 0.2006125 ,
       0.20061594, 0.20061931, 0.20062261, 0.20062585, 0.20062902,
       0.20063213, 0.20063518, 0.20063816, 0.20064109, 0.20064396,
       0.20064677, 0.20064953, 0.20065223, 0.20065488, 0.20065748,
       0.20066002, 0.20066252, 0.20066496, 0.20066736, 0.20066971,
       0.20067201, 0.20067427, 0.20067648, 0.20067865, 0.20068078,
       0.20068286, 0.2006849 , 0.2006869 , 0.20068886, 0.20069079,
       0.20069267, 0.20069452, 0.20069633, 0.20069811, 0.20069985,
       0.20070155, 0.20070322, 0.20070486, 0.20070647, 0.20070804,
       0.20070958, 0.2007111 , 0.20071258, 0.20071403, 0.20071546,
       0.20071685, 0.20071822, 0.20071956, 0.20072088, 0.20072217,
       0.20072343, 0.20072467, 0.20072588, 0.20072707, 0.20072824,
       0.20072938, 0.2007305 , 0.2007316 , 0.20073268, 0.20073373,
       0.20073477, 0.20073578, 0.20073678, 0.20073775, 0.2007387 ,
       0.20073964, 0.20074056, 0.20074146, 0.20074234, 0.2007432 ,
       0.20074405, 0.20074488, 0.20074569, 0.20074649, 0.20074727,
       0.20074804, 0.20074879, 0.20074953, 0.20075025, 0.20075096,
       0.20075165, 0.20075233, 0.20075299, 0.20075365, 0.20075429,
       0.20075492, 0.20075553, 0.20075613, 0.20075672, 0.2007573 ,
       0.20075787, 0.20075843, 0.20075897, 0.20075951, 0.20076003])}"
3,fixed_k,iid,100,40,10.617474151254687,"[0.91097062 1.25721408 1.33077631 1.33501958 1.31908222 1.32719674
 1.32662903 1.32132553 1.31748443 1.32748027 1.32782182 1.32738677
 1.33323887 1.32386172 1.32876385 1.32524384 1.32832649 1.31947449
 1.3295539  1.32427778 1.32568541 1.32923453 1.32739406 1.32925744
 1.32378543 1.33502009 1.33560997 1.3293419  1.32949685 1.33164339
 1.33629989 1.32919368 1.32463493 1.32631372 1.33123479 1.3251665
 1.32998013 1.32726662 1.32770709 1.32200189 1.32568991 1.32341527
 1.32132625 1.33029416 1.32924963 1.3269057  1.32499281 1.32731129
 1.3330447  1.31908129 1.32880967 1.32198775 1.33320428 1.32276513
 1.32434961 1.32654301 1.32201184 1.33036006 1.32512252 1.32674467
 1.32490373 1.33312619 1.33421231 1.33299695 1.33278706 1.32279564
 1.34749151 1.32105463 1.33392772 1.32363059 1.33645314 1.32540928
 1.32933413 1.32098759 1.33019049 1.32365358 1.32928963 1.32493019
 1.32575776 1.3297327  1.3279118  1.32792629 1.32779421 1.32675473
 1.3261212  1.32619771 1.31508475 1.33307084 1.32664325 1.3262002
 1.32194365 1.32491817 1.33326191 1.33251347 1.34547784 1.32649812
 1.32741238 1.33793635 1.30788977 1.32106627]",0.1611282726294963,0.2007039297816959,0,"[523.29746168 521.26161661 524.46170058 521.23089414 544.48403697
 521.58182953 520.50876804 531.68675024 522.92576525 521.39541321
 525.71697906 517.99270511 525.34692641 519.11075227 522.66731113
 517.06465147 518.55909545 527.86497865 522.14783896 526.25825815
 516.8448491  520.66351939 528.79239805 518.69082637 520.44653799
 528.78366131 521.33726422 526.37473773 526.34640224 523.37540686
 519.80294101 523.60933088 525.36431421 521.6487376  660.68022139
 521.05240989 523.90310075 522.58851938 522.99304307 528.88619434
 524.86690599 519.74155288 524.51398131 522.03156427 519.99215689
 527.41027717 524.75339174 524.02130701 522.18547184 521.35055233
 522.50795905 525.13727732 523.90230913 520.0371081  525.6009195
 521.93236165 526.31913871 522.03336358 521.40987199 519.65637878
 529.79614865 529.32342887 520.1351326  527.26185415 520.25539428
 532.41373878 526.73759405 519.61973682 521.50035091 560.01434848
 522.41593413 525.91637615 524.65325035 518.28682795 533.23301673
 522.71453105 526.03026479 522.61147648 548.69805835 526.90185234
 524.82510451 528.80126424 522.26518095 562.83551548 520.95388062
 517.58366171 527.8252447  538.67387492 519.36070807 518.97171699
 522.48067595 518.36317126 519.96448636 519.77710053 522.45957218
 525.47123004 527.25249063 563.84712178 526.2970347  519.50068772]",0,0,"[2.65541997e-04 2.42508519e-04 2.02414169e-04 7.64484800e-05
 1.82770117e-04 1.19996309e-04 2.26371251e-04 1.69670004e-04
 1.31827766e-04 1.25690157e-04 4.88106970e-05 2.17839789e-04
 2.09266478e-04 1.55514583e-04 1.81721594e-04 2.20722008e-04
 1.92776501e-04 1.82074157e-04 2.49462550e-04 1.94623255e-04
 1.61732845e-04 1.77495617e-04 6.19712050e-05 1.19195799e-04
 5.58839559e-05 1.10146708e-04 2.18270017e-05 1.03071106e-04
 1.65821264e-04 2.17172991e-04 2.61451030e-04 1.61706870e-04
 5.77092876e-05 1.27131058e-04 1.40443062e-04 2.10394847e-04
 2.46860779e-04 2.02775571e-04 2.56654985e-04 1.89091174e-04
 1.73136436e-04 1.82991002e-04 1.12637155e-04 1.08815129e-04
 2.10273537e-04 1.45365375e-04 1.50020093e-04 1.96241337e-04
 2.38995601e-04 1.59698078e-04 1.56792376e-04 2.31509227e-04
 1.88118387e-04 1.84520421e-04 1.08185929e-04 1.83084284e-04
 1.09298272e-04 1.05466384e-04 2.20781078e-04 1.50498379e-04
 5.58896021e-05 1.24871855e-04 1.39450947e-04 6.84905975e-05
 1.62957111e-04 1.69636344e-04 8.15982567e-05 2.10526959e-04
 1.92420342e-04 2.16265021e-04 1.49476029e-04 2.14827972e-04
 2.36366246e-04 1.75877965e-04 1.35737558e-04 1.61466788e-04
 1.20995243e-04 1.28330188e-04 5.79859521e-05 1.15333549e-04
 2.67814468e-05 1.19818100e-04 5.54353625e-05 2.11482916e-04
 2.52876187e-04 7.66947371e-05 2.05914513e-04 1.08247326e-04
 1.99353162e-04 1.42098286e-04 1.53598594e-04 2.14803858e-04
 1.73115361e-04 1.54861387e-04 1.00725334e-04 1.01540649e-04
 8.24617301e-05 3.91816783e-05 2.51415531e-04 7.99508454e-05]","['user_limit' 'user_limit' 'user_limit' 'user_limit' 'user_limit'
 'user_limit' 'user_limit' 'user_limit' 'user_limit' 'user_limit'
 'user_limit' 'user_limit' 'user_limit' 'user_limit' 'user_limit'
 'user_limit' 'user_limit' 'user_limit' 'user_limit' 'user_limit'
 'user_limit' 'user_limit' 'user_limit' 'user_limit' 'user_limit'
 'user_limit' 'user_limit' 'user_limit' 'user_limit' 'user_limit'
 'user_limit' 'user_limit' 'user_limit' 'user_limit' 'user_limit'
 'user_limit' 'user_limit' 'user_limit' 'user_limit' 'user_limit'
 'user_limit' 'user_limit' 'user_limit' 'user_limit' 'user_limit'
 'user_limit' 'user_limit' 'user_limit' 'user_limit' 'user_limit'
 'user_limit' 'user_limit' 'user_limit' 'user_limit' 'user_limit'
 'user_limit' 'user_limit' 'user_limit' 'user_limit' 'user_limit'
 'user_limit' 'user_limit' 'user_limit' 'user_limit' 'user_limit'
 'user_limit' 'user_limit' 'user_limit' 'user_limit' 'user_limit'
 'user_limit' 'user_limit' 'user_limit' 'user_limit' 'user_limit'
 'user_limit' 'user_limit' 'user_limit' 'user_limit' 'user_limit'
 'user_limit' 'user_limit' 'user_limit' 'user_limit' 'user_limit'
 'user_limit' 'user_limit' 'user_limit' 'user_limit' 'user_limit'
 'user_limit' 'user_limit' 'user_limit' 'user_limit' 'user_limit'
 'user_limit' 'user_limit' 'user_limit' 'user_limit' 'user_limit']","{'x_traj': array([[ 0.99656823,  0.99861495, -0.08277535, ...,  0.37099698,
         0.00361138,  0.        ],
       [ 0.99656789,  0.9986114 , -0.08277948, ...,  0.37099588,
         0.00360317,  0.        ],
       [ 0.99656755,  0.99860792, -0.08278353, ...,  0.3709948 ,
         0.00359512,  0.        ],
       ...,
       [ 0.99655329,  0.99845739, -0.08295504, ...,  0.37094898,
         0.00325622,  0.        ],
       [ 0.99655324,  0.99845685, -0.08295564, ...,  0.37094882,
         0.00325504,  0.        ],
       [ 0.99655319,  0.99845632, -0.08295624, ...,  0.37094866,
         0.00325388,  0.        ]], shape=(100, 11)), 'u_traj': array([[0., 0.],
       [0., 0.],
       [0., 0.],
       [0., 0.],
       [0., 0.],
       [0., 0.],
       [0., 0.],
       [0., 0.],
       [0., 0.],
       [0., 0.],
       [0., 0.],
       [0., 0.],
       [0., 0.],
       [0., 0.],
       [0., 0.],
       [0., 0.],
       [0., 0.],
       [0., 0.],
       [0., 0.],
       [0., 0.],
       [0., 0.],
       [0., 0.],
       [0., 0.],
       [0., 0.],
       [0., 0.],
       [0., 0.],
       [0., 0.],
       [0., 0.],
       [0., 0.],
       [0., 0.],
       [0., 0.],
       [0., 0.],
       [0., 0.],
       [0., 0.],
       [0., 0.],
       [0., 0.],
       [0., 0.],
       [0., 0.],
       [0., 0.],
       [0., 0.],
       [0., 0.],
       [0., 0.],
       [0., 0.],
       [0., 0.],
       [0., 0.],
       [0., 0.],
       [0., 0.],
       [0., 0.],
       [0., 0.],
       [0., 0.],
       [0., 0.],
       [0., 0.],
       [0., 0.],
       [0., 0.],
       [0., 0.],
       [0., 0.],
       [0., 0.],
       [0., 0.],
       [0., 0.],
       [0., 0.],
       [0., 0.],
       [0., 0.],
       [0., 0.],
       [0., 0.],
       [0., 0.],
       [0., 0.],
       [0., 0.],
       [0., 0.],
       [0., 0.],
       [0., 0.],
       [0., 0.],
       [0., 0.],
       [0., 0.],
       [0., 0.],
       [0., 0.],
       [0., 0.],
       [0., 0.],
       [0., 0.],
       [0., 0.],
       [0., 0.],
       [0., 0.],
       [0., 0.],
       [0., 0.],
       [0., 0.],
       [0., 0.],
       [0., 0.],
       [0., 0.],
       [0., 0.],
       [0., 0.],
       [0., 0.],
       [0., 0.],
       [0., 0.],
       [0., 0.],
       [0., 0.],
       [0., 0.],
       [0., 0.],
       [0., 0.],
       [0., 0.],
       [0., 0.],
       [0., 0.]]), 'target_traj': array([[0.043, 0.09 ],
       [0.043, 0.09 ],
       [0.043, 0.09 ],
       [0.043, 0.09 ],
       [0.043, 0.09 ],
       [0.043, 0.09 ],
       [0.043, 0.09 ],
       [0.043, 0.09 ],
       [0.043, 0.09 ],
       [0.043, 0.09 ],
       [0.043, 0.09 ],
       [0.043, 0.09 ],
       [0.043, 0.09 ],
       [0.043, 0.09 ],
       [0.043, 0.09 ],
       [0.043, 0.09 ],
       [0.043, 0.09 ],
       [0.043, 0.09 ],
       [0.043, 0.09 ],
       [0.043, 0.09 ],
       [0.043, 0.09 ],
       [0.043, 0.09 ],
       [0.043, 0.09 ],
       [0.043, 0.09 ],
       [0.043, 0.09 ],
       [0.043, 0.09 ],
       [0.043, 0.09 ],
       [0.043, 0.09 ],
       [0.043, 0.09 ],
       [0.043, 0.09 ],
       [0.043, 0.09 ],
       [0.043, 0.09 ],
       [0.043, 0.09 ],
       [0.043, 0.09 ],
       [0.043, 0.09 ],
       [0.043, 0.09 ],
       [0.043, 0.09 ],
       [0.043, 0.09 ],
       [0.043, 0.09 ],
       [0.043, 0.09 ],
       [0.043, 0.09 ],
       [0.043, 0.09 ],
       [0.043, 0.09 ],
       [0.043, 0.09 ],
       [0.043, 0.09 ],
       [0.043, 0.09 ],
       [0.043, 0.09 ],
       [0.043, 0.09 ],
       [0.043, 0.09 ],
       [0.043, 0.09 ],
       [0.043, 0.09 ],
       [0.043, 0.09 ],
       [0.043, 0.09 ],
       [0.043, 0.09 ],
       [0.043, 0.09 ],
       [0.043, 0.09 ],
       [0.043, 0.09 ],
       [0.043, 0.09 ],
       [0.043, 0.09 ],
       [0.043, 0.09 ],
       [0.043, 0.09 ],
       [0.043, 0.09 ],
       [0.043, 0.09 ],
       [0.043, 0.09 ],
       [0.043, 0.09 ],
       [0.043, 0.09 ],
       [0.043, 0.09 ],
       [0.043, 0.09 ],
       [0.043, 0.09 ],
       [0.043, 0.09 ],
       [0.043, 0.09 ],
       [0.043, 0.09 ],
       [0.043, 0.09 ],
       [0.043, 0.09 ],
       [0.043, 0.09 ],
       [0.043, 0.09 ],
       [0.043, 0.09 ],
       [0.043, 0.09 ],
       [0.043, 0.09 ],
       [0.043, 0.09 ],
       [0.043, 0.09 ],
       [0.043, 0.09 ],
       [0.043, 0.09 ],
       [0.043, 0.09 ],
       [0.043, 0.09 ],
       [0.043, 0.09 ],
       [0.043, 0.09 ],
       [0.043, 0.09 ],
       [0.043, 0.09 ],
       [0.043, 0.09 ],
       [0.043, 0.09 ],
       [0.043, 0.09 ],
       [0.043, 0.09 ],
       [0.043, 0.09 ],
       [0.043, 0.09 ],
       [0.043, 0.09 ],
       [0.043, 0.09 ],
       [0.043, 0.09 ],
       [0.043, 0.09 ],
       [0.043, 0.09 ]]), 'err': array([0.20059805, 0.20060177, 0.20060542, 0.200609  , 0.2006125 ,
       0.20061594, 0.20061931, 0.20062261, 0.20062585, 0.20062902,
       0.20063213, 0.20063518, 0.20063816, 0.20064109, 0.20064396,
       0.20064677, 0.20064953, 0.20065223, 0.20065488, 0.20065748,
       0.20066002, 0.20066252, 0.20066496, 0.20066736, 0.20066971,
       0.20067201, 0.20067427, 0.20067648, 0.20067865, 0.20068078,
       0.20068286, 0.2006849 , 0.2006869 , 0.20068886, 0.20069079,
       0.20069267, 0.20069452, 0.20069633, 0.20069811, 0.20069985,
       0.20070155, 0.20070322, 0.20070486, 0.20070647, 0.20070804,
       0.20070958, 0.2007111 , 0.20071258, 0.20071403, 0.20071546,
       0.20071685, 0.20071822, 0.20071956, 0.20072088, 0.20072217,
       0.20072343, 0.20072467, 0.20072588, 0.20072707, 0.20072824,
       0.20072938, 0.2007305 , 0.2007316 , 0.20073268, 0.20073373,
       0.20073477, 0.20073578, 0.20073678, 0.20073775, 0.2007387 ,
       0.20073964, 0.20074056, 0.20074146, 0.20074234, 0.2007432 ,
       0.20074405, 0.20074488, 0.20074569, 0.20074649, 0.20074727,
       0.20074804, 0.20074879, 0.20074953, 0.20075025, 0.20075096,
       0.20075165, 0.20075233, 0.20075299, 0.20075365, 0.20075429,
       0.20075492, 0.20075553, 0.20075613, 0.20075672, 0.2007573 ,
       0.20075787, 0.20075843, 0.20075897, 0.20075951, 0.20076003])}"
3,fixed_k,iid,100,50,10.617474151254687,"[0.91097062 1.25721408 1.33077631 1.33501958 1.31908222 1.32719674
 1.32662903 1.32132553 1.31748443 1.32748027 1.32782182 1.32738677
 1.33323887 1.32386172 1.32876385 1.32524384 1.32832649 1.31947449
 1.3295539  1.32427778 1.32568541 1.32923453 1.32739406 1.32925744
 1.32378543 1.33502009 1.33560997 1.3293419  1.32949685 1.33164339
 1.33629989 1.32919368 1.32463493 1.32631372 1.33123479 1.3251665
 1.32998013 1.32726662 1.32770709 1.32200189 1.32568991 1.32341527
 1.32132625 1.33029416 1.32924963 1.3269057  1.32499281 1.32731129
 1.3330447  1.31908129 1.32880967 1.32198775 1.33320428 1.32276513
 1.32434961 1.32654301 1.32201184 1.33036006 1.32512252 1.32674467
 1.32490373 1.33312619 1.33421231 1.33299695 1.33278706 1.32279564
 1.34749151 1.32105463 1.33392772 1.32363059 1.33645314 1.32540928
 1.32933413 1.32098759 1.33019049 1.32365358 1.32928963 1.32493019
 1.32575776 1.3297327  1.3279118  1.32792629 1.32779421 1.32675473
 1.3261212  1.32619771 1.31508475 1.33307084 1.32664325 1.3262002
 1.32194365 1.32491817 1.33326191 1.33251347 1.34547784 1.32649812
 1.32741238 1.33793635 1.30788977 1.32106627]",0.1611282726294963,0.2007039297816959,0,"[521.79861069 518.14403571 518.78750883 522.38803916 523.19241967
 518.89330801 518.00234243 520.6167195  521.603534   525.99360421
 521.64608892 523.95000122 532.21104853 519.62484233 531.56780731
 519.04952899 521.24470286 522.58308232 525.28359275 519.62908264
 518.89134478 522.00014237 518.32259446 520.68767138 520.73223982
 524.73794017 519.22570635 561.65308412 520.17387189 519.16693803
 521.14926744 523.63438252 526.36468504 525.01595858 544.36157923
 520.00658121 521.41015045 519.35329009 523.6222446  522.53084164
 519.79344059 521.58814389 522.44077995 559.12430119 519.73032486
 520.92027664 522.31374662 523.04479759 524.37771577 524.66052212
 525.16488452 520.45460604 547.66518902 523.01278338 551.42541509
 519.29867826 520.35653591 519.60901916 526.56948846 518.67695153
 519.17341817 521.98556252 518.85964442 523.26787356 520.85569315
 522.489544   524.58736487 526.57889016 525.40207841 522.3406814
 523.28681573 517.69065112 526.36597306 524.21887591 520.94621584
 519.54975445 523.65557197 523.06452394 527.74833795 524.2906753
 523.21486082 519.83622927 517.72491913 526.43553726 520.08261438
 525.90250783 524.71179701 524.56726693 542.90738516 518.88433378
 558.68327804 520.31811792 525.1680119  519.73784994 522.58202434
 518.08090974 517.86028687 523.89639895 522.26760797 522.94733375]",0,0,"[2.65541997e-04 2.42508519e-04 2.02414169e-04 7.64484800e-05
 1.82770117e-04 1.19996309e-04 2.26371251e-04 1.69670004e-04
 1.31827766e-04 1.25690157e-04 4.88106970e-05 2.17839789e-04
 2.09266478e-04 1.55514583e-04 1.81721594e-04 2.20722008e-04
 1.92776501e-04 1.82074157e-04 2.49462550e-04 1.94623255e-04
 1.61732845e-04 1.77495617e-04 6.19712050e-05 1.19195799e-04
 5.58839559e-05 1.10146708e-04 2.18270017e-05 1.03071106e-04
 1.65821264e-04 2.17172991e-04 2.61451030e-04 1.61706870e-04
 5.77092876e-05 1.27131058e-04 1.40443062e-04 2.10394847e-04
 2.46860779e-04 2.02775571e-04 2.56654985e-04 1.89091174e-04
 1.73136436e-04 1.82991002e-04 1.12637155e-04 1.08815129e-04
 2.10273537e-04 1.45365375e-04 1.50020093e-04 1.96241337e-04
 2.38995601e-04 1.59698078e-04 1.56792376e-04 2.31509227e-04
 1.88118387e-04 1.84520421e-04 1.08185929e-04 1.83084284e-04
 1.09298272e-04 1.05466384e-04 2.20781078e-04 1.50498379e-04
 5.58896021e-05 1.24871855e-04 1.39450947e-04 6.84905975e-05
 1.62957111e-04 1.69636344e-04 8.15982567e-05 2.10526959e-04
 1.92420342e-04 2.16265021e-04 1.49476029e-04 2.14827972e-04
 2.36366246e-04 1.75877965e-04 1.35737558e-04 1.61466788e-04
 1.20995243e-04 1.28330188e-04 5.79859521e-05 1.15333549e-04
 2.67814468e-05 1.19818100e-04 5.54353625e-05 2.11482916e-04
 2.52876187e-04 7.66947371e-05 2.05914513e-04 1.08247326e-04
 1.99353162e-04 1.42098286e-04 1.53598594e-04 2.14803858e-04
 1.73115361e-04 1.54861387e-04 1.00725334e-04 1.01540649e-04
 8.24617301e-05 3.91816783e-05 2.51415531e-04 7.99508454e-05]","['user_limit' 'user_limit' 'user_limit' 'user_limit' 'user_limit'
 'user_limit' 'user_limit' 'user_limit' 'user_limit' 'user_limit'
 'user_limit' 'user_limit' 'user_limit' 'user_limit' 'user_limit'
 'user_limit' 'user_limit' 'user_limit' 'user_limit' 'user_limit'
 'user_limit' 'user_limit' 'user_limit' 'user_limit' 'user_limit'
 'user_limit' 'user_limit' 'user_limit' 'user_limit' 'user_limit'
 'user_limit' 'user_limit' 'user_limit' 'user_limit' 'user_limit'
 'user_limit' 'user_limit' 'user_limit' 'user_limit' 'user_limit'
 'user_limit' 'user_limit' 'user_limit' 'user_limit' 'user_limit'
 'user_limit' 'user_limit' 'user_limit' 'user_limit' 'user_limit'
 'user_limit' 'user_limit' 'user_limit' 'user_limit' 'user_limit'
 'user_limit' 'user_limit' 'user_limit' 'user_limit' 'user_limit'
 'user_limit' 'user_limit' 'user_limit' 'user_limit' 'user_limit'
 'user_limit' 'user_limit' 'user_limit' 'user_limit' 'user_limit'
 'user_limit' 'user_limit' 'user_limit' 'user_limit' 'user_limit'
 'user_limit' 'user_limit' 'user_limit' 'user_limit' 'user_limit'
 'user_limit' 'user_limit' 'user_limit' 'user_limit' 'user_limit'
 'user_limit' 'user_limit' 'user_limit' 'user_limit' 'user_limit'
 'user_limit' 'user_limit' 'user_limit' 'user_limit' 'user_limit'
 'user_limit' 'user_limit' 'user_limit' 'user_limit' 'user_limit']","{'x_traj': array([[ 0.99656823,  0.99861495, -0.08277535, ...,  0.37099698,
         0.00361138,  0.        ],
       [ 0.99656789,  0.9986114 , -0.08277948, ...,  0.37099588,
         0.00360317,  0.        ],
       [ 0.99656755,  0.99860792, -0.08278353, ...,  0.3709948 ,
         0.00359512,  0.        ],
       ...,
       [ 0.99655329,  0.99845739, -0.08295504, ...,  0.37094898,
         0.00325622,  0.        ],
       [ 0.99655324,  0.99845685, -0.08295564, ...,  0.37094882,
         0.00325504,  0.        ],
       [ 0.99655319,  0.99845632, -0.08295624, ...,  0.37094866,
         0.00325388,  0.        ]], shape=(100, 11)), 'u_traj': array([[0., 0.],
       [0., 0.],
       [0., 0.],
       [0., 0.],
       [0., 0.],
       [0., 0.],
       [0., 0.],
       [0., 0.],
       [0., 0.],
       [0., 0.],
       [0., 0.],
       [0., 0.],
       [0., 0.],
       [0., 0.],
       [0., 0.],
       [0., 0.],
       [0., 0.],
       [0., 0.],
       [0., 0.],
       [0., 0.],
       [0., 0.],
       [0., 0.],
       [0., 0.],
       [0., 0.],
       [0., 0.],
       [0., 0.],
       [0., 0.],
       [0., 0.],
       [0., 0.],
       [0., 0.],
       [0., 0.],
       [0., 0.],
       [0., 0.],
       [0., 0.],
       [0., 0.],
       [0., 0.],
       [0., 0.],
       [0., 0.],
       [0., 0.],
       [0., 0.],
       [0., 0.],
       [0., 0.],
       [0., 0.],
       [0., 0.],
       [0., 0.],
       [0., 0.],
       [0., 0.],
       [0., 0.],
       [0., 0.],
       [0., 0.],
       [0., 0.],
       [0., 0.],
       [0., 0.],
       [0., 0.],
       [0., 0.],
       [0., 0.],
       [0., 0.],
       [0., 0.],
       [0., 0.],
       [0., 0.],
       [0., 0.],
       [0., 0.],
       [0., 0.],
       [0., 0.],
       [0., 0.],
       [0., 0.],
       [0., 0.],
       [0., 0.],
       [0., 0.],
       [0., 0.],
       [0., 0.],
       [0., 0.],
       [0., 0.],
       [0., 0.],
       [0., 0.],
       [0., 0.],
       [0., 0.],
       [0., 0.],
       [0., 0.],
       [0., 0.],
       [0., 0.],
       [0., 0.],
       [0., 0.],
       [0., 0.],
       [0., 0.],
       [0., 0.],
       [0., 0.],
       [0., 0.],
       [0., 0.],
       [0., 0.],
       [0., 0.],
       [0., 0.],
       [0., 0.],
       [0., 0.],
       [0., 0.],
       [0., 0.],
       [0., 0.],
       [0., 0.],
       [0., 0.],
       [0., 0.]]), 'target_traj': array([[0.043, 0.09 ],
       [0.043, 0.09 ],
       [0.043, 0.09 ],
       [0.043, 0.09 ],
       [0.043, 0.09 ],
       [0.043, 0.09 ],
       [0.043, 0.09 ],
       [0.043, 0.09 ],
       [0.043, 0.09 ],
       [0.043, 0.09 ],
       [0.043, 0.09 ],
       [0.043, 0.09 ],
       [0.043, 0.09 ],
       [0.043, 0.09 ],
       [0.043, 0.09 ],
       [0.043, 0.09 ],
       [0.043, 0.09 ],
       [0.043, 0.09 ],
       [0.043, 0.09 ],
       [0.043, 0.09 ],
       [0.043, 0.09 ],
       [0.043, 0.09 ],
       [0.043, 0.09 ],
       [0.043, 0.09 ],
       [0.043, 0.09 ],
       [0.043, 0.09 ],
       [0.043, 0.09 ],
       [0.043, 0.09 ],
       [0.043, 0.09 ],
       [0.043, 0.09 ],
       [0.043, 0.09 ],
       [0.043, 0.09 ],
       [0.043, 0.09 ],
       [0.043, 0.09 ],
       [0.043, 0.09 ],
       [0.043, 0.09 ],
       [0.043, 0.09 ],
       [0.043, 0.09 ],
       [0.043, 0.09 ],
       [0.043, 0.09 ],
       [0.043, 0.09 ],
       [0.043, 0.09 ],
       [0.043, 0.09 ],
       [0.043, 0.09 ],
       [0.043, 0.09 ],
       [0.043, 0.09 ],
       [0.043, 0.09 ],
       [0.043, 0.09 ],
       [0.043, 0.09 ],
       [0.043, 0.09 ],
       [0.043, 0.09 ],
       [0.043, 0.09 ],
       [0.043, 0.09 ],
       [0.043, 0.09 ],
       [0.043, 0.09 ],
       [0.043, 0.09 ],
       [0.043, 0.09 ],
       [0.043, 0.09 ],
       [0.043, 0.09 ],
       [0.043, 0.09 ],
       [0.043, 0.09 ],
       [0.043, 0.09 ],
       [0.043, 0.09 ],
       [0.043, 0.09 ],
       [0.043, 0.09 ],
       [0.043, 0.09 ],
       [0.043, 0.09 ],
       [0.043, 0.09 ],
       [0.043, 0.09 ],
       [0.043, 0.09 ],
       [0.043, 0.09 ],
       [0.043, 0.09 ],
       [0.043, 0.09 ],
       [0.043, 0.09 ],
       [0.043, 0.09 ],
       [0.043, 0.09 ],
       [0.043, 0.09 ],
       [0.043, 0.09 ],
       [0.043, 0.09 ],
       [0.043, 0.09 ],
       [0.043, 0.09 ],
       [0.043, 0.09 ],
       [0.043, 0.09 ],
       [0.043, 0.09 ],
       [0.043, 0.09 ],
       [0.043, 0.09 ],
       [0.043, 0.09 ],
       [0.043, 0.09 ],
       [0.043, 0.09 ],
       [0.043, 0.09 ],
       [0.043, 0.09 ],
       [0.043, 0.09 ],
       [0.043, 0.09 ],
       [0.043, 0.09 ],
       [0.043, 0.09 ],
       [0.043, 0.09 ],
       [0.043, 0.09 ],
       [0.043, 0.09 ],
       [0.043, 0.09 ],
       [0.043, 0.09 ]]), 'err': array([0.20059805, 0.20060177, 0.20060542, 0.200609  , 0.2006125 ,
       0.20061594, 0.20061931, 0.20062261, 0.20062585, 0.20062902,
       0.20063213, 0.20063518, 0.20063816, 0.20064109, 0.20064396,
       0.20064677, 0.20064953, 0.20065223, 0.20065488, 0.20065748,
       0.20066002, 0.20066252, 0.20066496, 0.20066736, 0.20066971,
       0.20067201, 0.20067427, 0.20067648, 0.20067865, 0.20068078,
       0.20068286, 0.2006849 , 0.2006869 , 0.20068886, 0.20069079,
       0.20069267, 0.20069452, 0.20069633, 0.20069811, 0.20069985,
       0.20070155, 0.20070322, 0.20070486, 0.20070647, 0.20070804,
       0.20070958, 0.2007111 , 0.20071258, 0.20071403, 0.20071546,
       0.20071685, 0.20071822, 0.20071956, 0.20072088, 0.20072217,
       0.20072343, 0.20072467, 0.20072588, 0.20072707, 0.20072824,
       0.20072938, 0.2007305 , 0.2007316 , 0.20073268, 0.20073373,
       0.20073477, 0.20073578, 0.20073678, 0.20073775, 0.2007387 ,
       0.20073964, 0.20074056, 0.20074146, 0.20074234, 0.2007432 ,
       0.20074405, 0.20074488, 0.20074569, 0.20074649, 0.20074727,
       0.20074804, 0.20074879, 0.20074953, 0.20075025, 0.20075096,
       0.20075165, 0.20075233, 0.20075299, 0.20075365, 0.20075429,
       0.20075492, 0.20075553, 0.20075613, 0.20075672, 0.2007573 ,
       0.20075787, 0.20075843, 0.20075897, 0.20075951, 0.20076003])}"
3,fixed_k,iid,100,60,10.617474151254687,"[0.91097062 1.25721408 1.33077631 1.33501958 1.31908222 1.32719674
 1.32662903 1.32132553 1.31748443 1.32748027 1.32782182 1.32738677
 1.33323887 1.32386172 1.32876385 1.32524384 1.32832649 1.31947449
 1.3295539  1.32427778 1.32568541 1.32923453 1.32739406 1.32925744
 1.32378543 1.33502009 1.33560997 1.3293419  1.32949685 1.33164339
 1.33629989 1.32919368 1.32463493 1.32631372 1.33123479 1.3251665
 1.32998013 1.32726662 1.32770709 1.32200189 1.32568991 1.32341527
 1.32132625 1.33029416 1.32924963 1.3269057  1.32499281 1.32731129
 1.3330447  1.31908129 1.32880967 1.32198775 1.33320428 1.32276513
 1.32434961 1.32654301 1.32201184 1.33036006 1.32512252 1.32674467
 1.32490373 1.33312619 1.33421231 1.33299695 1.33278706 1.32279564
 1.34749151 1.32105463 1.33392772 1.32363059 1.33645314 1.32540928
 1.32933413 1.32098759 1.33019049 1.32365358 1.32928963 1.32493019
 1.32575776 1.3297327  1.3279118  1.32792629 1.32779421 1.32675473
 1.3261212  1.32619771 1.31508475 1.33307084 1.32664325 1.3262002
 1.32194365 1.32491817 1.33326191 1.33251347 1.34547784 1.32649812
 1.32741238 1.33793635 1.30788977 1.32106627]",0.1611282726294963,0.2007039297816959,0,"[526.53572056 561.37457304 518.48552097 523.7815259  519.67184339
 520.56319732 522.81936258 524.3686121  547.61068895 519.14784871
 568.04501824 659.85705145 524.30674154 520.18623054 524.03330244
 529.00133189 526.43453982 565.32815564 537.97673155 521.66190371
 545.42386811 526.1987634  521.67122532 521.75311744 526.17671061
 524.01544061 522.65746891 519.29562911 525.32564383 524.33044743
 522.74425235 520.16053628 526.57432761 520.19869722 525.43816064
 528.28624379 522.79391512 520.57719138 519.84322257 528.99549529
 519.968546   519.2951709  520.02969198 521.98628802 525.70499573
 521.91295754 521.45808749 521.12893481 516.97024796 525.65613668
 526.7734332  519.98921204 518.61211658 528.17843016 529.7245197
 523.33618794 520.82574181 522.73835428 519.73975077 524.43469875
 523.65959249 524.37376417 521.92119788 520.04859969 525.68885218
 524.37235229 519.62164883 519.62235849 520.84668819 529.13548518
 520.1765867  526.35658626 521.72733098 521.45680878 523.66007399
 519.73012555 524.51187931 518.84496864 520.07334493 527.59467624
 520.4523392  518.24824605 521.0857261  523.59755524 525.89831501
 526.95435751 519.2698827  532.01249894 523.00372347 528.37453503
 526.63474437 521.53297327 524.96847231 520.5473518  528.16759795
 520.35656292 520.74842341 520.35342809 523.39071501 518.7168438 ]",0,0,"[2.65541997e-04 2.42508519e-04 2.02414169e-04 7.64484800e-05
 1.82770117e-04 1.19996309e-04 2.26371251e-04 1.69670004e-04
 1.31827766e-04 1.25690157e-04 4.88106970e-05 2.17839789e-04
 2.09266478e-04 1.55514583e-04 1.81721594e-04 2.20722008e-04
 1.92776501e-04 1.82074157e-04 2.49462550e-04 1.94623255e-04
 1.61732845e-04 1.77495617e-04 6.19712050e-05 1.19195799e-04
 5.58839559e-05 1.10146708e-04 2.18270017e-05 1.03071106e-04
 1.65821264e-04 2.17172991e-04 2.61451030e-04 1.61706870e-04
 5.77092876e-05 1.27131058e-04 1.40443062e-04 2.10394847e-04
 2.46860779e-04 2.02775571e-04 2.56654985e-04 1.89091174e-04
 1.73136436e-04 1.82991002e-04 1.12637155e-04 1.08815129e-04
 2.10273537e-04 1.45365375e-04 1.50020093e-04 1.96241337e-04
 2.38995601e-04 1.59698078e-04 1.56792376e-04 2.31509227e-04
 1.88118387e-04 1.84520421e-04 1.08185929e-04 1.83084284e-04
 1.09298272e-04 1.05466384e-04 2.20781078e-04 1.50498379e-04
 5.58896021e-05 1.24871855e-04 1.39450947e-04 6.84905975e-05
 1.62957111e-04 1.69636344e-04 8.15982567e-05 2.10526959e-04
 1.92420342e-04 2.16265021e-04 1.49476029e-04 2.14827972e-04
 2.36366246e-04 1.75877965e-04 1.35737558e-04 1.61466788e-04
 1.20995243e-04 1.28330188e-04 5.79859521e-05 1.15333549e-04
 2.67814468e-05 1.19818100e-04 5.54353625e-05 2.11482916e-04
 2.52876187e-04 7.66947371e-05 2.05914513e-04 1.08247326e-04
 1.99353162e-04 1.42098286e-04 1.53598594e-04 2.14803858e-04
 1.73115361e-04 1.54861387e-04 1.00725334e-04 1.01540649e-04
 8.24617301e-05 3.91816783e-05 2.51415531e-04 7.99508454e-05]","['user_limit' 'user_limit' 'user_limit' 'user_limit' 'user_limit'
 'user_limit' 'user_limit' 'user_limit' 'user_limit' 'user_limit'
 'user_limit' 'user_limit' 'user_limit' 'user_limit' 'user_limit'
 'user_limit' 'user_limit' 'user_limit' 'user_limit' 'user_limit'
 'user_limit' 'user_limit' 'user_limit' 'user_limit' 'user_limit'
 'user_limit' 'user_limit' 'user_limit' 'user_limit' 'user_limit'
 'user_limit' 'user_limit' 'user_limit' 'user_limit' 'user_limit'
 'user_limit' 'user_limit' 'user_limit' 'user_limit' 'user_limit'
 'user_limit' 'user_limit' 'user_limit' 'user_limit' 'user_limit'
 'user_limit' 'user_limit' 'user_limit' 'user_limit' 'user_limit'
 'user_limit' 'user_limit' 'user_limit' 'user_limit' 'user_limit'
 'user_limit' 'user_limit' 'user_limit' 'user_limit' 'user_limit'
 'user_limit' 'user_limit' 'user_limit' 'user_limit' 'user_limit'
 'user_limit' 'user_limit' 'user_limit' 'user_limit' 'user_limit'
 'user_limit' 'user_limit' 'user_limit' 'user_limit' 'user_limit'
 'user_limit' 'user_limit' 'user_limit' 'user_limit' 'user_limit'
 'user_limit' 'user_limit' 'user_limit' 'user_limit' 'user_limit'
 'user_limit' 'user_limit' 'user_limit' 'user_limit' 'user_limit'
 'user_limit' 'user_limit' 'user_limit' 'user_limit' 'user_limit'
 'user_limit' 'user_limit' 'user_limit' 'user_limit' 'user_limit']","{'x_traj': array([[ 0.99656823,  0.99861495, -0.08277535, ...,  0.37099698,
         0.00361138,  0.        ],
       [ 0.99656789,  0.9986114 , -0.08277948, ...,  0.37099588,
         0.00360317,  0.        ],
       [ 0.99656755,  0.99860792, -0.08278353, ...,  0.3709948 ,
         0.00359512,  0.        ],
       ...,
       [ 0.99655329,  0.99845739, -0.08295504, ...,  0.37094898,
         0.00325622,  0.        ],
       [ 0.99655324,  0.99845685, -0.08295564, ...,  0.37094882,
         0.00325504,  0.        ],
       [ 0.99655319,  0.99845632, -0.08295624, ...,  0.37094866,
         0.00325388,  0.        ]], shape=(100, 11)), 'u_traj': array([[0., 0.],
       [0., 0.],
       [0., 0.],
       [0., 0.],
       [0., 0.],
       [0., 0.],
       [0., 0.],
       [0., 0.],
       [0., 0.],
       [0., 0.],
       [0., 0.],
       [0., 0.],
       [0., 0.],
       [0., 0.],
       [0., 0.],
       [0., 0.],
       [0., 0.],
       [0., 0.],
       [0., 0.],
       [0., 0.],
       [0., 0.],
       [0., 0.],
       [0., 0.],
       [0., 0.],
       [0., 0.],
       [0., 0.],
       [0., 0.],
       [0., 0.],
       [0., 0.],
       [0., 0.],
       [0., 0.],
       [0., 0.],
       [0., 0.],
       [0., 0.],
       [0., 0.],
       [0., 0.],
       [0., 0.],
       [0., 0.],
       [0., 0.],
       [0., 0.],
       [0., 0.],
       [0., 0.],
       [0., 0.],
       [0., 0.],
       [0., 0.],
       [0., 0.],
       [0., 0.],
       [0., 0.],
       [0., 0.],
       [0., 0.],
       [0., 0.],
       [0., 0.],
       [0., 0.],
       [0., 0.],
       [0., 0.],
       [0., 0.],
       [0., 0.],
       [0., 0.],
       [0., 0.],
       [0., 0.],
       [0., 0.],
       [0., 0.],
       [0., 0.],
       [0., 0.],
       [0., 0.],
       [0., 0.],
       [0., 0.],
       [0., 0.],
       [0., 0.],
       [0., 0.],
       [0., 0.],
       [0., 0.],
       [0., 0.],
       [0., 0.],
       [0., 0.],
       [0., 0.],
       [0., 0.],
       [0., 0.],
       [0., 0.],
       [0., 0.],
       [0., 0.],
       [0., 0.],
       [0., 0.],
       [0., 0.],
       [0., 0.],
       [0., 0.],
       [0., 0.],
       [0., 0.],
       [0., 0.],
       [0., 0.],
       [0., 0.],
       [0., 0.],
       [0., 0.],
       [0., 0.],
       [0., 0.],
       [0., 0.],
       [0., 0.],
       [0., 0.],
       [0., 0.],
       [0., 0.]]), 'target_traj': array([[0.043, 0.09 ],
       [0.043, 0.09 ],
       [0.043, 0.09 ],
       [0.043, 0.09 ],
       [0.043, 0.09 ],
       [0.043, 0.09 ],
       [0.043, 0.09 ],
       [0.043, 0.09 ],
       [0.043, 0.09 ],
       [0.043, 0.09 ],
       [0.043, 0.09 ],
       [0.043, 0.09 ],
       [0.043, 0.09 ],
       [0.043, 0.09 ],
       [0.043, 0.09 ],
       [0.043, 0.09 ],
       [0.043, 0.09 ],
       [0.043, 0.09 ],
       [0.043, 0.09 ],
       [0.043, 0.09 ],
       [0.043, 0.09 ],
       [0.043, 0.09 ],
       [0.043, 0.09 ],
       [0.043, 0.09 ],
       [0.043, 0.09 ],
       [0.043, 0.09 ],
       [0.043, 0.09 ],
       [0.043, 0.09 ],
       [0.043, 0.09 ],
       [0.043, 0.09 ],
       [0.043, 0.09 ],
       [0.043, 0.09 ],
       [0.043, 0.09 ],
       [0.043, 0.09 ],
       [0.043, 0.09 ],
       [0.043, 0.09 ],
       [0.043, 0.09 ],
       [0.043, 0.09 ],
       [0.043, 0.09 ],
       [0.043, 0.09 ],
       [0.043, 0.09 ],
       [0.043, 0.09 ],
       [0.043, 0.09 ],
       [0.043, 0.09 ],
       [0.043, 0.09 ],
       [0.043, 0.09 ],
       [0.043, 0.09 ],
       [0.043, 0.09 ],
       [0.043, 0.09 ],
       [0.043, 0.09 ],
       [0.043, 0.09 ],
       [0.043, 0.09 ],
       [0.043, 0.09 ],
       [0.043, 0.09 ],
       [0.043, 0.09 ],
       [0.043, 0.09 ],
       [0.043, 0.09 ],
       [0.043, 0.09 ],
       [0.043, 0.09 ],
       [0.043, 0.09 ],
       [0.043, 0.09 ],
       [0.043, 0.09 ],
       [0.043, 0.09 ],
       [0.043, 0.09 ],
       [0.043, 0.09 ],
       [0.043, 0.09 ],
       [0.043, 0.09 ],
       [0.043, 0.09 ],
       [0.043, 0.09 ],
       [0.043, 0.09 ],
       [0.043, 0.09 ],
       [0.043, 0.09 ],
       [0.043, 0.09 ],
       [0.043, 0.09 ],
       [0.043, 0.09 ],
       [0.043, 0.09 ],
       [0.043, 0.09 ],
       [0.043, 0.09 ],
       [0.043, 0.09 ],
       [0.043, 0.09 ],
       [0.043, 0.09 ],
       [0.043, 0.09 ],
       [0.043, 0.09 ],
       [0.043, 0.09 ],
       [0.043, 0.09 ],
       [0.043, 0.09 ],
       [0.043, 0.09 ],
       [0.043, 0.09 ],
       [0.043, 0.09 ],
       [0.043, 0.09 ],
       [0.043, 0.09 ],
       [0.043, 0.09 ],
       [0.043, 0.09 ],
       [0.043, 0.09 ],
       [0.043, 0.09 ],
       [0.043, 0.09 ],
       [0.043, 0.09 ],
       [0.043, 0.09 ],
       [0.043, 0.09 ],
       [0.043, 0.09 ]]), 'err': array([0.20059805, 0.20060177, 0.20060542, 0.200609  , 0.2006125 ,
       0.20061594, 0.20061931, 0.20062261, 0.20062585, 0.20062902,
       0.20063213, 0.20063518, 0.20063816, 0.20064109, 0.20064396,
       0.20064677, 0.20064953, 0.20065223, 0.20065488, 0.20065748,
       0.20066002, 0.20066252, 0.20066496, 0.20066736, 0.20066971,
       0.20067201, 0.20067427, 0.20067648, 0.20067865, 0.20068078,
       0.20068286, 0.2006849 , 0.2006869 , 0.20068886, 0.20069079,
       0.20069267, 0.20069452, 0.20069633, 0.20069811, 0.20069985,
       0.20070155, 0.20070322, 0.20070486, 0.20070647, 0.20070804,
       0.20070958, 0.2007111 , 0.20071258, 0.20071403, 0.20071546,
       0.20071685, 0.20071822, 0.20071956, 0.20072088, 0.20072217,
       0.20072343, 0.20072467, 0.20072588, 0.20072707, 0.20072824,
       0.20072938, 0.2007305 , 0.2007316 , 0.20073268, 0.20073373,
       0.20073477, 0.20073578, 0.20073678, 0.20073775, 0.2007387 ,
       0.20073964, 0.20074056, 0.20074146, 0.20074234, 0.2007432 ,
       0.20074405, 0.20074488, 0.20074569, 0.20074649, 0.20074727,
       0.20074804, 0.20074879, 0.20074953, 0.20075025, 0.20075096,
       0.20075165, 0.20075233, 0.20075299, 0.20075365, 0.20075429,
       0.20075492, 0.20075553, 0.20075613, 0.20075672, 0.2007573 ,
       0.20075787, 0.20075843, 0.20075897, 0.20075951, 0.20076003])}"
3,fixed_k,iid,100,70,10.617474151254687,"[0.91097062 1.25721408 1.33077631 1.33501958 1.31908222 1.32719674
 1.32662903 1.32132553 1.31748443 1.32748027 1.32782182 1.32738677
 1.33323887 1.32386172 1.32876385 1.32524384 1.32832649 1.31947449
 1.3295539  1.32427778 1.32568541 1.32923453 1.32739406 1.32925744
 1.32378543 1.33502009 1.33560997 1.3293419  1.32949685 1.33164339
 1.33629989 1.32919368 1.32463493 1.32631372 1.33123479 1.3251665
 1.32998013 1.32726662 1.32770709 1.32200189 1.32568991 1.32341527
 1.32132625 1.33029416 1.32924963 1.3269057  1.32499281 1.32731129
 1.3330447  1.31908129 1.32880967 1.32198775 1.33320428 1.32276513
 1.32434961 1.32654301 1.32201184 1.33036006 1.32512252 1.32674467
 1.32490373 1.33312619 1.33421231 1.33299695 1.33278706 1.32279564
 1.34749151 1.32105463 1.33392772 1.32363059 1.33645314 1.32540928
 1.32933413 1.32098759 1.33019049 1.32365358 1.32928963 1.32493019
 1.32575776 1.3297327  1.3279118  1.32792629 1.32779421 1.32675473
 1.3261212  1.32619771 1.31508475 1.33307084 1.32664325 1.3262002
 1.32194365 1.32491817 1.33326191 1.33251347 1.34547784 1.32649812
 1.32741238 1.33793635 1.30788977 1.32106627]",0.1611282726294963,0.2007039297816959,0,"[520.98361123 524.38235376 525.65737348 523.40005152 524.66209233
 525.01201443 522.39602059 525.91805346 521.85279038 519.78114806
 521.68801427 522.23430574 524.27788172 518.59688852 522.96859119
 517.54511055 520.24526242 522.6764027  523.28251489 522.68046699
 522.04912808 519.61613726 530.15572485 521.14784252 520.78316268
 523.37944694 521.14690002 517.38883369 520.20116802 522.42187224
 519.57657374 522.21158613 518.10329128 521.47243638 521.08892053
 522.68271521 528.44024263 519.28341854 523.86497613 522.16436155
 527.07971446 527.44518965 520.09614278 521.95943706 524.05642066
 522.07368799 526.05180256 525.03793314 519.00476404 521.73699997
 518.36698875 528.66723202 520.26060317 518.38850044 525.53173807
 518.6871402  524.57772568 526.40367951 524.86616932 520.99140547
 521.18943725 523.49016722 518.27660855 519.68056802 519.84375343
 523.36198464 521.77749202 517.45085977 519.20266449 524.67384003
 519.70359124 517.30480418 524.93729163 519.93583329 520.20475734
 526.15878638 525.76246206 519.17238347 521.79844119 520.15523892
 526.32536739 520.59840877 520.06511763 522.62954786 519.93322559
 517.97895227 520.27194481 521.78754658 522.82535005 518.71372852
 521.9325358  524.5817434  521.52077854 522.64473867 522.69444708
 523.93732406 520.10362409 518.50697398 521.39086276 519.13190447]",0,0,"[2.65541997e-04 2.42508519e-04 2.02414169e-04 7.64484800e-05
 1.82770117e-04 1.19996309e-04 2.26371251e-04 1.69670004e-04
 1.31827766e-04 1.25690157e-04 4.88106970e-05 2.17839789e-04
 2.09266478e-04 1.55514583e-04 1.81721594e-04 2.20722008e-04
 1.92776501e-04 1.82074157e-04 2.49462550e-04 1.94623255e-04
 1.61732845e-04 1.77495617e-04 6.19712050e-05 1.19195799e-04
 5.58839559e-05 1.10146708e-04 2.18270017e-05 1.03071106e-04
 1.65821264e-04 2.17172991e-04 2.61451030e-04 1.61706870e-04
 5.77092876e-05 1.27131058e-04 1.40443062e-04 2.10394847e-04
 2.46860779e-04 2.02775571e-04 2.56654985e-04 1.89091174e-04
 1.73136436e-04 1.82991002e-04 1.12637155e-04 1.08815129e-04
 2.10273537e-04 1.45365375e-04 1.50020093e-04 1.96241337e-04
 2.38995601e-04 1.59698078e-04 1.56792376e-04 2.31509227e-04
 1.88118387e-04 1.84520421e-04 1.08185929e-04 1.83084284e-04
 1.09298272e-04 1.05466384e-04 2.20781078e-04 1.50498379e-04
 5.58896021e-05 1.24871855e-04 1.39450947e-04 6.84905975e-05
 1.62957111e-04 1.69636344e-04 8.15982567e-05 2.10526959e-04
 1.92420342e-04 2.16265021e-04 1.49476029e-04 2.14827972e-04
 2.36366246e-04 1.75877965e-04 1.35737558e-04 1.61466788e-04
 1.20995243e-04 1.28330188e-04 5.79859521e-05 1.15333549e-04
 2.67814468e-05 1.19818100e-04 5.54353625e-05 2.11482916e-04
 2.52876187e-04 7.66947371e-05 2.05914513e-04 1.08247326e-04
 1.99353162e-04 1.42098286e-04 1.53598594e-04 2.14803858e-04
 1.73115361e-04 1.54861387e-04 1.00725334e-04 1.01540649e-04
 8.24617301e-05 3.91816783e-05 2.51415531e-04 7.99508454e-05]","['user_limit' 'user_limit' 'user_limit' 'user_limit' 'user_limit'
 'user_limit' 'user_limit' 'user_limit' 'user_limit' 'user_limit'
 'user_limit' 'user_limit' 'user_limit' 'user_limit' 'user_limit'
 'user_limit' 'user_limit' 'user_limit' 'user_limit' 'user_limit'
 'user_limit' 'user_limit' 'user_limit' 'user_limit' 'user_limit'
 'user_limit' 'user_limit' 'user_limit' 'user_limit' 'user_limit'
 'user_limit' 'user_limit' 'user_limit' 'user_limit' 'user_limit'
 'user_limit' 'user_limit' 'user_limit' 'user_limit' 'user_limit'
 'user_limit' 'user_limit' 'user_limit' 'user_limit' 'user_limit'
 'user_limit' 'user_limit' 'user_limit' 'user_limit' 'user_limit'
 'user_limit' 'user_limit' 'user_limit' 'user_limit' 'user_limit'
 'user_limit' 'user_limit' 'user_limit' 'user_limit' 'user_limit'
 'user_limit' 'user_limit' 'user_limit' 'user_limit' 'user_limit'
 'user_limit' 'user_limit' 'user_limit' 'user_limit' 'user_limit'
 'user_limit' 'user_limit' 'user_limit' 'user_limit' 'user_limit'
 'user_limit' 'user_limit' 'user_limit' 'user_limit' 'user_limit'
 'user_limit' 'user_limit' 'user_limit' 'user_limit' 'user_limit'
 'user_limit' 'user_limit' 'user_limit' 'user_limit' 'user_limit'
 'user_limit' 'user_limit' 'user_limit' 'user_limit' 'user_limit'
 'user_limit' 'user_limit' 'user_limit' 'user_limit' 'user_limit']","{'x_traj': array([[ 0.99656823,  0.99861495, -0.08277535, ...,  0.37099698,
         0.00361138,  0.        ],
       [ 0.99656789,  0.9986114 , -0.08277948, ...,  0.37099588,
         0.00360317,  0.        ],
       [ 0.99656755,  0.99860792, -0.08278353, ...,  0.3709948 ,
         0.00359512,  0.        ],
       ...,
       [ 0.99655329,  0.99845739, -0.08295504, ...,  0.37094898,
         0.00325622,  0.        ],
       [ 0.99655324,  0.99845685, -0.08295564, ...,  0.37094882,
         0.00325504,  0.        ],
       [ 0.99655319,  0.99845632, -0.08295624, ...,  0.37094866,
         0.00325388,  0.        ]], shape=(100, 11)), 'u_traj': array([[0., 0.],
       [0., 0.],
       [0., 0.],
       [0., 0.],
       [0., 0.],
       [0., 0.],
       [0., 0.],
       [0., 0.],
       [0., 0.],
       [0., 0.],
       [0., 0.],
       [0., 0.],
       [0., 0.],
       [0., 0.],
       [0., 0.],
       [0., 0.],
       [0., 0.],
       [0., 0.],
       [0., 0.],
       [0., 0.],
       [0., 0.],
       [0., 0.],
       [0., 0.],
       [0., 0.],
       [0., 0.],
       [0., 0.],
       [0., 0.],
       [0., 0.],
       [0., 0.],
       [0., 0.],
       [0., 0.],
       [0., 0.],
       [0., 0.],
       [0., 0.],
       [0., 0.],
       [0., 0.],
       [0., 0.],
       [0., 0.],
       [0., 0.],
       [0., 0.],
       [0., 0.],
       [0., 0.],
       [0., 0.],
       [0., 0.],
       [0., 0.],
       [0., 0.],
       [0., 0.],
       [0., 0.],
       [0., 0.],
       [0., 0.],
       [0., 0.],
       [0., 0.],
       [0., 0.],
       [0., 0.],
       [0., 0.],
       [0., 0.],
       [0., 0.],
       [0., 0.],
       [0., 0.],
       [0., 0.],
       [0., 0.],
       [0., 0.],
       [0., 0.],
       [0., 0.],
       [0., 0.],
       [0., 0.],
       [0., 0.],
       [0., 0.],
       [0., 0.],
       [0., 0.],
       [0., 0.],
       [0., 0.],
       [0., 0.],
       [0., 0.],
       [0., 0.],
       [0., 0.],
       [0., 0.],
       [0., 0.],
       [0., 0.],
       [0., 0.],
       [0., 0.],
       [0., 0.],
       [0., 0.],
       [0., 0.],
       [0., 0.],
       [0., 0.],
       [0., 0.],
       [0., 0.],
       [0., 0.],
       [0., 0.],
       [0., 0.],
       [0., 0.],
       [0., 0.],
       [0., 0.],
       [0., 0.],
       [0., 0.],
       [0., 0.],
       [0., 0.],
       [0., 0.],
       [0., 0.]]), 'target_traj': array([[0.043, 0.09 ],
       [0.043, 0.09 ],
       [0.043, 0.09 ],
       [0.043, 0.09 ],
       [0.043, 0.09 ],
       [0.043, 0.09 ],
       [0.043, 0.09 ],
       [0.043, 0.09 ],
       [0.043, 0.09 ],
       [0.043, 0.09 ],
       [0.043, 0.09 ],
       [0.043, 0.09 ],
       [0.043, 0.09 ],
       [0.043, 0.09 ],
       [0.043, 0.09 ],
       [0.043, 0.09 ],
       [0.043, 0.09 ],
       [0.043, 0.09 ],
       [0.043, 0.09 ],
       [0.043, 0.09 ],
       [0.043, 0.09 ],
       [0.043, 0.09 ],
       [0.043, 0.09 ],
       [0.043, 0.09 ],
       [0.043, 0.09 ],
       [0.043, 0.09 ],
       [0.043, 0.09 ],
       [0.043, 0.09 ],
       [0.043, 0.09 ],
       [0.043, 0.09 ],
       [0.043, 0.09 ],
       [0.043, 0.09 ],
       [0.043, 0.09 ],
       [0.043, 0.09 ],
       [0.043, 0.09 ],
       [0.043, 0.09 ],
       [0.043, 0.09 ],
       [0.043, 0.09 ],
       [0.043, 0.09 ],
       [0.043, 0.09 ],
       [0.043, 0.09 ],
       [0.043, 0.09 ],
       [0.043, 0.09 ],
       [0.043, 0.09 ],
       [0.043, 0.09 ],
       [0.043, 0.09 ],
       [0.043, 0.09 ],
       [0.043, 0.09 ],
       [0.043, 0.09 ],
       [0.043, 0.09 ],
       [0.043, 0.09 ],
       [0.043, 0.09 ],
       [0.043, 0.09 ],
       [0.043, 0.09 ],
       [0.043, 0.09 ],
       [0.043, 0.09 ],
       [0.043, 0.09 ],
       [0.043, 0.09 ],
       [0.043, 0.09 ],
       [0.043, 0.09 ],
       [0.043, 0.09 ],
       [0.043, 0.09 ],
       [0.043, 0.09 ],
       [0.043, 0.09 ],
       [0.043, 0.09 ],
       [0.043, 0.09 ],
       [0.043, 0.09 ],
       [0.043, 0.09 ],
       [0.043, 0.09 ],
       [0.043, 0.09 ],
       [0.043, 0.09 ],
       [0.043, 0.09 ],
       [0.043, 0.09 ],
       [0.043, 0.09 ],
       [0.043, 0.09 ],
       [0.043, 0.09 ],
       [0.043, 0.09 ],
       [0.043, 0.09 ],
       [0.043, 0.09 ],
       [0.043, 0.09 ],
       [0.043, 0.09 ],
       [0.043, 0.09 ],
       [0.043, 0.09 ],
       [0.043, 0.09 ],
       [0.043, 0.09 ],
       [0.043, 0.09 ],
       [0.043, 0.09 ],
       [0.043, 0.09 ],
       [0.043, 0.09 ],
       [0.043, 0.09 ],
       [0.043, 0.09 ],
       [0.043, 0.09 ],
       [0.043, 0.09 ],
       [0.043, 0.09 ],
       [0.043, 0.09 ],
       [0.043, 0.09 ],
       [0.043, 0.09 ],
       [0.043, 0.09 ],
       [0.043, 0.09 ],
       [0.043, 0.09 ]]), 'err': array([0.20059805, 0.20060177, 0.20060542, 0.200609  , 0.2006125 ,
       0.20061594, 0.20061931, 0.20062261, 0.20062585, 0.20062902,
       0.20063213, 0.20063518, 0.20063816, 0.20064109, 0.20064396,
       0.20064677, 0.20064953, 0.20065223, 0.20065488, 0.20065748,
       0.20066002, 0.20066252, 0.20066496, 0.20066736, 0.20066971,
       0.20067201, 0.20067427, 0.20067648, 0.20067865, 0.20068078,
       0.20068286, 0.2006849 , 0.2006869 , 0.20068886, 0.20069079,
       0.20069267, 0.20069452, 0.20069633, 0.20069811, 0.20069985,
       0.20070155, 0.20070322, 0.20070486, 0.20070647, 0.20070804,
       0.20070958, 0.2007111 , 0.20071258, 0.20071403, 0.20071546,
       0.20071685, 0.20071822, 0.20071956, 0.20072088, 0.20072217,
       0.20072343, 0.20072467, 0.20072588, 0.20072707, 0.20072824,
       0.20072938, 0.2007305 , 0.2007316 , 0.20073268, 0.20073373,
       0.20073477, 0.20073578, 0.20073678, 0.20073775, 0.2007387 ,
       0.20073964, 0.20074056, 0.20074146, 0.20074234, 0.2007432 ,
       0.20074405, 0.20074488, 0.20074569, 0.20074649, 0.20074727,
       0.20074804, 0.20074879, 0.20074953, 0.20075025, 0.20075096,
       0.20075165, 0.20075233, 0.20075299, 0.20075365, 0.20075429,
       0.20075492, 0.20075553, 0.20075613, 0.20075672, 0.2007573 ,
       0.20075787, 0.20075843, 0.20075897, 0.20075951, 0.20076003])}"
3,fixed_k,iid,100,80,10.617474151254687,"[0.91097062 1.25721408 1.33077631 1.33501958 1.31908222 1.32719674
 1.32662903 1.32132553 1.31748443 1.32748027 1.32782182 1.32738677
 1.33323887 1.32386172 1.32876385 1.32524384 1.32832649 1.31947449
 1.3295539  1.32427778 1.32568541 1.32923453 1.32739406 1.32925744
 1.32378543 1.33502009 1.33560997 1.3293419  1.32949685 1.33164339
 1.33629989 1.32919368 1.32463493 1.32631372 1.33123479 1.3251665
 1.32998013 1.32726662 1.32770709 1.32200189 1.32568991 1.32341527
 1.32132625 1.33029416 1.32924963 1.3269057  1.32499281 1.32731129
 1.3330447  1.31908129 1.32880967 1.32198775 1.33320428 1.32276513
 1.32434961 1.32654301 1.32201184 1.33036006 1.32512252 1.32674467
 1.32490373 1.33312619 1.33421231 1.33299695 1.33278706 1.32279564
 1.34749151 1.32105463 1.33392772 1.32363059 1.33645314 1.32540928
 1.32933413 1.32098759 1.33019049 1.32365358 1.32928963 1.32493019
 1.32575776 1.3297327  1.3279118  1.32792629 1.32779421 1.32675473
 1.3261212  1.32619771 1.31508475 1.33307084 1.32664325 1.3262002
 1.32194365 1.32491817 1.33326191 1.33251347 1.34547784 1.32649812
 1.32741238 1.33793635 1.30788977 1.32106627]",0.1611282726294963,0.2007039297816959,0,"[526.5724007  523.04685023 520.2128794  522.64091    524.64179322
 521.25183865 521.823043   523.23243022 524.98260606 524.3866127
 522.24024944 523.08344748 519.3121396  519.73381359 518.80818233
 519.36003938 519.27263662 519.42274813 525.05138889 520.28254233
 522.47095574 518.63451395 523.40517845 527.348659   523.77443761
 522.84030896 525.40732641 520.88574227 523.94300885 522.3121997
 519.24522873 519.61017866 520.52966971 528.94301433 519.79547646
 520.76803707 522.86231797 520.07935196 528.7984712  520.0437177
 522.94300776 524.88857973 518.87016464 524.31593649 528.53373531
 521.79990895 520.96131444 527.1196086  525.27387999 517.61423703
 519.28074844 522.69591112 518.73318572 527.45229285 518.92301254
 521.58805821 522.31780812 518.46755762 672.38123994 518.12091563
 519.65128817 523.45521096 525.75018909 525.43668915 523.71101361
 523.31352234 521.06552664 521.1309297  526.87972598 522.30728883
 522.40188234 519.51139234 520.62529512 519.68406979 520.70286963
 522.20663987 525.35985038 522.13297598 520.61167359 526.43219568
 525.12952685 521.03038039 525.44710413 520.01265623 519.5427537
 519.57201958 520.77823412 525.46207793 519.4266336  519.75750178
 518.45977269 523.98243453 522.9271166  518.24247092 522.04179391
 521.44137491 521.52680978 528.90467085 524.79170728 521.30662557]",0,0,"[2.65541997e-04 2.42508519e-04 2.02414169e-04 7.64484800e-05
 1.82770117e-04 1.19996309e-04 2.26371251e-04 1.69670004e-04
 1.31827766e-04 1.25690157e-04 4.88106970e-05 2.17839789e-04
 2.09266478e-04 1.55514583e-04 1.81721594e-04 2.20722008e-04
 1.92776501e-04 1.82074157e-04 2.49462550e-04 1.94623255e-04
 1.61732845e-04 1.77495617e-04 6.19712050e-05 1.19195799e-04
 5.58839559e-05 1.10146708e-04 2.18270017e-05 1.03071106e-04
 1.65821264e-04 2.17172991e-04 2.61451030e-04 1.61706870e-04
 5.77092876e-05 1.27131058e-04 1.40443062e-04 2.10394847e-04
 2.46860779e-04 2.02775571e-04 2.56654985e-04 1.89091174e-04
 1.73136436e-04 1.82991002e-04 1.12637155e-04 1.08815129e-04
 2.10273537e-04 1.45365375e-04 1.50020093e-04 1.96241337e-04
 2.38995601e-04 1.59698078e-04 1.56792376e-04 2.31509227e-04
 1.88118387e-04 1.84520421e-04 1.08185929e-04 1.83084284e-04
 1.09298272e-04 1.05466384e-04 2.20781078e-04 1.50498379e-04
 5.58896021e-05 1.24871855e-04 1.39450947e-04 6.84905975e-05
 1.62957111e-04 1.69636344e-04 8.15982567e-05 2.10526959e-04
 1.92420342e-04 2.16265021e-04 1.49476029e-04 2.14827972e-04
 2.36366246e-04 1.75877965e-04 1.35737558e-04 1.61466788e-04
 1.20995243e-04 1.28330188e-04 5.79859521e-05 1.15333549e-04
 2.67814468e-05 1.19818100e-04 5.54353625e-05 2.11482916e-04
 2.52876187e-04 7.66947371e-05 2.05914513e-04 1.08247326e-04
 1.99353162e-04 1.42098286e-04 1.53598594e-04 2.14803858e-04
 1.73115361e-04 1.54861387e-04 1.00725334e-04 1.01540649e-04
 8.24617301e-05 3.91816783e-05 2.51415531e-04 7.99508454e-05]","['user_limit' 'user_limit' 'user_limit' 'user_limit' 'user_limit'
 'user_limit' 'user_limit' 'user_limit' 'user_limit' 'user_limit'
 'user_limit' 'user_limit' 'user_limit' 'user_limit' 'user_limit'
 'user_limit' 'user_limit' 'user_limit' 'user_limit' 'user_limit'
 'user_limit' 'user_limit' 'user_limit' 'user_limit' 'user_limit'
 'user_limit' 'user_limit' 'user_limit' 'user_limit' 'user_limit'
 'user_limit' 'user_limit' 'user_limit' 'user_limit' 'user_limit'
 'user_limit' 'user_limit' 'user_limit' 'user_limit' 'user_limit'
 'user_limit' 'user_limit' 'user_limit' 'user_limit' 'user_limit'
 'user_limit' 'user_limit' 'user_limit' 'user_limit' 'user_limit'
 'user_limit' 'user_limit' 'user_limit' 'user_limit' 'user_limit'
 'user_limit' 'user_limit' 'user_limit' 'user_limit' 'user_limit'
 'user_limit' 'user_limit' 'user_limit' 'user_limit' 'user_limit'
 'user_limit' 'user_limit' 'user_limit' 'user_limit' 'user_limit'
 'user_limit' 'user_limit' 'user_limit' 'user_limit' 'user_limit'
 'user_limit' 'user_limit' 'user_limit' 'user_limit' 'user_limit'
 'user_limit' 'user_limit' 'user_limit' 'user_limit' 'user_limit'
 'user_limit' 'user_limit' 'user_limit' 'user_limit' 'user_limit'
 'user_limit' 'user_limit' 'user_limit' 'user_limit' 'user_limit'
 'user_limit' 'user_limit' 'user_limit' 'user_limit' 'user_limit']","{'x_traj': array([[ 0.99656823,  0.99861495, -0.08277535, ...,  0.37099698,
         0.00361138,  0.        ],
       [ 0.99656789,  0.9986114 , -0.08277948, ...,  0.37099588,
         0.00360317,  0.        ],
       [ 0.99656755,  0.99860792, -0.08278353, ...,  0.3709948 ,
         0.00359512,  0.        ],
       ...,
       [ 0.99655329,  0.99845739, -0.08295504, ...,  0.37094898,
         0.00325622,  0.        ],
       [ 0.99655324,  0.99845685, -0.08295564, ...,  0.37094882,
         0.00325504,  0.        ],
       [ 0.99655319,  0.99845632, -0.08295624, ...,  0.37094866,
         0.00325388,  0.        ]], shape=(100, 11)), 'u_traj': array([[0., 0.],
       [0., 0.],
       [0., 0.],
       [0., 0.],
       [0., 0.],
       [0., 0.],
       [0., 0.],
       [0., 0.],
       [0., 0.],
       [0., 0.],
       [0., 0.],
       [0., 0.],
       [0., 0.],
       [0., 0.],
       [0., 0.],
       [0., 0.],
       [0., 0.],
       [0., 0.],
       [0., 0.],
       [0., 0.],
       [0., 0.],
       [0., 0.],
       [0., 0.],
       [0., 0.],
       [0., 0.],
       [0., 0.],
       [0., 0.],
       [0., 0.],
       [0., 0.],
       [0., 0.],
       [0., 0.],
       [0., 0.],
       [0., 0.],
       [0., 0.],
       [0., 0.],
       [0., 0.],
       [0., 0.],
       [0., 0.],
       [0., 0.],
       [0., 0.],
       [0., 0.],
       [0., 0.],
       [0., 0.],
       [0., 0.],
       [0., 0.],
       [0., 0.],
       [0., 0.],
       [0., 0.],
       [0., 0.],
       [0., 0.],
       [0., 0.],
       [0., 0.],
       [0., 0.],
       [0., 0.],
       [0., 0.],
       [0., 0.],
       [0., 0.],
       [0., 0.],
       [0., 0.],
       [0., 0.],
       [0., 0.],
       [0., 0.],
       [0., 0.],
       [0., 0.],
       [0., 0.],
       [0., 0.],
       [0., 0.],
       [0., 0.],
       [0., 0.],
       [0., 0.],
       [0., 0.],
       [0., 0.],
       [0., 0.],
       [0., 0.],
       [0., 0.],
       [0., 0.],
       [0., 0.],
       [0., 0.],
       [0., 0.],
       [0., 0.],
       [0., 0.],
       [0., 0.],
       [0., 0.],
       [0., 0.],
       [0., 0.],
       [0., 0.],
       [0., 0.],
       [0., 0.],
       [0., 0.],
       [0., 0.],
       [0., 0.],
       [0., 0.],
       [0., 0.],
       [0., 0.],
       [0., 0.],
       [0., 0.],
       [0., 0.],
       [0., 0.],
       [0., 0.],
       [0., 0.]]), 'target_traj': array([[0.043, 0.09 ],
       [0.043, 0.09 ],
       [0.043, 0.09 ],
       [0.043, 0.09 ],
       [0.043, 0.09 ],
       [0.043, 0.09 ],
       [0.043, 0.09 ],
       [0.043, 0.09 ],
       [0.043, 0.09 ],
       [0.043, 0.09 ],
       [0.043, 0.09 ],
       [0.043, 0.09 ],
       [0.043, 0.09 ],
       [0.043, 0.09 ],
       [0.043, 0.09 ],
       [0.043, 0.09 ],
       [0.043, 0.09 ],
       [0.043, 0.09 ],
       [0.043, 0.09 ],
       [0.043, 0.09 ],
       [0.043, 0.09 ],
       [0.043, 0.09 ],
       [0.043, 0.09 ],
       [0.043, 0.09 ],
       [0.043, 0.09 ],
       [0.043, 0.09 ],
       [0.043, 0.09 ],
       [0.043, 0.09 ],
       [0.043, 0.09 ],
       [0.043, 0.09 ],
       [0.043, 0.09 ],
       [0.043, 0.09 ],
       [0.043, 0.09 ],
       [0.043, 0.09 ],
       [0.043, 0.09 ],
       [0.043, 0.09 ],
       [0.043, 0.09 ],
       [0.043, 0.09 ],
       [0.043, 0.09 ],
       [0.043, 0.09 ],
       [0.043, 0.09 ],
       [0.043, 0.09 ],
       [0.043, 0.09 ],
       [0.043, 0.09 ],
       [0.043, 0.09 ],
       [0.043, 0.09 ],
       [0.043, 0.09 ],
       [0.043, 0.09 ],
       [0.043, 0.09 ],
       [0.043, 0.09 ],
       [0.043, 0.09 ],
       [0.043, 0.09 ],
       [0.043, 0.09 ],
       [0.043, 0.09 ],
       [0.043, 0.09 ],
       [0.043, 0.09 ],
       [0.043, 0.09 ],
       [0.043, 0.09 ],
       [0.043, 0.09 ],
       [0.043, 0.09 ],
       [0.043, 0.09 ],
       [0.043, 0.09 ],
       [0.043, 0.09 ],
       [0.043, 0.09 ],
       [0.043, 0.09 ],
       [0.043, 0.09 ],
       [0.043, 0.09 ],
       [0.043, 0.09 ],
       [0.043, 0.09 ],
       [0.043, 0.09 ],
       [0.043, 0.09 ],
       [0.043, 0.09 ],
       [0.043, 0.09 ],
       [0.043, 0.09 ],
       [0.043, 0.09 ],
       [0.043, 0.09 ],
       [0.043, 0.09 ],
       [0.043, 0.09 ],
       [0.043, 0.09 ],
       [0.043, 0.09 ],
       [0.043, 0.09 ],
       [0.043, 0.09 ],
       [0.043, 0.09 ],
       [0.043, 0.09 ],
       [0.043, 0.09 ],
       [0.043, 0.09 ],
       [0.043, 0.09 ],
       [0.043, 0.09 ],
       [0.043, 0.09 ],
       [0.043, 0.09 ],
       [0.043, 0.09 ],
       [0.043, 0.09 ],
       [0.043, 0.09 ],
       [0.043, 0.09 ],
       [0.043, 0.09 ],
       [0.043, 0.09 ],
       [0.043, 0.09 ],
       [0.043, 0.09 ],
       [0.043, 0.09 ],
       [0.043, 0.09 ]]), 'err': array([0.20059805, 0.20060177, 0.20060542, 0.200609  , 0.2006125 ,
       0.20061594, 0.20061931, 0.20062261, 0.20062585, 0.20062902,
       0.20063213, 0.20063518, 0.20063816, 0.20064109, 0.20064396,
       0.20064677, 0.20064953, 0.20065223, 0.20065488, 0.20065748,
       0.20066002, 0.20066252, 0.20066496, 0.20066736, 0.20066971,
       0.20067201, 0.20067427, 0.20067648, 0.20067865, 0.20068078,
       0.20068286, 0.2006849 , 0.2006869 , 0.20068886, 0.20069079,
       0.20069267, 0.20069452, 0.20069633, 0.20069811, 0.20069985,
       0.20070155, 0.20070322, 0.20070486, 0.20070647, 0.20070804,
       0.20070958, 0.2007111 , 0.20071258, 0.20071403, 0.20071546,
       0.20071685, 0.20071822, 0.20071956, 0.20072088, 0.20072217,
       0.20072343, 0.20072467, 0.20072588, 0.20072707, 0.20072824,
       0.20072938, 0.2007305 , 0.2007316 , 0.20073268, 0.20073373,
       0.20073477, 0.20073578, 0.20073678, 0.20073775, 0.2007387 ,
       0.20073964, 0.20074056, 0.20074146, 0.20074234, 0.2007432 ,
       0.20074405, 0.20074488, 0.20074569, 0.20074649, 0.20074727,
       0.20074804, 0.20074879, 0.20074953, 0.20075025, 0.20075096,
       0.20075165, 0.20075233, 0.20075299, 0.20075365, 0.20075429,
       0.20075492, 0.20075553, 0.20075613, 0.20075672, 0.2007573 ,
       0.20075787, 0.20075843, 0.20075897, 0.20075951, 0.20076003])}"
3,fixed_k,iid,100,90,10.617474151254687,"[0.91097062 1.25721408 1.33077631 1.33501958 1.31908222 1.32719674
 1.32662903 1.32132553 1.31748443 1.32748027 1.32782182 1.32738677
 1.33323887 1.32386172 1.32876385 1.32524384 1.32832649 1.31947449
 1.3295539  1.32427778 1.32568541 1.32923453 1.32739406 1.32925744
 1.32378543 1.33502009 1.33560997 1.3293419  1.32949685 1.33164339
 1.33629989 1.32919368 1.32463493 1.32631372 1.33123479 1.3251665
 1.32998013 1.32726662 1.32770709 1.32200189 1.32568991 1.32341527
 1.32132625 1.33029416 1.32924963 1.3269057  1.32499281 1.32731129
 1.3330447  1.31908129 1.32880967 1.32198775 1.33320428 1.32276513
 1.32434961 1.32654301 1.32201184 1.33036006 1.32512252 1.32674467
 1.32490373 1.33312619 1.33421231 1.33299695 1.33278706 1.32279564
 1.34749151 1.32105463 1.33392772 1.32363059 1.33645314 1.32540928
 1.32933413 1.32098759 1.33019049 1.32365358 1.32928963 1.32493019
 1.32575776 1.3297327  1.3279118  1.32792629 1.32779421 1.32675473
 1.3261212  1.32619771 1.31508475 1.33307084 1.32664325 1.3262002
 1.32194365 1.32491817 1.33326191 1.33251347 1.34547784 1.32649812
 1.32741238 1.33793635 1.30788977 1.32106627]",0.1611282726294963,0.2007039297816959,0,"[528.25426124 518.76015309 518.89422536 518.61257944 521.71308827
 523.82295486 520.86891886 521.97413892 519.75294482 520.31151764
 525.8075688  523.08067307 520.82397044 526.58071555 520.13226505
 527.67987084 522.43175637 520.38483322 521.20850794 518.22477579
 524.19481054 520.94063442 522.5068992  520.33311501 519.42191273
 526.0544531  522.74448983 519.88343615 521.68715745 522.80257922
 526.17965359 522.09659386 523.08910526 524.61878117 527.01385319
 523.60156178 519.96812783 523.20757043 517.426298   519.5251815
 528.7850881  521.34049777 526.43352188 521.2847339  525.38641728
 528.31071522 521.09335177 521.92019578 527.51903702 519.97125894
 526.50803886 523.02917466 522.25261554 522.03690726 517.19671115
 529.085394   518.6696304  529.37926538 522.00606279 531.60812892
 524.70693924 520.07092442 522.25089166 524.02576338 520.88238206
 518.17738637 528.38269714 523.91704451 520.43940406 523.53717387
 518.52055453 518.92955415 518.91846023 525.07806104 521.42585628
 521.28157299 517.21246168 521.44027874 520.00903804 522.81822637
 521.12761326 517.03364495 522.62474876 521.77040931 529.54387851
 521.74933907 520.77773772 522.14955073 522.22508844 524.04772677
 521.39095124 523.132395   521.26025595 520.77612095 524.04494863
 524.23959039 530.00313323 520.63668799 522.04030007 526.75142232]",0,0,"[2.65541997e-04 2.42508519e-04 2.02414169e-04 7.64484800e-05
 1.82770117e-04 1.19996309e-04 2.26371251e-04 1.69670004e-04
 1.31827766e-04 1.25690157e-04 4.88106970e-05 2.17839789e-04
 2.09266478e-04 1.55514583e-04 1.81721594e-04 2.20722008e-04
 1.92776501e-04 1.82074157e-04 2.49462550e-04 1.94623255e-04
 1.61732845e-04 1.77495617e-04 6.19712050e-05 1.19195799e-04
 5.58839559e-05 1.10146708e-04 2.18270017e-05 1.03071106e-04
 1.65821264e-04 2.17172991e-04 2.61451030e-04 1.61706870e-04
 5.77092876e-05 1.27131058e-04 1.40443062e-04 2.10394847e-04
 2.46860779e-04 2.02775571e-04 2.56654985e-04 1.89091174e-04
 1.73136436e-04 1.82991002e-04 1.12637155e-04 1.08815129e-04
 2.10273537e-04 1.45365375e-04 1.50020093e-04 1.96241337e-04
 2.38995601e-04 1.59698078e-04 1.56792376e-04 2.31509227e-04
 1.88118387e-04 1.84520421e-04 1.08185929e-04 1.83084284e-04
 1.09298272e-04 1.05466384e-04 2.20781078e-04 1.50498379e-04
 5.58896021e-05 1.24871855e-04 1.39450947e-04 6.84905975e-05
 1.62957111e-04 1.69636344e-04 8.15982567e-05 2.10526959e-04
 1.92420342e-04 2.16265021e-04 1.49476029e-04 2.14827972e-04
 2.36366246e-04 1.75877965e-04 1.35737558e-04 1.61466788e-04
 1.20995243e-04 1.28330188e-04 5.79859521e-05 1.15333549e-04
 2.67814468e-05 1.19818100e-04 5.54353625e-05 2.11482916e-04
 2.52876187e-04 7.66947371e-05 2.05914513e-04 1.08247326e-04
 1.99353162e-04 1.42098286e-04 1.53598594e-04 2.14803858e-04
 1.73115361e-04 1.54861387e-04 1.00725334e-04 1.01540649e-04
 8.24617301e-05 3.91816783e-05 2.51415531e-04 7.99508454e-05]","['user_limit' 'user_limit' 'user_limit' 'user_limit' 'user_limit'
 'user_limit' 'user_limit' 'user_limit' 'user_limit' 'user_limit'
 'user_limit' 'user_limit' 'user_limit' 'user_limit' 'user_limit'
 'user_limit' 'user_limit' 'user_limit' 'user_limit' 'user_limit'
 'user_limit' 'user_limit' 'user_limit' 'user_limit' 'user_limit'
 'user_limit' 'user_limit' 'user_limit' 'user_limit' 'user_limit'
 'user_limit' 'user_limit' 'user_limit' 'user_limit' 'user_limit'
 'user_limit' 'user_limit' 'user_limit' 'user_limit' 'user_limit'
 'user_limit' 'user_limit' 'user_limit' 'user_limit' 'user_limit'
 'user_limit' 'user_limit' 'user_limit' 'user_limit' 'user_limit'
 'user_limit' 'user_limit' 'user_limit' 'user_limit' 'user_limit'
 'user_limit' 'user_limit' 'user_limit' 'user_limit' 'user_limit'
 'user_limit' 'user_limit' 'user_limit' 'user_limit' 'user_limit'
 'user_limit' 'user_limit' 'user_limit' 'user_limit' 'user_limit'
 'user_limit' 'user_limit' 'user_limit' 'user_limit' 'user_limit'
 'user_limit' 'user_limit' 'user_limit' 'user_limit' 'user_limit'
 'user_limit' 'user_limit' 'user_limit' 'user_limit' 'user_limit'
 'user_limit' 'user_limit' 'user_limit' 'user_limit' 'user_limit'
 'user_limit' 'user_limit' 'user_limit' 'user_limit' 'user_limit'
 'user_limit' 'user_limit' 'user_limit' 'user_limit' 'user_limit']","{'x_traj': array([[ 0.99656823,  0.99861495, -0.08277535, ...,  0.37099698,
         0.00361138,  0.        ],
       [ 0.99656789,  0.9986114 , -0.08277948, ...,  0.37099588,
         0.00360317,  0.        ],
       [ 0.99656755,  0.99860792, -0.08278353, ...,  0.3709948 ,
         0.00359512,  0.        ],
       ...,
       [ 0.99655329,  0.99845739, -0.08295504, ...,  0.37094898,
         0.00325622,  0.        ],
       [ 0.99655324,  0.99845685, -0.08295564, ...,  0.37094882,
         0.00325504,  0.        ],
       [ 0.99655319,  0.99845632, -0.08295624, ...,  0.37094866,
         0.00325388,  0.        ]], shape=(100, 11)), 'u_traj': array([[0., 0.],
       [0., 0.],
       [0., 0.],
       [0., 0.],
       [0., 0.],
       [0., 0.],
       [0., 0.],
       [0., 0.],
       [0., 0.],
       [0., 0.],
       [0., 0.],
       [0., 0.],
       [0., 0.],
       [0., 0.],
       [0., 0.],
       [0., 0.],
       [0., 0.],
       [0., 0.],
       [0., 0.],
       [0., 0.],
       [0., 0.],
       [0., 0.],
       [0., 0.],
       [0., 0.],
       [0., 0.],
       [0., 0.],
       [0., 0.],
       [0., 0.],
       [0., 0.],
       [0., 0.],
       [0., 0.],
       [0., 0.],
       [0., 0.],
       [0., 0.],
       [0., 0.],
       [0., 0.],
       [0., 0.],
       [0., 0.],
       [0., 0.],
       [0., 0.],
       [0., 0.],
       [0., 0.],
       [0., 0.],
       [0., 0.],
       [0., 0.],
       [0., 0.],
       [0., 0.],
       [0., 0.],
       [0., 0.],
       [0., 0.],
       [0., 0.],
       [0., 0.],
       [0., 0.],
       [0., 0.],
       [0., 0.],
       [0., 0.],
       [0., 0.],
       [0., 0.],
       [0., 0.],
       [0., 0.],
       [0., 0.],
       [0., 0.],
       [0., 0.],
       [0., 0.],
       [0., 0.],
       [0., 0.],
       [0., 0.],
       [0., 0.],
       [0., 0.],
       [0., 0.],
       [0., 0.],
       [0., 0.],
       [0., 0.],
       [0., 0.],
       [0., 0.],
       [0., 0.],
       [0., 0.],
       [0., 0.],
       [0., 0.],
       [0., 0.],
       [0., 0.],
       [0., 0.],
       [0., 0.],
       [0., 0.],
       [0., 0.],
       [0., 0.],
       [0., 0.],
       [0., 0.],
       [0., 0.],
       [0., 0.],
       [0., 0.],
       [0., 0.],
       [0., 0.],
       [0., 0.],
       [0., 0.],
       [0., 0.],
       [0., 0.],
       [0., 0.],
       [0., 0.],
       [0., 0.]]), 'target_traj': array([[0.043, 0.09 ],
       [0.043, 0.09 ],
       [0.043, 0.09 ],
       [0.043, 0.09 ],
       [0.043, 0.09 ],
       [0.043, 0.09 ],
       [0.043, 0.09 ],
       [0.043, 0.09 ],
       [0.043, 0.09 ],
       [0.043, 0.09 ],
       [0.043, 0.09 ],
       [0.043, 0.09 ],
       [0.043, 0.09 ],
       [0.043, 0.09 ],
       [0.043, 0.09 ],
       [0.043, 0.09 ],
       [0.043, 0.09 ],
       [0.043, 0.09 ],
       [0.043, 0.09 ],
       [0.043, 0.09 ],
       [0.043, 0.09 ],
       [0.043, 0.09 ],
       [0.043, 0.09 ],
       [0.043, 0.09 ],
       [0.043, 0.09 ],
       [0.043, 0.09 ],
       [0.043, 0.09 ],
       [0.043, 0.09 ],
       [0.043, 0.09 ],
       [0.043, 0.09 ],
       [0.043, 0.09 ],
       [0.043, 0.09 ],
       [0.043, 0.09 ],
       [0.043, 0.09 ],
       [0.043, 0.09 ],
       [0.043, 0.09 ],
       [0.043, 0.09 ],
       [0.043, 0.09 ],
       [0.043, 0.09 ],
       [0.043, 0.09 ],
       [0.043, 0.09 ],
       [0.043, 0.09 ],
       [0.043, 0.09 ],
       [0.043, 0.09 ],
       [0.043, 0.09 ],
       [0.043, 0.09 ],
       [0.043, 0.09 ],
       [0.043, 0.09 ],
       [0.043, 0.09 ],
       [0.043, 0.09 ],
       [0.043, 0.09 ],
       [0.043, 0.09 ],
       [0.043, 0.09 ],
       [0.043, 0.09 ],
       [0.043, 0.09 ],
       [0.043, 0.09 ],
       [0.043, 0.09 ],
       [0.043, 0.09 ],
       [0.043, 0.09 ],
       [0.043, 0.09 ],
       [0.043, 0.09 ],
       [0.043, 0.09 ],
       [0.043, 0.09 ],
       [0.043, 0.09 ],
       [0.043, 0.09 ],
       [0.043, 0.09 ],
       [0.043, 0.09 ],
       [0.043, 0.09 ],
       [0.043, 0.09 ],
       [0.043, 0.09 ],
       [0.043, 0.09 ],
       [0.043, 0.09 ],
       [0.043, 0.09 ],
       [0.043, 0.09 ],
       [0.043, 0.09 ],
       [0.043, 0.09 ],
       [0.043, 0.09 ],
       [0.043, 0.09 ],
       [0.043, 0.09 ],
       [0.043, 0.09 ],
       [0.043, 0.09 ],
       [0.043, 0.09 ],
       [0.043, 0.09 ],
       [0.043, 0.09 ],
       [0.043, 0.09 ],
       [0.043, 0.09 ],
       [0.043, 0.09 ],
       [0.043, 0.09 ],
       [0.043, 0.09 ],
       [0.043, 0.09 ],
       [0.043, 0.09 ],
       [0.043, 0.09 ],
       [0.043, 0.09 ],
       [0.043, 0.09 ],
       [0.043, 0.09 ],
       [0.043, 0.09 ],
       [0.043, 0.09 ],
       [0.043, 0.09 ],
       [0.043, 0.09 ],
       [0.043, 0.09 ]]), 'err': array([0.20059805, 0.20060177, 0.20060542, 0.200609  , 0.2006125 ,
       0.20061594, 0.20061931, 0.20062261, 0.20062585, 0.20062902,
       0.20063213, 0.20063518, 0.20063816, 0.20064109, 0.20064396,
       0.20064677, 0.20064953, 0.20065223, 0.20065488, 0.20065748,
       0.20066002, 0.20066252, 0.20066496, 0.20066736, 0.20066971,
       0.20067201, 0.20067427, 0.20067648, 0.20067865, 0.20068078,
       0.20068286, 0.2006849 , 0.2006869 , 0.20068886, 0.20069079,
       0.20069267, 0.20069452, 0.20069633, 0.20069811, 0.20069985,
       0.20070155, 0.20070322, 0.20070486, 0.20070647, 0.20070804,
       0.20070958, 0.2007111 , 0.20071258, 0.20071403, 0.20071546,
       0.20071685, 0.20071822, 0.20071956, 0.20072088, 0.20072217,
       0.20072343, 0.20072467, 0.20072588, 0.20072707, 0.20072824,
       0.20072938, 0.2007305 , 0.2007316 , 0.20073268, 0.20073373,
       0.20073477, 0.20073578, 0.20073678, 0.20073775, 0.2007387 ,
       0.20073964, 0.20074056, 0.20074146, 0.20074234, 0.2007432 ,
       0.20074405, 0.20074488, 0.20074569, 0.20074649, 0.20074727,
       0.20074804, 0.20074879, 0.20074953, 0.20075025, 0.20075096,
       0.20075165, 0.20075233, 0.20075299, 0.20075365, 0.20075429,
       0.20075492, 0.20075553, 0.20075613, 0.20075672, 0.2007573 ,
       0.20075787, 0.20075843, 0.20075897, 0.20075951, 0.20076003])}"
4,fixed_k,iid,100,10,10.617474151254687,"[0.8981701  1.25692646 1.23840077 1.30239211 1.30302736 1.28807249
 1.31270566 1.30268309 1.29409606 1.31396589 1.30169902 1.29530068
 1.31792817 1.30181819 1.29340175 1.30810866 1.30209927 1.29420047
 1.30927923 1.3021228  1.29368189 1.30939597 1.3021228  1.29368189
 1.30939597 1.3021228  1.29368189 1.30939597 1.3021228  1.29368189
 1.30939597 1.3021228  1.29368189 1.30939597 1.3021228  1.29368189
 1.30939597 1.3021228  1.29368189 1.30939597 1.30332086 1.29443804
 1.30926662 1.30246081 1.2945202  1.31743917 1.30233182 1.29455538
 1.30320812 1.30223856 1.29391906 1.30068223 1.30572276 1.30350747
 1.29787207 1.31539418 1.30189646 1.29360381 1.30610387 1.30695863
 1.29669964 1.30729021 1.30007486 1.30326808 1.29555043 1.31539418
 1.30189646 1.29360381 1.30610387 1.30695863 1.29669964 1.30729021
 1.30007486 1.3036578  1.29554876 1.30913253 1.3021228  1.29368189
 1.30939597 1.30351429 1.29408393 1.3087764  1.3040437  1.29479456
 1.31550991 1.30140089 1.29463137 1.30472556 1.30544636 1.29463137
 1.30472556 1.30544636 1.29463137 1.30472556 1.30544636 1.29463137
 1.30472556 1.30544636 1.29463137 1.30472556]",0.13058108081697326,0.1806800181826324,0,"[523.82495999 522.83914667 523.15199468 523.01997691 521.68100141
 517.58156624 517.31112506 523.42596371 524.51003902 518.46360415
 522.3501306  519.9621357  526.49441548 520.69164068 522.10623492
 523.66285026 521.13565337 528.99891511 521.58270869 525.40097013
 523.45374227 519.70243454 524.15974624 522.13774342 521.79401834
 519.7450025  523.37956615 525.82501713 522.35876024 523.88776094
 526.93416737 520.3016419  526.02899354 523.38779159 521.71479724
 525.88354331 521.65361773 526.81717183 520.74105758 520.70641983
 522.22553734 524.89564661 527.26037707 520.84223274 521.59046102
 522.72012737 519.19235941 525.44114832 522.79500477 519.15937476
 518.30671821 521.47349156 528.01088709 524.47662316 525.86827334
 520.30191571 525.70733335 527.76913904 520.19249462 523.45673554
 519.85853538 519.55682319 530.12265544 523.51830807 519.87139508
 522.06753567 519.85255722 527.0576328  517.70378742 519.49728001
 525.39616264 523.19420967 525.74338391 519.73926928 528.56341191
 520.29607259 521.10346407 525.54977406 522.42743783 523.87819439
 520.30926943 524.04544037 524.2678849  521.07110992 521.98379301
 529.5226844  524.10009131 518.07687618 529.22462672 522.93226402
 523.93658273 526.63984429 526.03389788 519.03557032 522.54170366
 520.1631356  529.89912499 523.03509135 520.3463221  523.4094793 ]",0,0,"[1.47741691e-04 1.59128522e-04 1.06228393e-04 5.68597200e-05
 1.93041370e-04 1.42365537e-04 1.77219750e-04 1.84590280e-04
 1.93905336e-04 1.93678283e-04 1.89979433e-04 1.93100918e-04
 1.92983766e-04 1.82385573e-04 1.94061224e-04 1.94178979e-04
 1.89902295e-04 1.92334474e-04 1.93537640e-04 1.89476548e-04
 1.93013462e-04 1.93753118e-04 1.89476470e-04 1.93276809e-04
 1.93751631e-04 1.89476448e-04 1.93549906e-04 1.93749507e-04
 1.89476481e-04 1.93755306e-04 1.93747453e-04 1.89476352e-04
 1.93956561e-04 1.93745256e-04 1.89476200e-04 1.94037704e-04
 1.93743212e-04 1.89475997e-04 1.93977782e-04 1.93740799e-04
 1.89614446e-04 1.92072347e-04 1.93974503e-04 1.93799599e-04
 1.92530290e-04 1.91535587e-04 1.93401580e-04 1.82095330e-04
 1.83335781e-04 1.93600484e-04 1.80641191e-04 1.88795235e-04
 1.95500026e-04 1.94789127e-04 1.91519392e-04 1.92377058e-04
 1.82517595e-04 1.93126255e-04 1.93981002e-04 1.95110914e-04
 1.85185737e-04 1.81701373e-04 1.94597918e-04 1.94974637e-04
 1.91170638e-04 1.92356847e-04 1.82510864e-04 1.93112003e-04
 1.93969926e-04 1.95490490e-04 1.85214007e-04 1.81691626e-04
 1.94580620e-04 1.94630705e-04 1.92404304e-04 1.92338929e-04
 1.89472847e-04 1.93313065e-04 1.93711161e-04 1.95566390e-04
 1.92369947e-04 1.93496064e-04 1.95376286e-04 1.91825003e-04
 1.81934235e-04 1.94619666e-04 1.93163920e-04 1.81411070e-04
 1.94378000e-04 1.93186242e-04 1.81407862e-04 1.94376315e-04
 1.93207646e-04 1.81404868e-04 1.94374806e-04 1.93227877e-04
 1.81401991e-04 1.94373646e-04 1.93246812e-04 1.81399317e-04]","['user_limit' 'user_limit' 'user_limit' 'user_limit' 'user_limit'
 'user_limit' 'user_limit' 'user_limit' 'user_limit' 'user_limit'
 'user_limit' 'user_limit' 'user_limit' 'user_limit' 'user_limit'
 'user_limit' 'user_limit' 'user_limit' 'user_limit' 'user_limit'
 'user_limit' 'user_limit' 'user_limit' 'user_limit' 'user_limit'
 'user_limit' 'user_limit' 'user_limit' 'user_limit' 'user_limit'
 'user_limit' 'user_limit' 'user_limit' 'user_limit' 'user_limit'
 'user_limit' 'user_limit' 'user_limit' 'user_limit' 'user_limit'
 'user_limit' 'user_limit' 'user_limit' 'user_limit' 'user_limit'
 'user_limit' 'user_limit' 'user_limit' 'user_limit' 'user_limit'
 'user_limit' 'user_limit' 'user_limit' 'user_limit' 'user_limit'
 'user_limit' 'user_limit' 'user_limit' 'user_limit' 'user_limit'
 'user_limit' 'user_limit' 'user_limit' 'user_limit' 'user_limit'
 'user_limit' 'user_limit' 'user_limit' 'user_limit' 'user_limit'
 'user_limit' 'user_limit' 'user_limit' 'user_limit' 'user_limit'
 'user_limit' 'user_limit' 'user_limit' 'user_limit' 'user_limit'
 'user_limit' 'user_limit' 'user_limit' 'user_limit' 'user_limit'
 'user_limit' 'user_limit' 'user_limit' 'user_limit' 'user_limit'
 'user_limit' 'user_limit' 'user_limit' 'user_limit' 'user_limit'
 'user_limit' 'user_limit' 'user_limit' 'user_limit' 'user_limit']","{'x_traj': array([[0.99607659, 0.99999743, 0.0884953 , ..., 0.16621142, 0.06823758,
        0.        ],
       [0.9960713 , 0.99999758, 0.08855485, ..., 0.16621093, 0.06824303,
        0.        ],
       [0.99606611, 0.99999771, 0.08861322, ..., 0.16621046, 0.06824836,
        0.        ],
       ...,
       [0.99584438, 0.99999986, 0.09107128, ..., 0.16619019, 0.06847325,
        0.        ],
       [0.99584359, 0.99999986, 0.09107985, ..., 0.16619012, 0.06847403,
        0.        ],
       [0.99584282, 0.99999985, 0.09108824, ..., 0.16619005, 0.0684748 ,
        0.        ]], shape=(100, 11)), 'u_traj': array([[0., 0.],
       [0., 0.],
       [0., 0.],
       [0., 0.],
       [0., 0.],
       [0., 0.],
       [0., 0.],
       [0., 0.],
       [0., 0.],
       [0., 0.],
       [0., 0.],
       [0., 0.],
       [0., 0.],
       [0., 0.],
       [0., 0.],
       [0., 0.],
       [0., 0.],
       [0., 0.],
       [0., 0.],
       [0., 0.],
       [0., 0.],
       [0., 0.],
       [0., 0.],
       [0., 0.],
       [0., 0.],
       [0., 0.],
       [0., 0.],
       [0., 0.],
       [0., 0.],
       [0., 0.],
       [0., 0.],
       [0., 0.],
       [0., 0.],
       [0., 0.],
       [0., 0.],
       [0., 0.],
       [0., 0.],
       [0., 0.],
       [0., 0.],
       [0., 0.],
       [0., 0.],
       [0., 0.],
       [0., 0.],
       [0., 0.],
       [0., 0.],
       [0., 0.],
       [0., 0.],
       [0., 0.],
       [0., 0.],
       [0., 0.],
       [0., 0.],
       [0., 0.],
       [0., 0.],
       [0., 0.],
       [0., 0.],
       [0., 0.],
       [0., 0.],
       [0., 0.],
       [0., 0.],
       [0., 0.],
       [0., 0.],
       [0., 0.],
       [0., 0.],
       [0., 0.],
       [0., 0.],
       [0., 0.],
       [0., 0.],
       [0., 0.],
       [0., 0.],
       [0., 0.],
       [0., 0.],
       [0., 0.],
       [0., 0.],
       [0., 0.],
       [0., 0.],
       [0., 0.],
       [0., 0.],
       [0., 0.],
       [0., 0.],
       [0., 0.],
       [0., 0.],
       [0., 0.],
       [0., 0.],
       [0., 0.],
       [0., 0.],
       [0., 0.],
       [0., 0.],
       [0., 0.],
       [0., 0.],
       [0., 0.],
       [0., 0.],
       [0., 0.],
       [0., 0.],
       [0., 0.],
       [0., 0.],
       [0., 0.],
       [0., 0.],
       [0., 0.],
       [0., 0.],
       [0., 0.]]), 'target_traj': array([[0.043, 0.09 ],
       [0.043, 0.09 ],
       [0.043, 0.09 ],
       [0.043, 0.09 ],
       [0.043, 0.09 ],
       [0.043, 0.09 ],
       [0.043, 0.09 ],
       [0.043, 0.09 ],
       [0.043, 0.09 ],
       [0.043, 0.09 ],
       [0.043, 0.09 ],
       [0.043, 0.09 ],
       [0.043, 0.09 ],
       [0.043, 0.09 ],
       [0.043, 0.09 ],
       [0.043, 0.09 ],
       [0.043, 0.09 ],
       [0.043, 0.09 ],
       [0.043, 0.09 ],
       [0.043, 0.09 ],
       [0.043, 0.09 ],
       [0.043, 0.09 ],
       [0.043, 0.09 ],
       [0.043, 0.09 ],
       [0.043, 0.09 ],
       [0.043, 0.09 ],
       [0.043, 0.09 ],
       [0.043, 0.09 ],
       [0.043, 0.09 ],
       [0.043, 0.09 ],
       [0.043, 0.09 ],
       [0.043, 0.09 ],
       [0.043, 0.09 ],
       [0.043, 0.09 ],
       [0.043, 0.09 ],
       [0.043, 0.09 ],
       [0.043, 0.09 ],
       [0.043, 0.09 ],
       [0.043, 0.09 ],
       [0.043, 0.09 ],
       [0.043, 0.09 ],
       [0.043, 0.09 ],
       [0.043, 0.09 ],
       [0.043, 0.09 ],
       [0.043, 0.09 ],
       [0.043, 0.09 ],
       [0.043, 0.09 ],
       [0.043, 0.09 ],
       [0.043, 0.09 ],
       [0.043, 0.09 ],
       [0.043, 0.09 ],
       [0.043, 0.09 ],
       [0.043, 0.09 ],
       [0.043, 0.09 ],
       [0.043, 0.09 ],
       [0.043, 0.09 ],
       [0.043, 0.09 ],
       [0.043, 0.09 ],
       [0.043, 0.09 ],
       [0.043, 0.09 ],
       [0.043, 0.09 ],
       [0.043, 0.09 ],
       [0.043, 0.09 ],
       [0.043, 0.09 ],
       [0.043, 0.09 ],
       [0.043, 0.09 ],
       [0.043, 0.09 ],
       [0.043, 0.09 ],
       [0.043, 0.09 ],
       [0.043, 0.09 ],
       [0.043, 0.09 ],
       [0.043, 0.09 ],
       [0.043, 0.09 ],
       [0.043, 0.09 ],
       [0.043, 0.09 ],
       [0.043, 0.09 ],
       [0.043, 0.09 ],
       [0.043, 0.09 ],
       [0.043, 0.09 ],
       [0.043, 0.09 ],
       [0.043, 0.09 ],
       [0.043, 0.09 ],
       [0.043, 0.09 ],
       [0.043, 0.09 ],
       [0.043, 0.09 ],
       [0.043, 0.09 ],
       [0.043, 0.09 ],
       [0.043, 0.09 ],
       [0.043, 0.09 ],
       [0.043, 0.09 ],
       [0.043, 0.09 ],
       [0.043, 0.09 ],
       [0.043, 0.09 ],
       [0.043, 0.09 ],
       [0.043, 0.09 ],
       [0.043, 0.09 ],
       [0.043, 0.09 ],
       [0.043, 0.09 ],
       [0.043, 0.09 ],
       [0.043, 0.09 ]]), 'err': array([0.18075376, 0.18075117, 0.18074864, 0.18074615, 0.18074372,
       0.18074133, 0.18073898, 0.18073669, 0.18073444, 0.18073223,
       0.18073007, 0.18072795, 0.18072587, 0.18072383, 0.18072184,
       0.18071988, 0.18071796, 0.18071608, 0.18071423, 0.18071243,
       0.18071065, 0.18070892, 0.18070721, 0.18070554, 0.18070391,
       0.1807023 , 0.18070073, 0.18069919, 0.18069768, 0.18069619,
       0.18069474, 0.18069332, 0.18069192, 0.18069056, 0.18068921,
       0.1806879 , 0.18068661, 0.18068535, 0.18068411, 0.1806829 ,
       0.18068171, 0.18068054, 0.1806794 , 0.18067828, 0.18067718,
       0.1806761 , 0.18067504, 0.18067401, 0.18067299, 0.180672  ,
       0.18067102, 0.18067007, 0.18066913, 0.18066821, 0.18066731,
       0.18066643, 0.18066557, 0.18066472, 0.18066389, 0.18066307,
       0.18066227, 0.18066149, 0.18066072, 0.18065997, 0.18065923,
       0.18065851, 0.1806578 , 0.18065711, 0.18065643, 0.18065576,
       0.18065511, 0.18065446, 0.18065384, 0.18065322, 0.18065261,
       0.18065202, 0.18065144, 0.18065087, 0.18065032, 0.18064977,
       0.18064923, 0.18064871, 0.18064819, 0.18064769, 0.18064719,
       0.18064671, 0.18064623, 0.18064577, 0.18064531, 0.18064486,
       0.18064442, 0.18064399, 0.18064357, 0.18064316, 0.18064275,
       0.18064235, 0.18064196, 0.18064158, 0.18064121, 0.18064084])}"
4,fixed_k,iid,100,20,10.617474151254687,"[0.8981701  1.25692646 1.23840077 1.30239211 1.30302736 1.28807249
 1.31270566 1.30268309 1.29409606 1.31396589 1.30169902 1.29530068
 1.31792817 1.30181819 1.29340175 1.30810866 1.30209927 1.29420047
 1.30927923 1.3021228  1.29368189 1.30939597 1.3021228  1.29368189
 1.30939597 1.3021228  1.29368189 1.30939597 1.3021228  1.29368189
 1.30939597 1.3021228  1.29368189 1.30939597 1.3021228  1.29368189
 1.30939597 1.3021228  1.29368189 1.30939597 1.30332086 1.29443804
 1.30926662 1.30246081 1.2945202  1.31743917 1.30233182 1.29455538
 1.30320812 1.30223856 1.29391906 1.30068223 1.30572276 1.30350747
 1.29787207 1.31539418 1.30189646 1.29360381 1.30610387 1.30695863
 1.29669964 1.30729021 1.30007486 1.30326808 1.29555043 1.31539418
 1.30189646 1.29360381 1.30610387 1.30695863 1.29669964 1.30729021
 1.30007486 1.3036578  1.29554876 1.30913253 1.3021228  1.29368189
 1.30939597 1.30351429 1.29408393 1.3087764  1.3040437  1.29479456
 1.31550991 1.30140089 1.29463137 1.30472556 1.30544636 1.29463137
 1.30472556 1.30544636 1.29463137 1.30472556 1.30544636 1.29463137
 1.30472556 1.30544636 1.29463137 1.30472556]",0.13058108081697326,0.1806800181826324,0,"[523.13482482 522.39171416 519.35725752 521.35395631 529.0989792
 521.06263582 522.70932682 522.63836656 520.33560351 524.88434687
 519.04709637 521.21672966 523.88031222 663.04380912 526.78436413
 519.15252209 523.14268239 521.28435951 520.34956776 528.29024941
 519.41207051 520.41767538 523.38664327 526.52653772 523.21566641
 520.48967034 519.5926223  521.6404479  519.3480961  525.62755533
 521.70690522 516.60407055 520.04337404 519.36935354 526.6144285
 519.86006182 521.95937652 520.21524403 524.5240042  528.71414553
 523.0141459  524.76305887 519.97178048 521.67738602 523.9129113
 522.87098859 520.8240794  519.82903853 520.4872163  525.22251103
 519.66638211 520.13644855 524.82572198 519.36915703 526.11467522
 519.50939    522.66900335 529.5156939  520.39475739 524.44044594
 522.13667985 520.23408003 520.26732266 524.26768932 522.85540476
 526.97633393 522.55726885 524.42935761 527.53281314 524.99224804
 524.58512783 520.93920764 520.00315208 530.07370606 527.51985192
 526.10608283 521.47895377 521.95067145 529.45199423 519.06122174
 519.19933036 522.59370033 520.30164842 524.2005242  518.20205525
 521.84924111 518.21918972 520.65864485 524.0019476  525.83712805
 518.51844788 521.76765725 526.18106268 528.65372971 520.89570649
 520.15076578 523.59611262 517.42601953 527.36224327 521.08208742]",0,0,"[1.47741691e-04 1.59128522e-04 1.06228393e-04 5.68597200e-05
 1.93041370e-04 1.42365537e-04 1.77219750e-04 1.84590280e-04
 1.93905336e-04 1.93678283e-04 1.89979433e-04 1.93100918e-04
 1.92983766e-04 1.82385573e-04 1.94061224e-04 1.94178979e-04
 1.89902295e-04 1.92334474e-04 1.93537640e-04 1.89476548e-04
 1.93013462e-04 1.93753118e-04 1.89476470e-04 1.93276809e-04
 1.93751631e-04 1.89476448e-04 1.93549906e-04 1.93749507e-04
 1.89476481e-04 1.93755306e-04 1.93747453e-04 1.89476352e-04
 1.93956561e-04 1.93745256e-04 1.89476200e-04 1.94037704e-04
 1.93743212e-04 1.89475997e-04 1.93977782e-04 1.93740799e-04
 1.89614446e-04 1.92072347e-04 1.93974503e-04 1.93799599e-04
 1.92530290e-04 1.91535587e-04 1.93401580e-04 1.82095330e-04
 1.83335781e-04 1.93600484e-04 1.80641191e-04 1.88795235e-04
 1.95500026e-04 1.94789127e-04 1.91519392e-04 1.92377058e-04
 1.82517595e-04 1.93126255e-04 1.93981002e-04 1.95110914e-04
 1.85185737e-04 1.81701373e-04 1.94597918e-04 1.94974637e-04
 1.91170638e-04 1.92356847e-04 1.82510864e-04 1.93112003e-04
 1.93969926e-04 1.95490490e-04 1.85214007e-04 1.81691626e-04
 1.94580620e-04 1.94630705e-04 1.92404304e-04 1.92338929e-04
 1.89472847e-04 1.93313065e-04 1.93711161e-04 1.95566390e-04
 1.92369947e-04 1.93496064e-04 1.95376286e-04 1.91825003e-04
 1.81934235e-04 1.94619666e-04 1.93163920e-04 1.81411070e-04
 1.94378000e-04 1.93186242e-04 1.81407862e-04 1.94376315e-04
 1.93207646e-04 1.81404868e-04 1.94374806e-04 1.93227877e-04
 1.81401991e-04 1.94373646e-04 1.93246812e-04 1.81399317e-04]","['user_limit' 'user_limit' 'user_limit' 'user_limit' 'user_limit'
 'user_limit' 'user_limit' 'user_limit' 'user_limit' 'user_limit'
 'user_limit' 'user_limit' 'user_limit' 'user_limit' 'user_limit'
 'user_limit' 'user_limit' 'user_limit' 'user_limit' 'user_limit'
 'user_limit' 'user_limit' 'user_limit' 'user_limit' 'user_limit'
 'user_limit' 'user_limit' 'user_limit' 'user_limit' 'user_limit'
 'user_limit' 'user_limit' 'user_limit' 'user_limit' 'user_limit'
 'user_limit' 'user_limit' 'user_limit' 'user_limit' 'user_limit'
 'user_limit' 'user_limit' 'user_limit' 'user_limit' 'user_limit'
 'user_limit' 'user_limit' 'user_limit' 'user_limit' 'user_limit'
 'user_limit' 'user_limit' 'user_limit' 'user_limit' 'user_limit'
 'user_limit' 'user_limit' 'user_limit' 'user_limit' 'user_limit'
 'user_limit' 'user_limit' 'user_limit' 'user_limit' 'user_limit'
 'user_limit' 'user_limit' 'user_limit' 'user_limit' 'user_limit'
 'user_limit' 'user_limit' 'user_limit' 'user_limit' 'user_limit'
 'user_limit' 'user_limit' 'user_limit' 'user_limit' 'user_limit'
 'user_limit' 'user_limit' 'user_limit' 'user_limit' 'user_limit'
 'user_limit' 'user_limit' 'user_limit' 'user_limit' 'user_limit'
 'user_limit' 'user_limit' 'user_limit' 'user_limit' 'user_limit'
 'user_limit' 'user_limit' 'user_limit' 'user_limit' 'user_limit']","{'x_traj': array([[0.99607659, 0.99999743, 0.0884953 , ..., 0.16621142, 0.06823758,
        0.        ],
       [0.9960713 , 0.99999758, 0.08855485, ..., 0.16621093, 0.06824303,
        0.        ],
       [0.99606611, 0.99999771, 0.08861322, ..., 0.16621046, 0.06824836,
        0.        ],
       ...,
       [0.99584438, 0.99999986, 0.09107128, ..., 0.16619019, 0.06847325,
        0.        ],
       [0.99584359, 0.99999986, 0.09107985, ..., 0.16619012, 0.06847403,
        0.        ],
       [0.99584282, 0.99999985, 0.09108824, ..., 0.16619005, 0.0684748 ,
        0.        ]], shape=(100, 11)), 'u_traj': array([[0., 0.],
       [0., 0.],
       [0., 0.],
       [0., 0.],
       [0., 0.],
       [0., 0.],
       [0., 0.],
       [0., 0.],
       [0., 0.],
       [0., 0.],
       [0., 0.],
       [0., 0.],
       [0., 0.],
       [0., 0.],
       [0., 0.],
       [0., 0.],
       [0., 0.],
       [0., 0.],
       [0., 0.],
       [0., 0.],
       [0., 0.],
       [0., 0.],
       [0., 0.],
       [0., 0.],
       [0., 0.],
       [0., 0.],
       [0., 0.],
       [0., 0.],
       [0., 0.],
       [0., 0.],
       [0., 0.],
       [0., 0.],
       [0., 0.],
       [0., 0.],
       [0., 0.],
       [0., 0.],
       [0., 0.],
       [0., 0.],
       [0., 0.],
       [0., 0.],
       [0., 0.],
       [0., 0.],
       [0., 0.],
       [0., 0.],
       [0., 0.],
       [0., 0.],
       [0., 0.],
       [0., 0.],
       [0., 0.],
       [0., 0.],
       [0., 0.],
       [0., 0.],
       [0., 0.],
       [0., 0.],
       [0., 0.],
       [0., 0.],
       [0., 0.],
       [0., 0.],
       [0., 0.],
       [0., 0.],
       [0., 0.],
       [0., 0.],
       [0., 0.],
       [0., 0.],
       [0., 0.],
       [0., 0.],
       [0., 0.],
       [0., 0.],
       [0., 0.],
       [0., 0.],
       [0., 0.],
       [0., 0.],
       [0., 0.],
       [0., 0.],
       [0., 0.],
       [0., 0.],
       [0., 0.],
       [0., 0.],
       [0., 0.],
       [0., 0.],
       [0., 0.],
       [0., 0.],
       [0., 0.],
       [0., 0.],
       [0., 0.],
       [0., 0.],
       [0., 0.],
       [0., 0.],
       [0., 0.],
       [0., 0.],
       [0., 0.],
       [0., 0.],
       [0., 0.],
       [0., 0.],
       [0., 0.],
       [0., 0.],
       [0., 0.],
       [0., 0.],
       [0., 0.],
       [0., 0.]]), 'target_traj': array([[0.043, 0.09 ],
       [0.043, 0.09 ],
       [0.043, 0.09 ],
       [0.043, 0.09 ],
       [0.043, 0.09 ],
       [0.043, 0.09 ],
       [0.043, 0.09 ],
       [0.043, 0.09 ],
       [0.043, 0.09 ],
       [0.043, 0.09 ],
       [0.043, 0.09 ],
       [0.043, 0.09 ],
       [0.043, 0.09 ],
       [0.043, 0.09 ],
       [0.043, 0.09 ],
       [0.043, 0.09 ],
       [0.043, 0.09 ],
       [0.043, 0.09 ],
       [0.043, 0.09 ],
       [0.043, 0.09 ],
       [0.043, 0.09 ],
       [0.043, 0.09 ],
       [0.043, 0.09 ],
       [0.043, 0.09 ],
       [0.043, 0.09 ],
       [0.043, 0.09 ],
       [0.043, 0.09 ],
       [0.043, 0.09 ],
       [0.043, 0.09 ],
       [0.043, 0.09 ],
       [0.043, 0.09 ],
       [0.043, 0.09 ],
       [0.043, 0.09 ],
       [0.043, 0.09 ],
       [0.043, 0.09 ],
       [0.043, 0.09 ],
       [0.043, 0.09 ],
       [0.043, 0.09 ],
       [0.043, 0.09 ],
       [0.043, 0.09 ],
       [0.043, 0.09 ],
       [0.043, 0.09 ],
       [0.043, 0.09 ],
       [0.043, 0.09 ],
       [0.043, 0.09 ],
       [0.043, 0.09 ],
       [0.043, 0.09 ],
       [0.043, 0.09 ],
       [0.043, 0.09 ],
       [0.043, 0.09 ],
       [0.043, 0.09 ],
       [0.043, 0.09 ],
       [0.043, 0.09 ],
       [0.043, 0.09 ],
       [0.043, 0.09 ],
       [0.043, 0.09 ],
       [0.043, 0.09 ],
       [0.043, 0.09 ],
       [0.043, 0.09 ],
       [0.043, 0.09 ],
       [0.043, 0.09 ],
       [0.043, 0.09 ],
       [0.043, 0.09 ],
       [0.043, 0.09 ],
       [0.043, 0.09 ],
       [0.043, 0.09 ],
       [0.043, 0.09 ],
       [0.043, 0.09 ],
       [0.043, 0.09 ],
       [0.043, 0.09 ],
       [0.043, 0.09 ],
       [0.043, 0.09 ],
       [0.043, 0.09 ],
       [0.043, 0.09 ],
       [0.043, 0.09 ],
       [0.043, 0.09 ],
       [0.043, 0.09 ],
       [0.043, 0.09 ],
       [0.043, 0.09 ],
       [0.043, 0.09 ],
       [0.043, 0.09 ],
       [0.043, 0.09 ],
       [0.043, 0.09 ],
       [0.043, 0.09 ],
       [0.043, 0.09 ],
       [0.043, 0.09 ],
       [0.043, 0.09 ],
       [0.043, 0.09 ],
       [0.043, 0.09 ],
       [0.043, 0.09 ],
       [0.043, 0.09 ],
       [0.043, 0.09 ],
       [0.043, 0.09 ],
       [0.043, 0.09 ],
       [0.043, 0.09 ],
       [0.043, 0.09 ],
       [0.043, 0.09 ],
       [0.043, 0.09 ],
       [0.043, 0.09 ],
       [0.043, 0.09 ]]), 'err': array([0.18075376, 0.18075117, 0.18074864, 0.18074615, 0.18074372,
       0.18074133, 0.18073898, 0.18073669, 0.18073444, 0.18073223,
       0.18073007, 0.18072795, 0.18072587, 0.18072383, 0.18072184,
       0.18071988, 0.18071796, 0.18071608, 0.18071423, 0.18071243,
       0.18071065, 0.18070892, 0.18070721, 0.18070554, 0.18070391,
       0.1807023 , 0.18070073, 0.18069919, 0.18069768, 0.18069619,
       0.18069474, 0.18069332, 0.18069192, 0.18069056, 0.18068921,
       0.1806879 , 0.18068661, 0.18068535, 0.18068411, 0.1806829 ,
       0.18068171, 0.18068054, 0.1806794 , 0.18067828, 0.18067718,
       0.1806761 , 0.18067504, 0.18067401, 0.18067299, 0.180672  ,
       0.18067102, 0.18067007, 0.18066913, 0.18066821, 0.18066731,
       0.18066643, 0.18066557, 0.18066472, 0.18066389, 0.18066307,
       0.18066227, 0.18066149, 0.18066072, 0.18065997, 0.18065923,
       0.18065851, 0.1806578 , 0.18065711, 0.18065643, 0.18065576,
       0.18065511, 0.18065446, 0.18065384, 0.18065322, 0.18065261,
       0.18065202, 0.18065144, 0.18065087, 0.18065032, 0.18064977,
       0.18064923, 0.18064871, 0.18064819, 0.18064769, 0.18064719,
       0.18064671, 0.18064623, 0.18064577, 0.18064531, 0.18064486,
       0.18064442, 0.18064399, 0.18064357, 0.18064316, 0.18064275,
       0.18064235, 0.18064196, 0.18064158, 0.18064121, 0.18064084])}"
4,fixed_k,iid,100,30,10.617474151254687,"[0.8981701  1.25692646 1.23840077 1.30239211 1.30302736 1.28807249
 1.31270566 1.30268309 1.29409606 1.31396589 1.30169902 1.29530068
 1.31792817 1.30181819 1.29340175 1.30810866 1.30209927 1.29420047
 1.30927923 1.3021228  1.29368189 1.30939597 1.3021228  1.29368189
 1.30939597 1.3021228  1.29368189 1.30939597 1.3021228  1.29368189
 1.30939597 1.3021228  1.29368189 1.30939597 1.3021228  1.29368189
 1.30939597 1.3021228  1.29368189 1.30939597 1.30332086 1.29443804
 1.30926662 1.30246081 1.2945202  1.31743917 1.30233182 1.29455538
 1.30320812 1.30223856 1.29391906 1.30068223 1.30572276 1.30350747
 1.29787207 1.31539418 1.30189646 1.29360381 1.30610387 1.30695863
 1.29669964 1.30729021 1.30007486 1.30326808 1.29555043 1.31539418
 1.30189646 1.29360381 1.30610387 1.30695863 1.29669964 1.30729021
 1.30007486 1.3036578  1.29554876 1.30913253 1.3021228  1.29368189
 1.30939597 1.30351429 1.29408393 1.3087764  1.3040437  1.29479456
 1.31550991 1.30140089 1.29463137 1.30472556 1.30544636 1.29463137
 1.30472556 1.30544636 1.29463137 1.30472556 1.30544636 1.29463137
 1.30472556 1.30544636 1.29463137 1.30472556]",0.13058108081697326,0.1806800181826324,0,"[523.545756   525.22761375 520.90004459 521.11129742 519.4442207
 525.74115526 523.30620959 523.76391739 522.55204413 526.73917823
 522.03204669 525.31274315 521.00785542 518.78940873 521.17273118
 520.46933956 527.00821962 519.49794218 519.400049   520.91644239
 522.10640721 527.85631362 519.8791679  523.6780839  526.72477718
 521.95916232 531.13290109 523.19116984 521.43572364 521.18639834
 521.26011066 526.88500471 518.62949785 524.29248672 522.03041408
 521.43267356 524.52791296 520.76391503 524.43290036 521.2831283
 518.81108247 526.2478767  526.61807369 519.84198205 524.95745197
 522.38021884 523.49281777 521.23528626 520.12310084 520.92207409
 518.77085213 522.82999083 518.00913922 522.32209314 516.62627328
 519.08205077 523.25822134 518.03569868 521.0391609  518.05581711
 525.01475997 523.03648461 523.01974595 518.12137663 520.60042042
 522.75654208 520.92021238 523.30417745 519.941587   520.36235668
 524.21321068 523.85768853 519.49365437 520.18909622 519.15115584
 524.74407107 523.28459267 521.39504161 525.02346225 527.32591145
 526.74127743 521.50006685 526.6704876  522.01197855 520.64731345
 526.86195821 520.36919631 523.28427508 521.96771652 523.77922926
 667.1739649  519.19882465 520.40942572 522.25374337 521.25322726
 523.28205295 529.11344171 524.95354135 518.79138499 522.16838114]",0,0,"[1.47741691e-04 1.59128522e-04 1.06228393e-04 5.68597200e-05
 1.93041370e-04 1.42365537e-04 1.77219750e-04 1.84590280e-04
 1.93905336e-04 1.93678283e-04 1.89979433e-04 1.93100918e-04
 1.92983766e-04 1.82385573e-04 1.94061224e-04 1.94178979e-04
 1.89902295e-04 1.92334474e-04 1.93537640e-04 1.89476548e-04
 1.93013462e-04 1.93753118e-04 1.89476470e-04 1.93276809e-04
 1.93751631e-04 1.89476448e-04 1.93549906e-04 1.93749507e-04
 1.89476481e-04 1.93755306e-04 1.93747453e-04 1.89476352e-04
 1.93956561e-04 1.93745256e-04 1.89476200e-04 1.94037704e-04
 1.93743212e-04 1.89475997e-04 1.93977782e-04 1.93740799e-04
 1.89614446e-04 1.92072347e-04 1.93974503e-04 1.93799599e-04
 1.92530290e-04 1.91535587e-04 1.93401580e-04 1.82095330e-04
 1.83335781e-04 1.93600484e-04 1.80641191e-04 1.88795235e-04
 1.95500026e-04 1.94789127e-04 1.91519392e-04 1.92377058e-04
 1.82517595e-04 1.93126255e-04 1.93981002e-04 1.95110914e-04
 1.85185737e-04 1.81701373e-04 1.94597918e-04 1.94974637e-04
 1.91170638e-04 1.92356847e-04 1.82510864e-04 1.93112003e-04
 1.93969926e-04 1.95490490e-04 1.85214007e-04 1.81691626e-04
 1.94580620e-04 1.94630705e-04 1.92404304e-04 1.92338929e-04
 1.89472847e-04 1.93313065e-04 1.93711161e-04 1.95566390e-04
 1.92369947e-04 1.93496064e-04 1.95376286e-04 1.91825003e-04
 1.81934235e-04 1.94619666e-04 1.93163920e-04 1.81411070e-04
 1.94378000e-04 1.93186242e-04 1.81407862e-04 1.94376315e-04
 1.93207646e-04 1.81404868e-04 1.94374806e-04 1.93227877e-04
 1.81401991e-04 1.94373646e-04 1.93246812e-04 1.81399317e-04]","['user_limit' 'user_limit' 'user_limit' 'user_limit' 'user_limit'
 'user_limit' 'user_limit' 'user_limit' 'user_limit' 'user_limit'
 'user_limit' 'user_limit' 'user_limit' 'user_limit' 'user_limit'
 'user_limit' 'user_limit' 'user_limit' 'user_limit' 'user_limit'
 'user_limit' 'user_limit' 'user_limit' 'user_limit' 'user_limit'
 'user_limit' 'user_limit' 'user_limit' 'user_limit' 'user_limit'
 'user_limit' 'user_limit' 'user_limit' 'user_limit' 'user_limit'
 'user_limit' 'user_limit' 'user_limit' 'user_limit' 'user_limit'
 'user_limit' 'user_limit' 'user_limit' 'user_limit' 'user_limit'
 'user_limit' 'user_limit' 'user_limit' 'user_limit' 'user_limit'
 'user_limit' 'user_limit' 'user_limit' 'user_limit' 'user_limit'
 'user_limit' 'user_limit' 'user_limit' 'user_limit' 'user_limit'
 'user_limit' 'user_limit' 'user_limit' 'user_limit' 'user_limit'
 'user_limit' 'user_limit' 'user_limit' 'user_limit' 'user_limit'
 'user_limit' 'user_limit' 'user_limit' 'user_limit' 'user_limit'
 'user_limit' 'user_limit' 'user_limit' 'user_limit' 'user_limit'
 'user_limit' 'user_limit' 'user_limit' 'user_limit' 'user_limit'
 'user_limit' 'user_limit' 'user_limit' 'user_limit' 'user_limit'
 'user_limit' 'user_limit' 'user_limit' 'user_limit' 'user_limit'
 'user_limit' 'user_limit' 'user_limit' 'user_limit' 'user_limit']","{'x_traj': array([[0.99607659, 0.99999743, 0.0884953 , ..., 0.16621142, 0.06823758,
        0.        ],
       [0.9960713 , 0.99999758, 0.08855485, ..., 0.16621093, 0.06824303,
        0.        ],
       [0.99606611, 0.99999771, 0.08861322, ..., 0.16621046, 0.06824836,
        0.        ],
       ...,
       [0.99584438, 0.99999986, 0.09107128, ..., 0.16619019, 0.06847325,
        0.        ],
       [0.99584359, 0.99999986, 0.09107985, ..., 0.16619012, 0.06847403,
        0.        ],
       [0.99584282, 0.99999985, 0.09108824, ..., 0.16619005, 0.0684748 ,
        0.        ]], shape=(100, 11)), 'u_traj': array([[0., 0.],
       [0., 0.],
       [0., 0.],
       [0., 0.],
       [0., 0.],
       [0., 0.],
       [0., 0.],
       [0., 0.],
       [0., 0.],
       [0., 0.],
       [0., 0.],
       [0., 0.],
       [0., 0.],
       [0., 0.],
       [0., 0.],
       [0., 0.],
       [0., 0.],
       [0., 0.],
       [0., 0.],
       [0., 0.],
       [0., 0.],
       [0., 0.],
       [0., 0.],
       [0., 0.],
       [0., 0.],
       [0., 0.],
       [0., 0.],
       [0., 0.],
       [0., 0.],
       [0., 0.],
       [0., 0.],
       [0., 0.],
       [0., 0.],
       [0., 0.],
       [0., 0.],
       [0., 0.],
       [0., 0.],
       [0., 0.],
       [0., 0.],
       [0., 0.],
       [0., 0.],
       [0., 0.],
       [0., 0.],
       [0., 0.],
       [0., 0.],
       [0., 0.],
       [0., 0.],
       [0., 0.],
       [0., 0.],
       [0., 0.],
       [0., 0.],
       [0., 0.],
       [0., 0.],
       [0., 0.],
       [0., 0.],
       [0., 0.],
       [0., 0.],
       [0., 0.],
       [0., 0.],
       [0., 0.],
       [0., 0.],
       [0., 0.],
       [0., 0.],
       [0., 0.],
       [0., 0.],
       [0., 0.],
       [0., 0.],
       [0., 0.],
       [0., 0.],
       [0., 0.],
       [0., 0.],
       [0., 0.],
       [0., 0.],
       [0., 0.],
       [0., 0.],
       [0., 0.],
       [0., 0.],
       [0., 0.],
       [0., 0.],
       [0., 0.],
       [0., 0.],
       [0., 0.],
       [0., 0.],
       [0., 0.],
       [0., 0.],
       [0., 0.],
       [0., 0.],
       [0., 0.],
       [0., 0.],
       [0., 0.],
       [0., 0.],
       [0., 0.],
       [0., 0.],
       [0., 0.],
       [0., 0.],
       [0., 0.],
       [0., 0.],
       [0., 0.],
       [0., 0.],
       [0., 0.]]), 'target_traj': array([[0.043, 0.09 ],
       [0.043, 0.09 ],
       [0.043, 0.09 ],
       [0.043, 0.09 ],
       [0.043, 0.09 ],
       [0.043, 0.09 ],
       [0.043, 0.09 ],
       [0.043, 0.09 ],
       [0.043, 0.09 ],
       [0.043, 0.09 ],
       [0.043, 0.09 ],
       [0.043, 0.09 ],
       [0.043, 0.09 ],
       [0.043, 0.09 ],
       [0.043, 0.09 ],
       [0.043, 0.09 ],
       [0.043, 0.09 ],
       [0.043, 0.09 ],
       [0.043, 0.09 ],
       [0.043, 0.09 ],
       [0.043, 0.09 ],
       [0.043, 0.09 ],
       [0.043, 0.09 ],
       [0.043, 0.09 ],
       [0.043, 0.09 ],
       [0.043, 0.09 ],
       [0.043, 0.09 ],
       [0.043, 0.09 ],
       [0.043, 0.09 ],
       [0.043, 0.09 ],
       [0.043, 0.09 ],
       [0.043, 0.09 ],
       [0.043, 0.09 ],
       [0.043, 0.09 ],
       [0.043, 0.09 ],
       [0.043, 0.09 ],
       [0.043, 0.09 ],
       [0.043, 0.09 ],
       [0.043, 0.09 ],
       [0.043, 0.09 ],
       [0.043, 0.09 ],
       [0.043, 0.09 ],
       [0.043, 0.09 ],
       [0.043, 0.09 ],
       [0.043, 0.09 ],
       [0.043, 0.09 ],
       [0.043, 0.09 ],
       [0.043, 0.09 ],
       [0.043, 0.09 ],
       [0.043, 0.09 ],
       [0.043, 0.09 ],
       [0.043, 0.09 ],
       [0.043, 0.09 ],
       [0.043, 0.09 ],
       [0.043, 0.09 ],
       [0.043, 0.09 ],
       [0.043, 0.09 ],
       [0.043, 0.09 ],
       [0.043, 0.09 ],
       [0.043, 0.09 ],
       [0.043, 0.09 ],
       [0.043, 0.09 ],
       [0.043, 0.09 ],
       [0.043, 0.09 ],
       [0.043, 0.09 ],
       [0.043, 0.09 ],
       [0.043, 0.09 ],
       [0.043, 0.09 ],
       [0.043, 0.09 ],
       [0.043, 0.09 ],
       [0.043, 0.09 ],
       [0.043, 0.09 ],
       [0.043, 0.09 ],
       [0.043, 0.09 ],
       [0.043, 0.09 ],
       [0.043, 0.09 ],
       [0.043, 0.09 ],
       [0.043, 0.09 ],
       [0.043, 0.09 ],
       [0.043, 0.09 ],
       [0.043, 0.09 ],
       [0.043, 0.09 ],
       [0.043, 0.09 ],
       [0.043, 0.09 ],
       [0.043, 0.09 ],
       [0.043, 0.09 ],
       [0.043, 0.09 ],
       [0.043, 0.09 ],
       [0.043, 0.09 ],
       [0.043, 0.09 ],
       [0.043, 0.09 ],
       [0.043, 0.09 ],
       [0.043, 0.09 ],
       [0.043, 0.09 ],
       [0.043, 0.09 ],
       [0.043, 0.09 ],
       [0.043, 0.09 ],
       [0.043, 0.09 ],
       [0.043, 0.09 ],
       [0.043, 0.09 ]]), 'err': array([0.18075376, 0.18075117, 0.18074864, 0.18074615, 0.18074372,
       0.18074133, 0.18073898, 0.18073669, 0.18073444, 0.18073223,
       0.18073007, 0.18072795, 0.18072587, 0.18072383, 0.18072184,
       0.18071988, 0.18071796, 0.18071608, 0.18071423, 0.18071243,
       0.18071065, 0.18070892, 0.18070721, 0.18070554, 0.18070391,
       0.1807023 , 0.18070073, 0.18069919, 0.18069768, 0.18069619,
       0.18069474, 0.18069332, 0.18069192, 0.18069056, 0.18068921,
       0.1806879 , 0.18068661, 0.18068535, 0.18068411, 0.1806829 ,
       0.18068171, 0.18068054, 0.1806794 , 0.18067828, 0.18067718,
       0.1806761 , 0.18067504, 0.18067401, 0.18067299, 0.180672  ,
       0.18067102, 0.18067007, 0.18066913, 0.18066821, 0.18066731,
       0.18066643, 0.18066557, 0.18066472, 0.18066389, 0.18066307,
       0.18066227, 0.18066149, 0.18066072, 0.18065997, 0.18065923,
       0.18065851, 0.1806578 , 0.18065711, 0.18065643, 0.18065576,
       0.18065511, 0.18065446, 0.18065384, 0.18065322, 0.18065261,
       0.18065202, 0.18065144, 0.18065087, 0.18065032, 0.18064977,
       0.18064923, 0.18064871, 0.18064819, 0.18064769, 0.18064719,
       0.18064671, 0.18064623, 0.18064577, 0.18064531, 0.18064486,
       0.18064442, 0.18064399, 0.18064357, 0.18064316, 0.18064275,
       0.18064235, 0.18064196, 0.18064158, 0.18064121, 0.18064084])}"
4,fixed_k,iid,100,40,10.617474151254687,"[0.8981701  1.25692646 1.23840077 1.30239211 1.30302736 1.28807249
 1.31270566 1.30268309 1.29409606 1.31396589 1.30169902 1.29530068
 1.31792817 1.30181819 1.29340175 1.30810866 1.30209927 1.29420047
 1.30927923 1.3021228  1.29368189 1.30939597 1.3021228  1.29368189
 1.30939597 1.3021228  1.29368189 1.30939597 1.3021228  1.29368189
 1.30939597 1.3021228  1.29368189 1.30939597 1.3021228  1.29368189
 1.30939597 1.3021228  1.29368189 1.30939597 1.30332086 1.29443804
 1.30926662 1.30246081 1.2945202  1.31743917 1.30233182 1.29455538
 1.30320812 1.30223856 1.29391906 1.30068223 1.30572276 1.30350747
 1.29787207 1.31539418 1.30189646 1.29360381 1.30610387 1.30695863
 1.29669964 1.30729021 1.30007486 1.30326808 1.29555043 1.31539418
 1.30189646 1.29360381 1.30610387 1.30695863 1.29669964 1.30729021
 1.30007486 1.3036578  1.29554876 1.30913253 1.3021228  1.29368189
 1.30939597 1.30351429 1.29408393 1.3087764  1.3040437  1.29479456
 1.31550991 1.30140089 1.29463137 1.30472556 1.30544636 1.29463137
 1.30472556 1.30544636 1.29463137 1.30472556 1.30544636 1.29463137
 1.30472556 1.30544636 1.29463137 1.30472556]",0.13058108081697326,0.1806800181826324,0,"[521.93496004 518.40741653 522.66884688 525.23311321 521.55752666
 518.11263803 521.06859256 519.88139004 528.20224036 523.49808253
 521.92268521 520.81060875 521.95651177 527.18931809 520.43923363
 521.29962016 523.0031535  520.19850817 522.73611911 519.49061733
 522.18279056 519.17181909 519.57751997 522.15839084 521.75567765
 522.33150508 518.7164126  523.35620672 517.83087663 520.66100575
 528.27024832 521.93745505 521.81945182 523.2168762  521.47140168
 521.32104617 518.52006279 521.67864982 522.08318561 518.69445294
 519.10433453 520.44516895 526.28428582 518.55641324 518.6859183
 521.48796711 524.36289471 523.23072404 524.16031621 524.15797208
 520.25158145 522.03383017 523.56142551 520.68272606 517.94104092
 517.67899655 519.98096425 524.77756701 519.73094139 519.98236403
 525.52360576 521.01795189 526.53360181 519.48016044 523.74043502
 522.7235863  524.40110128 527.07300242 520.75727098 519.33616772
 518.5462907  521.69759013 524.33719952 518.79867725 519.03934125
 522.70333096 518.61197501 525.42718593 521.97396755 520.28496843
 521.08673379 519.92005575 527.26929169 524.3384568  522.78780844
 520.94370592 523.79283123 524.90573097 519.76499893 521.25655394
 522.66480867 520.43618541 526.35348216 522.92868868 519.37831659
 519.74842232 519.79630627 524.84750655 522.92170003 522.73316588]",0,0,"[1.47741691e-04 1.59128522e-04 1.06228393e-04 5.68597200e-05
 1.93041370e-04 1.42365537e-04 1.77219750e-04 1.84590280e-04
 1.93905336e-04 1.93678283e-04 1.89979433e-04 1.93100918e-04
 1.92983766e-04 1.82385573e-04 1.94061224e-04 1.94178979e-04
 1.89902295e-04 1.92334474e-04 1.93537640e-04 1.89476548e-04
 1.93013462e-04 1.93753118e-04 1.89476470e-04 1.93276809e-04
 1.93751631e-04 1.89476448e-04 1.93549906e-04 1.93749507e-04
 1.89476481e-04 1.93755306e-04 1.93747453e-04 1.89476352e-04
 1.93956561e-04 1.93745256e-04 1.89476200e-04 1.94037704e-04
 1.93743212e-04 1.89475997e-04 1.93977782e-04 1.93740799e-04
 1.89614446e-04 1.92072347e-04 1.93974503e-04 1.93799599e-04
 1.92530290e-04 1.91535587e-04 1.93401580e-04 1.82095330e-04
 1.83335781e-04 1.93600484e-04 1.80641191e-04 1.88795235e-04
 1.95500026e-04 1.94789127e-04 1.91519392e-04 1.92377058e-04
 1.82517595e-04 1.93126255e-04 1.93981002e-04 1.95110914e-04
 1.85185737e-04 1.81701373e-04 1.94597918e-04 1.94974637e-04
 1.91170638e-04 1.92356847e-04 1.82510864e-04 1.93112003e-04
 1.93969926e-04 1.95490490e-04 1.85214007e-04 1.81691626e-04
 1.94580620e-04 1.94630705e-04 1.92404304e-04 1.92338929e-04
 1.89472847e-04 1.93313065e-04 1.93711161e-04 1.95566390e-04
 1.92369947e-04 1.93496064e-04 1.95376286e-04 1.91825003e-04
 1.81934235e-04 1.94619666e-04 1.93163920e-04 1.81411070e-04
 1.94378000e-04 1.93186242e-04 1.81407862e-04 1.94376315e-04
 1.93207646e-04 1.81404868e-04 1.94374806e-04 1.93227877e-04
 1.81401991e-04 1.94373646e-04 1.93246812e-04 1.81399317e-04]","['user_limit' 'user_limit' 'user_limit' 'user_limit' 'user_limit'
 'user_limit' 'user_limit' 'user_limit' 'user_limit' 'user_limit'
 'user_limit' 'user_limit' 'user_limit' 'user_limit' 'user_limit'
 'user_limit' 'user_limit' 'user_limit' 'user_limit' 'user_limit'
 'user_limit' 'user_limit' 'user_limit' 'user_limit' 'user_limit'
 'user_limit' 'user_limit' 'user_limit' 'user_limit' 'user_limit'
 'user_limit' 'user_limit' 'user_limit' 'user_limit' 'user_limit'
 'user_limit' 'user_limit' 'user_limit' 'user_limit' 'user_limit'
 'user_limit' 'user_limit' 'user_limit' 'user_limit' 'user_limit'
 'user_limit' 'user_limit' 'user_limit' 'user_limit' 'user_limit'
 'user_limit' 'user_limit' 'user_limit' 'user_limit' 'user_limit'
 'user_limit' 'user_limit' 'user_limit' 'user_limit' 'user_limit'
 'user_limit' 'user_limit' 'user_limit' 'user_limit' 'user_limit'
 'user_limit' 'user_limit' 'user_limit' 'user_limit' 'user_limit'
 'user_limit' 'user_limit' 'user_limit' 'user_limit' 'user_limit'
 'user_limit' 'user_limit' 'user_limit' 'user_limit' 'user_limit'
 'user_limit' 'user_limit' 'user_limit' 'user_limit' 'user_limit'
 'user_limit' 'user_limit' 'user_limit' 'user_limit' 'user_limit'
 'user_limit' 'user_limit' 'user_limit' 'user_limit' 'user_limit'
 'user_limit' 'user_limit' 'user_limit' 'user_limit' 'user_limit']","{'x_traj': array([[0.99607659, 0.99999743, 0.0884953 , ..., 0.16621142, 0.06823758,
        0.        ],
       [0.9960713 , 0.99999758, 0.08855485, ..., 0.16621093, 0.06824303,
        0.        ],
       [0.99606611, 0.99999771, 0.08861322, ..., 0.16621046, 0.06824836,
        0.        ],
       ...,
       [0.99584438, 0.99999986, 0.09107128, ..., 0.16619019, 0.06847325,
        0.        ],
       [0.99584359, 0.99999986, 0.09107985, ..., 0.16619012, 0.06847403,
        0.        ],
       [0.99584282, 0.99999985, 0.09108824, ..., 0.16619005, 0.0684748 ,
        0.        ]], shape=(100, 11)), 'u_traj': array([[0., 0.],
       [0., 0.],
       [0., 0.],
       [0., 0.],
       [0., 0.],
       [0., 0.],
       [0., 0.],
       [0., 0.],
       [0., 0.],
       [0., 0.],
       [0., 0.],
       [0., 0.],
       [0., 0.],
       [0., 0.],
       [0., 0.],
       [0., 0.],
       [0., 0.],
       [0., 0.],
       [0., 0.],
       [0., 0.],
       [0., 0.],
       [0., 0.],
       [0., 0.],
       [0., 0.],
       [0., 0.],
       [0., 0.],
       [0., 0.],
       [0., 0.],
       [0., 0.],
       [0., 0.],
       [0., 0.],
       [0., 0.],
       [0., 0.],
       [0., 0.],
       [0., 0.],
       [0., 0.],
       [0., 0.],
       [0., 0.],
       [0., 0.],
       [0., 0.],
       [0., 0.],
       [0., 0.],
       [0., 0.],
       [0., 0.],
       [0., 0.],
       [0., 0.],
       [0., 0.],
       [0., 0.],
       [0., 0.],
       [0., 0.],
       [0., 0.],
       [0., 0.],
       [0., 0.],
       [0., 0.],
       [0., 0.],
       [0., 0.],
       [0., 0.],
       [0., 0.],
       [0., 0.],
       [0., 0.],
       [0., 0.],
       [0., 0.],
       [0., 0.],
       [0., 0.],
       [0., 0.],
       [0., 0.],
       [0., 0.],
       [0., 0.],
       [0., 0.],
       [0., 0.],
       [0., 0.],
       [0., 0.],
       [0., 0.],
       [0., 0.],
       [0., 0.],
       [0., 0.],
       [0., 0.],
       [0., 0.],
       [0., 0.],
       [0., 0.],
       [0., 0.],
       [0., 0.],
       [0., 0.],
       [0., 0.],
       [0., 0.],
       [0., 0.],
       [0., 0.],
       [0., 0.],
       [0., 0.],
       [0., 0.],
       [0., 0.],
       [0., 0.],
       [0., 0.],
       [0., 0.],
       [0., 0.],
       [0., 0.],
       [0., 0.],
       [0., 0.],
       [0., 0.],
       [0., 0.]]), 'target_traj': array([[0.043, 0.09 ],
       [0.043, 0.09 ],
       [0.043, 0.09 ],
       [0.043, 0.09 ],
       [0.043, 0.09 ],
       [0.043, 0.09 ],
       [0.043, 0.09 ],
       [0.043, 0.09 ],
       [0.043, 0.09 ],
       [0.043, 0.09 ],
       [0.043, 0.09 ],
       [0.043, 0.09 ],
       [0.043, 0.09 ],
       [0.043, 0.09 ],
       [0.043, 0.09 ],
       [0.043, 0.09 ],
       [0.043, 0.09 ],
       [0.043, 0.09 ],
       [0.043, 0.09 ],
       [0.043, 0.09 ],
       [0.043, 0.09 ],
       [0.043, 0.09 ],
       [0.043, 0.09 ],
       [0.043, 0.09 ],
       [0.043, 0.09 ],
       [0.043, 0.09 ],
       [0.043, 0.09 ],
       [0.043, 0.09 ],
       [0.043, 0.09 ],
       [0.043, 0.09 ],
       [0.043, 0.09 ],
       [0.043, 0.09 ],
       [0.043, 0.09 ],
       [0.043, 0.09 ],
       [0.043, 0.09 ],
       [0.043, 0.09 ],
       [0.043, 0.09 ],
       [0.043, 0.09 ],
       [0.043, 0.09 ],
       [0.043, 0.09 ],
       [0.043, 0.09 ],
       [0.043, 0.09 ],
       [0.043, 0.09 ],
       [0.043, 0.09 ],
       [0.043, 0.09 ],
       [0.043, 0.09 ],
       [0.043, 0.09 ],
       [0.043, 0.09 ],
       [0.043, 0.09 ],
       [0.043, 0.09 ],
       [0.043, 0.09 ],
       [0.043, 0.09 ],
       [0.043, 0.09 ],
       [0.043, 0.09 ],
       [0.043, 0.09 ],
       [0.043, 0.09 ],
       [0.043, 0.09 ],
       [0.043, 0.09 ],
       [0.043, 0.09 ],
       [0.043, 0.09 ],
       [0.043, 0.09 ],
       [0.043, 0.09 ],
       [0.043, 0.09 ],
       [0.043, 0.09 ],
       [0.043, 0.09 ],
       [0.043, 0.09 ],
       [0.043, 0.09 ],
       [0.043, 0.09 ],
       [0.043, 0.09 ],
       [0.043, 0.09 ],
       [0.043, 0.09 ],
       [0.043, 0.09 ],
       [0.043, 0.09 ],
       [0.043, 0.09 ],
       [0.043, 0.09 ],
       [0.043, 0.09 ],
       [0.043, 0.09 ],
       [0.043, 0.09 ],
       [0.043, 0.09 ],
       [0.043, 0.09 ],
       [0.043, 0.09 ],
       [0.043, 0.09 ],
       [0.043, 0.09 ],
       [0.043, 0.09 ],
       [0.043, 0.09 ],
       [0.043, 0.09 ],
       [0.043, 0.09 ],
       [0.043, 0.09 ],
       [0.043, 0.09 ],
       [0.043, 0.09 ],
       [0.043, 0.09 ],
       [0.043, 0.09 ],
       [0.043, 0.09 ],
       [0.043, 0.09 ],
       [0.043, 0.09 ],
       [0.043, 0.09 ],
       [0.043, 0.09 ],
       [0.043, 0.09 ],
       [0.043, 0.09 ],
       [0.043, 0.09 ]]), 'err': array([0.18075376, 0.18075117, 0.18074864, 0.18074615, 0.18074372,
       0.18074133, 0.18073898, 0.18073669, 0.18073444, 0.18073223,
       0.18073007, 0.18072795, 0.18072587, 0.18072383, 0.18072184,
       0.18071988, 0.18071796, 0.18071608, 0.18071423, 0.18071243,
       0.18071065, 0.18070892, 0.18070721, 0.18070554, 0.18070391,
       0.1807023 , 0.18070073, 0.18069919, 0.18069768, 0.18069619,
       0.18069474, 0.18069332, 0.18069192, 0.18069056, 0.18068921,
       0.1806879 , 0.18068661, 0.18068535, 0.18068411, 0.1806829 ,
       0.18068171, 0.18068054, 0.1806794 , 0.18067828, 0.18067718,
       0.1806761 , 0.18067504, 0.18067401, 0.18067299, 0.180672  ,
       0.18067102, 0.18067007, 0.18066913, 0.18066821, 0.18066731,
       0.18066643, 0.18066557, 0.18066472, 0.18066389, 0.18066307,
       0.18066227, 0.18066149, 0.18066072, 0.18065997, 0.18065923,
       0.18065851, 0.1806578 , 0.18065711, 0.18065643, 0.18065576,
       0.18065511, 0.18065446, 0.18065384, 0.18065322, 0.18065261,
       0.18065202, 0.18065144, 0.18065087, 0.18065032, 0.18064977,
       0.18064923, 0.18064871, 0.18064819, 0.18064769, 0.18064719,
       0.18064671, 0.18064623, 0.18064577, 0.18064531, 0.18064486,
       0.18064442, 0.18064399, 0.18064357, 0.18064316, 0.18064275,
       0.18064235, 0.18064196, 0.18064158, 0.18064121, 0.18064084])}"
4,fixed_k,iid,100,50,10.617474151254687,"[0.8981701  1.25692646 1.23840077 1.30239211 1.30302736 1.28807249
 1.31270566 1.30268309 1.29409606 1.31396589 1.30169902 1.29530068
 1.31792817 1.30181819 1.29340175 1.30810866 1.30209927 1.29420047
 1.30927923 1.3021228  1.29368189 1.30939597 1.3021228  1.29368189
 1.30939597 1.3021228  1.29368189 1.30939597 1.3021228  1.29368189
 1.30939597 1.3021228  1.29368189 1.30939597 1.3021228  1.29368189
 1.30939597 1.3021228  1.29368189 1.30939597 1.30332086 1.29443804
 1.30926662 1.30246081 1.2945202  1.31743917 1.30233182 1.29455538
 1.30320812 1.30223856 1.29391906 1.30068223 1.30572276 1.30350747
 1.29787207 1.31539418 1.30189646 1.29360381 1.30610387 1.30695863
 1.29669964 1.30729021 1.30007486 1.30326808 1.29555043 1.31539418
 1.30189646 1.29360381 1.30610387 1.30695863 1.29669964 1.30729021
 1.30007486 1.3036578  1.29554876 1.30913253 1.3021228  1.29368189
 1.30939597 1.30351429 1.29408393 1.3087764  1.3040437  1.29479456
 1.31550991 1.30140089 1.29463137 1.30472556 1.30544636 1.29463137
 1.30472556 1.30544636 1.29463137 1.30472556 1.30544636 1.29463137
 1.30472556 1.30544636 1.29463137 1.30472556]",0.13058108081697326,0.1806800181826324,0,"[530.71458358 522.15773053 521.10027336 520.28658707 517.13437401
 527.118247   524.67821259 520.06139979 519.31772288 521.27740066
 528.88890542 521.26380056 519.63306405 519.80599202 521.40998654
 527.25252789 518.88230722 528.20014395 521.42009605 520.7436569
 525.61156824 523.4936513  518.98797974 519.13298946 519.45845783
 524.54443648 520.26281413 521.49884403 522.67342899 523.44847284
 526.94591787 520.34934983 521.42755315 520.42608988 524.47945252
 525.48317611 520.94207238 519.77232378 519.56366841 527.56076306
 518.89588125 519.8605964  522.10458182 519.94911768 524.79887288
 521.05822135 524.05203693 520.88538278 522.78739866 525.74793529
 525.47393087 521.30121924 525.76095238 525.47208034 524.26336333
 521.51510864 519.09752097 521.63584065 517.84301177 524.00235925
 519.47252173 524.45854992 519.09621712 521.09751385 526.84087027
 520.65620385 519.82420869 524.27474409 523.88860378 522.4609375
 526.68728307 521.46053966 521.4163335  521.41735423 525.45142826
 522.2724285  521.56593371 522.29005005 519.04881001 524.72707722
 523.42931274 519.81951669 520.9823763  520.1225495  526.01782139
 518.1749016  522.80418482 522.39764296 525.32218676 528.52564305
 525.98395012 525.07265471 522.37863839 521.63811401 525.84082074
 521.36282995 520.81161458 524.21723958 521.38138842 525.60707927]",0,0,"[1.47741691e-04 1.59128522e-04 1.06228393e-04 5.68597200e-05
 1.93041370e-04 1.42365537e-04 1.77219750e-04 1.84590280e-04
 1.93905336e-04 1.93678283e-04 1.89979433e-04 1.93100918e-04
 1.92983766e-04 1.82385573e-04 1.94061224e-04 1.94178979e-04
 1.89902295e-04 1.92334474e-04 1.93537640e-04 1.89476548e-04
 1.93013462e-04 1.93753118e-04 1.89476470e-04 1.93276809e-04
 1.93751631e-04 1.89476448e-04 1.93549906e-04 1.93749507e-04
 1.89476481e-04 1.93755306e-04 1.93747453e-04 1.89476352e-04
 1.93956561e-04 1.93745256e-04 1.89476200e-04 1.94037704e-04
 1.93743212e-04 1.89475997e-04 1.93977782e-04 1.93740799e-04
 1.89614446e-04 1.92072347e-04 1.93974503e-04 1.93799599e-04
 1.92530290e-04 1.91535587e-04 1.93401580e-04 1.82095330e-04
 1.83335781e-04 1.93600484e-04 1.80641191e-04 1.88795235e-04
 1.95500026e-04 1.94789127e-04 1.91519392e-04 1.92377058e-04
 1.82517595e-04 1.93126255e-04 1.93981002e-04 1.95110914e-04
 1.85185737e-04 1.81701373e-04 1.94597918e-04 1.94974637e-04
 1.91170638e-04 1.92356847e-04 1.82510864e-04 1.93112003e-04
 1.93969926e-04 1.95490490e-04 1.85214007e-04 1.81691626e-04
 1.94580620e-04 1.94630705e-04 1.92404304e-04 1.92338929e-04
 1.89472847e-04 1.93313065e-04 1.93711161e-04 1.95566390e-04
 1.92369947e-04 1.93496064e-04 1.95376286e-04 1.91825003e-04
 1.81934235e-04 1.94619666e-04 1.93163920e-04 1.81411070e-04
 1.94378000e-04 1.93186242e-04 1.81407862e-04 1.94376315e-04
 1.93207646e-04 1.81404868e-04 1.94374806e-04 1.93227877e-04
 1.81401991e-04 1.94373646e-04 1.93246812e-04 1.81399317e-04]","['user_limit' 'user_limit' 'user_limit' 'user_limit' 'user_limit'
 'user_limit' 'user_limit' 'user_limit' 'user_limit' 'user_limit'
 'user_limit' 'user_limit' 'user_limit' 'user_limit' 'user_limit'
 'user_limit' 'user_limit' 'user_limit' 'user_limit' 'user_limit'
 'user_limit' 'user_limit' 'user_limit' 'user_limit' 'user_limit'
 'user_limit' 'user_limit' 'user_limit' 'user_limit' 'user_limit'
 'user_limit' 'user_limit' 'user_limit' 'user_limit' 'user_limit'
 'user_limit' 'user_limit' 'user_limit' 'user_limit' 'user_limit'
 'user_limit' 'user_limit' 'user_limit' 'user_limit' 'user_limit'
 'user_limit' 'user_limit' 'user_limit' 'user_limit' 'user_limit'
 'user_limit' 'user_limit' 'user_limit' 'user_limit' 'user_limit'
 'user_limit' 'user_limit' 'user_limit' 'user_limit' 'user_limit'
 'user_limit' 'user_limit' 'user_limit' 'user_limit' 'user_limit'
 'user_limit' 'user_limit' 'user_limit' 'user_limit' 'user_limit'
 'user_limit' 'user_limit' 'user_limit' 'user_limit' 'user_limit'
 'user_limit' 'user_limit' 'user_limit' 'user_limit' 'user_limit'
 'user_limit' 'user_limit' 'user_limit' 'user_limit' 'user_limit'
 'user_limit' 'user_limit' 'user_limit' 'user_limit' 'user_limit'
 'user_limit' 'user_limit' 'user_limit' 'user_limit' 'user_limit'
 'user_limit' 'user_limit' 'user_limit' 'user_limit' 'user_limit']","{'x_traj': array([[0.99607659, 0.99999743, 0.0884953 , ..., 0.16621142, 0.06823758,
        0.        ],
       [0.9960713 , 0.99999758, 0.08855485, ..., 0.16621093, 0.06824303,
        0.        ],
       [0.99606611, 0.99999771, 0.08861322, ..., 0.16621046, 0.06824836,
        0.        ],
       ...,
       [0.99584438, 0.99999986, 0.09107128, ..., 0.16619019, 0.06847325,
        0.        ],
       [0.99584359, 0.99999986, 0.09107985, ..., 0.16619012, 0.06847403,
        0.        ],
       [0.99584282, 0.99999985, 0.09108824, ..., 0.16619005, 0.0684748 ,
        0.        ]], shape=(100, 11)), 'u_traj': array([[0., 0.],
       [0., 0.],
       [0., 0.],
       [0., 0.],
       [0., 0.],
       [0., 0.],
       [0., 0.],
       [0., 0.],
       [0., 0.],
       [0., 0.],
       [0., 0.],
       [0., 0.],
       [0., 0.],
       [0., 0.],
       [0., 0.],
       [0., 0.],
       [0., 0.],
       [0., 0.],
       [0., 0.],
       [0., 0.],
       [0., 0.],
       [0., 0.],
       [0., 0.],
       [0., 0.],
       [0., 0.],
       [0., 0.],
       [0., 0.],
       [0., 0.],
       [0., 0.],
       [0., 0.],
       [0., 0.],
       [0., 0.],
       [0., 0.],
       [0., 0.],
       [0., 0.],
       [0., 0.],
       [0., 0.],
       [0., 0.],
       [0., 0.],
       [0., 0.],
       [0., 0.],
       [0., 0.],
       [0., 0.],
       [0., 0.],
       [0., 0.],
       [0., 0.],
       [0., 0.],
       [0., 0.],
       [0., 0.],
       [0., 0.],
       [0., 0.],
       [0., 0.],
       [0., 0.],
       [0., 0.],
       [0., 0.],
       [0., 0.],
       [0., 0.],
       [0., 0.],
       [0., 0.],
       [0., 0.],
       [0., 0.],
       [0., 0.],
       [0., 0.],
       [0., 0.],
       [0., 0.],
       [0., 0.],
       [0., 0.],
       [0., 0.],
       [0., 0.],
       [0., 0.],
       [0., 0.],
       [0., 0.],
       [0., 0.],
       [0., 0.],
       [0., 0.],
       [0., 0.],
       [0., 0.],
       [0., 0.],
       [0., 0.],
       [0., 0.],
       [0., 0.],
       [0., 0.],
       [0., 0.],
       [0., 0.],
       [0., 0.],
       [0., 0.],
       [0., 0.],
       [0., 0.],
       [0., 0.],
       [0., 0.],
       [0., 0.],
       [0., 0.],
       [0., 0.],
       [0., 0.],
       [0., 0.],
       [0., 0.],
       [0., 0.],
       [0., 0.],
       [0., 0.],
       [0., 0.]]), 'target_traj': array([[0.043, 0.09 ],
       [0.043, 0.09 ],
       [0.043, 0.09 ],
       [0.043, 0.09 ],
       [0.043, 0.09 ],
       [0.043, 0.09 ],
       [0.043, 0.09 ],
       [0.043, 0.09 ],
       [0.043, 0.09 ],
       [0.043, 0.09 ],
       [0.043, 0.09 ],
       [0.043, 0.09 ],
       [0.043, 0.09 ],
       [0.043, 0.09 ],
       [0.043, 0.09 ],
       [0.043, 0.09 ],
       [0.043, 0.09 ],
       [0.043, 0.09 ],
       [0.043, 0.09 ],
       [0.043, 0.09 ],
       [0.043, 0.09 ],
       [0.043, 0.09 ],
       [0.043, 0.09 ],
       [0.043, 0.09 ],
       [0.043, 0.09 ],
       [0.043, 0.09 ],
       [0.043, 0.09 ],
       [0.043, 0.09 ],
       [0.043, 0.09 ],
       [0.043, 0.09 ],
       [0.043, 0.09 ],
       [0.043, 0.09 ],
       [0.043, 0.09 ],
       [0.043, 0.09 ],
       [0.043, 0.09 ],
       [0.043, 0.09 ],
       [0.043, 0.09 ],
       [0.043, 0.09 ],
       [0.043, 0.09 ],
       [0.043, 0.09 ],
       [0.043, 0.09 ],
       [0.043, 0.09 ],
       [0.043, 0.09 ],
       [0.043, 0.09 ],
       [0.043, 0.09 ],
       [0.043, 0.09 ],
       [0.043, 0.09 ],
       [0.043, 0.09 ],
       [0.043, 0.09 ],
       [0.043, 0.09 ],
       [0.043, 0.09 ],
       [0.043, 0.09 ],
       [0.043, 0.09 ],
       [0.043, 0.09 ],
       [0.043, 0.09 ],
       [0.043, 0.09 ],
       [0.043, 0.09 ],
       [0.043, 0.09 ],
       [0.043, 0.09 ],
       [0.043, 0.09 ],
       [0.043, 0.09 ],
       [0.043, 0.09 ],
       [0.043, 0.09 ],
       [0.043, 0.09 ],
       [0.043, 0.09 ],
       [0.043, 0.09 ],
       [0.043, 0.09 ],
       [0.043, 0.09 ],
       [0.043, 0.09 ],
       [0.043, 0.09 ],
       [0.043, 0.09 ],
       [0.043, 0.09 ],
       [0.043, 0.09 ],
       [0.043, 0.09 ],
       [0.043, 0.09 ],
       [0.043, 0.09 ],
       [0.043, 0.09 ],
       [0.043, 0.09 ],
       [0.043, 0.09 ],
       [0.043, 0.09 ],
       [0.043, 0.09 ],
       [0.043, 0.09 ],
       [0.043, 0.09 ],
       [0.043, 0.09 ],
       [0.043, 0.09 ],
       [0.043, 0.09 ],
       [0.043, 0.09 ],
       [0.043, 0.09 ],
       [0.043, 0.09 ],
       [0.043, 0.09 ],
       [0.043, 0.09 ],
       [0.043, 0.09 ],
       [0.043, 0.09 ],
       [0.043, 0.09 ],
       [0.043, 0.09 ],
       [0.043, 0.09 ],
       [0.043, 0.09 ],
       [0.043, 0.09 ],
       [0.043, 0.09 ],
       [0.043, 0.09 ]]), 'err': array([0.18075376, 0.18075117, 0.18074864, 0.18074615, 0.18074372,
       0.18074133, 0.18073898, 0.18073669, 0.18073444, 0.18073223,
       0.18073007, 0.18072795, 0.18072587, 0.18072383, 0.18072184,
       0.18071988, 0.18071796, 0.18071608, 0.18071423, 0.18071243,
       0.18071065, 0.18070892, 0.18070721, 0.18070554, 0.18070391,
       0.1807023 , 0.18070073, 0.18069919, 0.18069768, 0.18069619,
       0.18069474, 0.18069332, 0.18069192, 0.18069056, 0.18068921,
       0.1806879 , 0.18068661, 0.18068535, 0.18068411, 0.1806829 ,
       0.18068171, 0.18068054, 0.1806794 , 0.18067828, 0.18067718,
       0.1806761 , 0.18067504, 0.18067401, 0.18067299, 0.180672  ,
       0.18067102, 0.18067007, 0.18066913, 0.18066821, 0.18066731,
       0.18066643, 0.18066557, 0.18066472, 0.18066389, 0.18066307,
       0.18066227, 0.18066149, 0.18066072, 0.18065997, 0.18065923,
       0.18065851, 0.1806578 , 0.18065711, 0.18065643, 0.18065576,
       0.18065511, 0.18065446, 0.18065384, 0.18065322, 0.18065261,
       0.18065202, 0.18065144, 0.18065087, 0.18065032, 0.18064977,
       0.18064923, 0.18064871, 0.18064819, 0.18064769, 0.18064719,
       0.18064671, 0.18064623, 0.18064577, 0.18064531, 0.18064486,
       0.18064442, 0.18064399, 0.18064357, 0.18064316, 0.18064275,
       0.18064235, 0.18064196, 0.18064158, 0.18064121, 0.18064084])}"
4,fixed_k,iid,100,60,10.617474151254687,"[0.8981701  1.25692646 1.23840077 1.30239211 1.30302736 1.28807249
 1.31270566 1.30268309 1.29409606 1.31396589 1.30169902 1.29530068
 1.31792817 1.30181819 1.29340175 1.30810866 1.30209927 1.29420047
 1.30927923 1.3021228  1.29368189 1.30939597 1.3021228  1.29368189
 1.30939597 1.3021228  1.29368189 1.30939597 1.3021228  1.29368189
 1.30939597 1.3021228  1.29368189 1.30939597 1.3021228  1.29368189
 1.30939597 1.3021228  1.29368189 1.30939597 1.30332086 1.29443804
 1.30926662 1.30246081 1.2945202  1.31743917 1.30233182 1.29455538
 1.30320812 1.30223856 1.29391906 1.30068223 1.30572276 1.30350747
 1.29787207 1.31539418 1.30189646 1.29360381 1.30610387 1.30695863
 1.29669964 1.30729021 1.30007486 1.30326808 1.29555043 1.31539418
 1.30189646 1.29360381 1.30610387 1.30695863 1.29669964 1.30729021
 1.30007486 1.3036578  1.29554876 1.30913253 1.3021228  1.29368189
 1.30939597 1.30351429 1.29408393 1.3087764  1.3040437  1.29479456
 1.31550991 1.30140089 1.29463137 1.30472556 1.30544636 1.29463137
 1.30472556 1.30544636 1.29463137 1.30472556 1.30544636 1.29463137
 1.30472556 1.30544636 1.29463137 1.30472556]",0.13058108081697326,0.1806800181826324,0,"[523.32801092 522.85998967 523.87482394 521.0408112  525.48333816
 520.98265104 520.84746864 529.34781741 520.09507176 520.70258558
 523.5595433  522.41574321 526.37847792 521.99385967 523.32527656
 520.30120417 519.18522734 524.67450779 526.30491648 520.16518265
 522.09895384 522.10859116 527.64610946 520.19973658 521.19711321
 524.61377345 518.14161427 525.19429754 520.13205737 523.98147155
 519.49317008 519.46305018 524.92649294 521.67517319 521.67438343
 519.6271725  524.0054056  670.21255847 519.19493917 524.94360227
 520.817223   519.77230888 520.32337524 523.87681231 518.85517314
 519.22972966 522.40298968 523.050569   520.50914429 519.4247067
 519.77584884 522.45305199 519.65163089 520.64181026 527.27931831
 524.63657036 523.40995986 527.13701408 523.03221542 522.46950008
 522.93972671 523.27883895 520.25296353 519.5577722  520.26320528
 523.34595099 525.72613209 521.70528285 521.06331382 523.76593649
 521.13618981 524.70567729 521.3778289  521.44015674 524.10343196
 522.64709212 525.32167081 521.0958533  521.83745615 521.92405146
 521.99181542 526.08201467 520.12142725 522.87138999 521.11254446
 520.15076671 525.43532476 524.00971018 519.90729664 522.97091391
 518.1167312  529.71026953 524.22478516 524.833031   521.28970344
 519.95128114 526.17527824 520.51040065 523.83031324 521.651024  ]",0,0,"[1.47741691e-04 1.59128522e-04 1.06228393e-04 5.68597200e-05
 1.93041370e-04 1.42365537e-04 1.77219750e-04 1.84590280e-04
 1.93905336e-04 1.93678283e-04 1.89979433e-04 1.93100918e-04
 1.92983766e-04 1.82385573e-04 1.94061224e-04 1.94178979e-04
 1.89902295e-04 1.92334474e-04 1.93537640e-04 1.89476548e-04
 1.93013462e-04 1.93753118e-04 1.89476470e-04 1.93276809e-04
 1.93751631e-04 1.89476448e-04 1.93549906e-04 1.93749507e-04
 1.89476481e-04 1.93755306e-04 1.93747453e-04 1.89476352e-04
 1.93956561e-04 1.93745256e-04 1.89476200e-04 1.94037704e-04
 1.93743212e-04 1.89475997e-04 1.93977782e-04 1.93740799e-04
 1.89614446e-04 1.92072347e-04 1.93974503e-04 1.93799599e-04
 1.92530290e-04 1.91535587e-04 1.93401580e-04 1.82095330e-04
 1.83335781e-04 1.93600484e-04 1.80641191e-04 1.88795235e-04
 1.95500026e-04 1.94789127e-04 1.91519392e-04 1.92377058e-04
 1.82517595e-04 1.93126255e-04 1.93981002e-04 1.95110914e-04
 1.85185737e-04 1.81701373e-04 1.94597918e-04 1.94974637e-04
 1.91170638e-04 1.92356847e-04 1.82510864e-04 1.93112003e-04
 1.93969926e-04 1.95490490e-04 1.85214007e-04 1.81691626e-04
 1.94580620e-04 1.94630705e-04 1.92404304e-04 1.92338929e-04
 1.89472847e-04 1.93313065e-04 1.93711161e-04 1.95566390e-04
 1.92369947e-04 1.93496064e-04 1.95376286e-04 1.91825003e-04
 1.81934235e-04 1.94619666e-04 1.93163920e-04 1.81411070e-04
 1.94378000e-04 1.93186242e-04 1.81407862e-04 1.94376315e-04
 1.93207646e-04 1.81404868e-04 1.94374806e-04 1.93227877e-04
 1.81401991e-04 1.94373646e-04 1.93246812e-04 1.81399317e-04]","['user_limit' 'user_limit' 'user_limit' 'user_limit' 'user_limit'
 'user_limit' 'user_limit' 'user_limit' 'user_limit' 'user_limit'
 'user_limit' 'user_limit' 'user_limit' 'user_limit' 'user_limit'
 'user_limit' 'user_limit' 'user_limit' 'user_limit' 'user_limit'
 'user_limit' 'user_limit' 'user_limit' 'user_limit' 'user_limit'
 'user_limit' 'user_limit' 'user_limit' 'user_limit' 'user_limit'
 'user_limit' 'user_limit' 'user_limit' 'user_limit' 'user_limit'
 'user_limit' 'user_limit' 'user_limit' 'user_limit' 'user_limit'
 'user_limit' 'user_limit' 'user_limit' 'user_limit' 'user_limit'
 'user_limit' 'user_limit' 'user_limit' 'user_limit' 'user_limit'
 'user_limit' 'user_limit' 'user_limit' 'user_limit' 'user_limit'
 'user_limit' 'user_limit' 'user_limit' 'user_limit' 'user_limit'
 'user_limit' 'user_limit' 'user_limit' 'user_limit' 'user_limit'
 'user_limit' 'user_limit' 'user_limit' 'user_limit' 'user_limit'
 'user_limit' 'user_limit' 'user_limit' 'user_limit' 'user_limit'
 'user_limit' 'user_limit' 'user_limit' 'user_limit' 'user_limit'
 'user_limit' 'user_limit' 'user_limit' 'user_limit' 'user_limit'
 'user_limit' 'user_limit' 'user_limit' 'user_limit' 'user_limit'
 'user_limit' 'user_limit' 'user_limit' 'user_limit' 'user_limit'
 'user_limit' 'user_limit' 'user_limit' 'user_limit' 'user_limit']","{'x_traj': array([[0.99607659, 0.99999743, 0.0884953 , ..., 0.16621142, 0.06823758,
        0.        ],
       [0.9960713 , 0.99999758, 0.08855485, ..., 0.16621093, 0.06824303,
        0.        ],
       [0.99606611, 0.99999771, 0.08861322, ..., 0.16621046, 0.06824836,
        0.        ],
       ...,
       [0.99584438, 0.99999986, 0.09107128, ..., 0.16619019, 0.06847325,
        0.        ],
       [0.99584359, 0.99999986, 0.09107985, ..., 0.16619012, 0.06847403,
        0.        ],
       [0.99584282, 0.99999985, 0.09108824, ..., 0.16619005, 0.0684748 ,
        0.        ]], shape=(100, 11)), 'u_traj': array([[0., 0.],
       [0., 0.],
       [0., 0.],
       [0., 0.],
       [0., 0.],
       [0., 0.],
       [0., 0.],
       [0., 0.],
       [0., 0.],
       [0., 0.],
       [0., 0.],
       [0., 0.],
       [0., 0.],
       [0., 0.],
       [0., 0.],
       [0., 0.],
       [0., 0.],
       [0., 0.],
       [0., 0.],
       [0., 0.],
       [0., 0.],
       [0., 0.],
       [0., 0.],
       [0., 0.],
       [0., 0.],
       [0., 0.],
       [0., 0.],
       [0., 0.],
       [0., 0.],
       [0., 0.],
       [0., 0.],
       [0., 0.],
       [0., 0.],
       [0., 0.],
       [0., 0.],
       [0., 0.],
       [0., 0.],
       [0., 0.],
       [0., 0.],
       [0., 0.],
       [0., 0.],
       [0., 0.],
       [0., 0.],
       [0., 0.],
       [0., 0.],
       [0., 0.],
       [0., 0.],
       [0., 0.],
       [0., 0.],
       [0., 0.],
       [0., 0.],
       [0., 0.],
       [0., 0.],
       [0., 0.],
       [0., 0.],
       [0., 0.],
       [0., 0.],
       [0., 0.],
       [0., 0.],
       [0., 0.],
       [0., 0.],
       [0., 0.],
       [0., 0.],
       [0., 0.],
       [0., 0.],
       [0., 0.],
       [0., 0.],
       [0., 0.],
       [0., 0.],
       [0., 0.],
       [0., 0.],
       [0., 0.],
       [0., 0.],
       [0., 0.],
       [0., 0.],
       [0., 0.],
       [0., 0.],
       [0., 0.],
       [0., 0.],
       [0., 0.],
       [0., 0.],
       [0., 0.],
       [0., 0.],
       [0., 0.],
       [0., 0.],
       [0., 0.],
       [0., 0.],
       [0., 0.],
       [0., 0.],
       [0., 0.],
       [0., 0.],
       [0., 0.],
       [0., 0.],
       [0., 0.],
       [0., 0.],
       [0., 0.],
       [0., 0.],
       [0., 0.],
       [0., 0.],
       [0., 0.]]), 'target_traj': array([[0.043, 0.09 ],
       [0.043, 0.09 ],
       [0.043, 0.09 ],
       [0.043, 0.09 ],
       [0.043, 0.09 ],
       [0.043, 0.09 ],
       [0.043, 0.09 ],
       [0.043, 0.09 ],
       [0.043, 0.09 ],
       [0.043, 0.09 ],
       [0.043, 0.09 ],
       [0.043, 0.09 ],
       [0.043, 0.09 ],
       [0.043, 0.09 ],
       [0.043, 0.09 ],
       [0.043, 0.09 ],
       [0.043, 0.09 ],
       [0.043, 0.09 ],
       [0.043, 0.09 ],
       [0.043, 0.09 ],
       [0.043, 0.09 ],
       [0.043, 0.09 ],
       [0.043, 0.09 ],
       [0.043, 0.09 ],
       [0.043, 0.09 ],
       [0.043, 0.09 ],
       [0.043, 0.09 ],
       [0.043, 0.09 ],
       [0.043, 0.09 ],
       [0.043, 0.09 ],
       [0.043, 0.09 ],
       [0.043, 0.09 ],
       [0.043, 0.09 ],
       [0.043, 0.09 ],
       [0.043, 0.09 ],
       [0.043, 0.09 ],
       [0.043, 0.09 ],
       [0.043, 0.09 ],
       [0.043, 0.09 ],
       [0.043, 0.09 ],
       [0.043, 0.09 ],
       [0.043, 0.09 ],
       [0.043, 0.09 ],
       [0.043, 0.09 ],
       [0.043, 0.09 ],
       [0.043, 0.09 ],
       [0.043, 0.09 ],
       [0.043, 0.09 ],
       [0.043, 0.09 ],
       [0.043, 0.09 ],
       [0.043, 0.09 ],
       [0.043, 0.09 ],
       [0.043, 0.09 ],
       [0.043, 0.09 ],
       [0.043, 0.09 ],
       [0.043, 0.09 ],
       [0.043, 0.09 ],
       [0.043, 0.09 ],
       [0.043, 0.09 ],
       [0.043, 0.09 ],
       [0.043, 0.09 ],
       [0.043, 0.09 ],
       [0.043, 0.09 ],
       [0.043, 0.09 ],
       [0.043, 0.09 ],
       [0.043, 0.09 ],
       [0.043, 0.09 ],
       [0.043, 0.09 ],
       [0.043, 0.09 ],
       [0.043, 0.09 ],
       [0.043, 0.09 ],
       [0.043, 0.09 ],
       [0.043, 0.09 ],
       [0.043, 0.09 ],
       [0.043, 0.09 ],
       [0.043, 0.09 ],
       [0.043, 0.09 ],
       [0.043, 0.09 ],
       [0.043, 0.09 ],
       [0.043, 0.09 ],
       [0.043, 0.09 ],
       [0.043, 0.09 ],
       [0.043, 0.09 ],
       [0.043, 0.09 ],
       [0.043, 0.09 ],
       [0.043, 0.09 ],
       [0.043, 0.09 ],
       [0.043, 0.09 ],
       [0.043, 0.09 ],
       [0.043, 0.09 ],
       [0.043, 0.09 ],
       [0.043, 0.09 ],
       [0.043, 0.09 ],
       [0.043, 0.09 ],
       [0.043, 0.09 ],
       [0.043, 0.09 ],
       [0.043, 0.09 ],
       [0.043, 0.09 ],
       [0.043, 0.09 ],
       [0.043, 0.09 ]]), 'err': array([0.18075376, 0.18075117, 0.18074864, 0.18074615, 0.18074372,
       0.18074133, 0.18073898, 0.18073669, 0.18073444, 0.18073223,
       0.18073007, 0.18072795, 0.18072587, 0.18072383, 0.18072184,
       0.18071988, 0.18071796, 0.18071608, 0.18071423, 0.18071243,
       0.18071065, 0.18070892, 0.18070721, 0.18070554, 0.18070391,
       0.1807023 , 0.18070073, 0.18069919, 0.18069768, 0.18069619,
       0.18069474, 0.18069332, 0.18069192, 0.18069056, 0.18068921,
       0.1806879 , 0.18068661, 0.18068535, 0.18068411, 0.1806829 ,
       0.18068171, 0.18068054, 0.1806794 , 0.18067828, 0.18067718,
       0.1806761 , 0.18067504, 0.18067401, 0.18067299, 0.180672  ,
       0.18067102, 0.18067007, 0.18066913, 0.18066821, 0.18066731,
       0.18066643, 0.18066557, 0.18066472, 0.18066389, 0.18066307,
       0.18066227, 0.18066149, 0.18066072, 0.18065997, 0.18065923,
       0.18065851, 0.1806578 , 0.18065711, 0.18065643, 0.18065576,
       0.18065511, 0.18065446, 0.18065384, 0.18065322, 0.18065261,
       0.18065202, 0.18065144, 0.18065087, 0.18065032, 0.18064977,
       0.18064923, 0.18064871, 0.18064819, 0.18064769, 0.18064719,
       0.18064671, 0.18064623, 0.18064577, 0.18064531, 0.18064486,
       0.18064442, 0.18064399, 0.18064357, 0.18064316, 0.18064275,
       0.18064235, 0.18064196, 0.18064158, 0.18064121, 0.18064084])}"
4,fixed_k,iid,100,70,10.617474151254687,"[0.8981701  1.25692646 1.23840077 1.30239211 1.30302736 1.28807249
 1.31270566 1.30268309 1.29409606 1.31396589 1.30169902 1.29530068
 1.31792817 1.30181819 1.29340175 1.30810866 1.30209927 1.29420047
 1.30927923 1.3021228  1.29368189 1.30939597 1.3021228  1.29368189
 1.30939597 1.3021228  1.29368189 1.30939597 1.3021228  1.29368189
 1.30939597 1.3021228  1.29368189 1.30939597 1.3021228  1.29368189
 1.30939597 1.3021228  1.29368189 1.30939597 1.30332086 1.29443804
 1.30926662 1.30246081 1.2945202  1.31743917 1.30233182 1.29455538
 1.30320812 1.30223856 1.29391906 1.30068223 1.30572276 1.30350747
 1.29787207 1.31539418 1.30189646 1.29360381 1.30610387 1.30695863
 1.29669964 1.30729021 1.30007486 1.30326808 1.29555043 1.31539418
 1.30189646 1.29360381 1.30610387 1.30695863 1.29669964 1.30729021
 1.30007486 1.3036578  1.29554876 1.30913253 1.3021228  1.29368189
 1.30939597 1.30351429 1.29408393 1.3087764  1.3040437  1.29479456
 1.31550991 1.30140089 1.29463137 1.30472556 1.30544636 1.29463137
 1.30472556 1.30544636 1.29463137 1.30472556 1.30544636 1.29463137
 1.30472556 1.30544636 1.29463137 1.30472556]",0.13058108081697326,0.1806800181826324,0,"[525.87154415 520.85977606 520.44911869 521.86477836 526.75988525
 523.34500197 521.20916452 521.98112011 524.28148687 529.67547998
 521.4833403  523.37980922 521.23827301 518.64954177 524.8401612
 523.67657982 520.03165614 520.90268116 520.61027754 526.36361402
 521.91579621 520.66209167 522.60640729 522.70917129 525.6770337
 519.13043763 530.13228439 519.51075159 521.48550376 524.83844478
 522.8897715  520.89965995 519.15595587 523.63392338 524.38564971
 518.90744083 519.75992136 522.82882761 521.45085484 524.55710247
 522.97606599 527.50734054 520.98313347 519.56575643 529.7715161
 520.77080123 520.82631644 521.9165124  524.03017133 519.00340803
 518.03613361 524.38146062 519.45303101 522.04680722 520.33655252
 522.6968471  521.7484897  520.6130892  523.15899916 522.70821575
 520.87510005 524.18504376 525.98733455 524.58305471 518.07277091
 522.66328968 522.11059816 518.38798728 524.37700797 518.42643879
 519.88545619 518.7706314  517.83454418 524.97382276 520.00182215
 521.3254597  523.43033161 523.18191715 522.9990324  528.15705445
 522.18440175 521.92429546 521.28320467 528.61129399 523.63777347
 518.54436565 520.75349819 520.05944867 525.61965864 521.25001512
 521.12759836 520.70175763 519.8656451  527.38414519 521.96270041
 525.19236784 519.31524929 528.56985573 527.18134038 524.55582563]",0,0,"[1.47741691e-04 1.59128522e-04 1.06228393e-04 5.68597200e-05
 1.93041370e-04 1.42365537e-04 1.77219750e-04 1.84590280e-04
 1.93905336e-04 1.93678283e-04 1.89979433e-04 1.93100918e-04
 1.92983766e-04 1.82385573e-04 1.94061224e-04 1.94178979e-04
 1.89902295e-04 1.92334474e-04 1.93537640e-04 1.89476548e-04
 1.93013462e-04 1.93753118e-04 1.89476470e-04 1.93276809e-04
 1.93751631e-04 1.89476448e-04 1.93549906e-04 1.93749507e-04
 1.89476481e-04 1.93755306e-04 1.93747453e-04 1.89476352e-04
 1.93956561e-04 1.93745256e-04 1.89476200e-04 1.94037704e-04
 1.93743212e-04 1.89475997e-04 1.93977782e-04 1.93740799e-04
 1.89614446e-04 1.92072347e-04 1.93974503e-04 1.93799599e-04
 1.92530290e-04 1.91535587e-04 1.93401580e-04 1.82095330e-04
 1.83335781e-04 1.93600484e-04 1.80641191e-04 1.88795235e-04
 1.95500026e-04 1.94789127e-04 1.91519392e-04 1.92377058e-04
 1.82517595e-04 1.93126255e-04 1.93981002e-04 1.95110914e-04
 1.85185737e-04 1.81701373e-04 1.94597918e-04 1.94974637e-04
 1.91170638e-04 1.92356847e-04 1.82510864e-04 1.93112003e-04
 1.93969926e-04 1.95490490e-04 1.85214007e-04 1.81691626e-04
 1.94580620e-04 1.94630705e-04 1.92404304e-04 1.92338929e-04
 1.89472847e-04 1.93313065e-04 1.93711161e-04 1.95566390e-04
 1.92369947e-04 1.93496064e-04 1.95376286e-04 1.91825003e-04
 1.81934235e-04 1.94619666e-04 1.93163920e-04 1.81411070e-04
 1.94378000e-04 1.93186242e-04 1.81407862e-04 1.94376315e-04
 1.93207646e-04 1.81404868e-04 1.94374806e-04 1.93227877e-04
 1.81401991e-04 1.94373646e-04 1.93246812e-04 1.81399317e-04]","['user_limit' 'user_limit' 'user_limit' 'user_limit' 'user_limit'
 'user_limit' 'user_limit' 'user_limit' 'user_limit' 'user_limit'
 'user_limit' 'user_limit' 'user_limit' 'user_limit' 'user_limit'
 'user_limit' 'user_limit' 'user_limit' 'user_limit' 'user_limit'
 'user_limit' 'user_limit' 'user_limit' 'user_limit' 'user_limit'
 'user_limit' 'user_limit' 'user_limit' 'user_limit' 'user_limit'
 'user_limit' 'user_limit' 'user_limit' 'user_limit' 'user_limit'
 'user_limit' 'user_limit' 'user_limit' 'user_limit' 'user_limit'
 'user_limit' 'user_limit' 'user_limit' 'user_limit' 'user_limit'
 'user_limit' 'user_limit' 'user_limit' 'user_limit' 'user_limit'
 'user_limit' 'user_limit' 'user_limit' 'user_limit' 'user_limit'
 'user_limit' 'user_limit' 'user_limit' 'user_limit' 'user_limit'
 'user_limit' 'user_limit' 'user_limit' 'user_limit' 'user_limit'
 'user_limit' 'user_limit' 'user_limit' 'user_limit' 'user_limit'
 'user_limit' 'user_limit' 'user_limit' 'user_limit' 'user_limit'
 'user_limit' 'user_limit' 'user_limit' 'user_limit' 'user_limit'
 'user_limit' 'user_limit' 'user_limit' 'user_limit' 'user_limit'
 'user_limit' 'user_limit' 'user_limit' 'user_limit' 'user_limit'
 'user_limit' 'user_limit' 'user_limit' 'user_limit' 'user_limit'
 'user_limit' 'user_limit' 'user_limit' 'user_limit' 'user_limit']","{'x_traj': array([[0.99607659, 0.99999743, 0.0884953 , ..., 0.16621142, 0.06823758,
        0.        ],
       [0.9960713 , 0.99999758, 0.08855485, ..., 0.16621093, 0.06824303,
        0.        ],
       [0.99606611, 0.99999771, 0.08861322, ..., 0.16621046, 0.06824836,
        0.        ],
       ...,
       [0.99584438, 0.99999986, 0.09107128, ..., 0.16619019, 0.06847325,
        0.        ],
       [0.99584359, 0.99999986, 0.09107985, ..., 0.16619012, 0.06847403,
        0.        ],
       [0.99584282, 0.99999985, 0.09108824, ..., 0.16619005, 0.0684748 ,
        0.        ]], shape=(100, 11)), 'u_traj': array([[0., 0.],
       [0., 0.],
       [0., 0.],
       [0., 0.],
       [0., 0.],
       [0., 0.],
       [0., 0.],
       [0., 0.],
       [0., 0.],
       [0., 0.],
       [0., 0.],
       [0., 0.],
       [0., 0.],
       [0., 0.],
       [0., 0.],
       [0., 0.],
       [0., 0.],
       [0., 0.],
       [0., 0.],
       [0., 0.],
       [0., 0.],
       [0., 0.],
       [0., 0.],
       [0., 0.],
       [0., 0.],
       [0., 0.],
       [0., 0.],
       [0., 0.],
       [0., 0.],
       [0., 0.],
       [0., 0.],
       [0., 0.],
       [0., 0.],
       [0., 0.],
       [0., 0.],
       [0., 0.],
       [0., 0.],
       [0., 0.],
       [0., 0.],
       [0., 0.],
       [0., 0.],
       [0., 0.],
       [0., 0.],
       [0., 0.],
       [0., 0.],
       [0., 0.],
       [0., 0.],
       [0., 0.],
       [0., 0.],
       [0., 0.],
       [0., 0.],
       [0., 0.],
       [0., 0.],
       [0., 0.],
       [0., 0.],
       [0., 0.],
       [0., 0.],
       [0., 0.],
       [0., 0.],
       [0., 0.],
       [0., 0.],
       [0., 0.],
       [0., 0.],
       [0., 0.],
       [0., 0.],
       [0., 0.],
       [0., 0.],
       [0., 0.],
       [0., 0.],
       [0., 0.],
       [0., 0.],
       [0., 0.],
       [0., 0.],
       [0., 0.],
       [0., 0.],
       [0., 0.],
       [0., 0.],
       [0., 0.],
       [0., 0.],
       [0., 0.],
       [0., 0.],
       [0., 0.],
       [0., 0.],
       [0., 0.],
       [0., 0.],
       [0., 0.],
       [0., 0.],
       [0., 0.],
       [0., 0.],
       [0., 0.],
       [0., 0.],
       [0., 0.],
       [0., 0.],
       [0., 0.],
       [0., 0.],
       [0., 0.],
       [0., 0.],
       [0., 0.],
       [0., 0.],
       [0., 0.]]), 'target_traj': array([[0.043, 0.09 ],
       [0.043, 0.09 ],
       [0.043, 0.09 ],
       [0.043, 0.09 ],
       [0.043, 0.09 ],
       [0.043, 0.09 ],
       [0.043, 0.09 ],
       [0.043, 0.09 ],
       [0.043, 0.09 ],
       [0.043, 0.09 ],
       [0.043, 0.09 ],
       [0.043, 0.09 ],
       [0.043, 0.09 ],
       [0.043, 0.09 ],
       [0.043, 0.09 ],
       [0.043, 0.09 ],
       [0.043, 0.09 ],
       [0.043, 0.09 ],
       [0.043, 0.09 ],
       [0.043, 0.09 ],
       [0.043, 0.09 ],
       [0.043, 0.09 ],
       [0.043, 0.09 ],
       [0.043, 0.09 ],
       [0.043, 0.09 ],
       [0.043, 0.09 ],
       [0.043, 0.09 ],
       [0.043, 0.09 ],
       [0.043, 0.09 ],
       [0.043, 0.09 ],
       [0.043, 0.09 ],
       [0.043, 0.09 ],
       [0.043, 0.09 ],
       [0.043, 0.09 ],
       [0.043, 0.09 ],
       [0.043, 0.09 ],
       [0.043, 0.09 ],
       [0.043, 0.09 ],
       [0.043, 0.09 ],
       [0.043, 0.09 ],
       [0.043, 0.09 ],
       [0.043, 0.09 ],
       [0.043, 0.09 ],
       [0.043, 0.09 ],
       [0.043, 0.09 ],
       [0.043, 0.09 ],
       [0.043, 0.09 ],
       [0.043, 0.09 ],
       [0.043, 0.09 ],
       [0.043, 0.09 ],
       [0.043, 0.09 ],
       [0.043, 0.09 ],
       [0.043, 0.09 ],
       [0.043, 0.09 ],
       [0.043, 0.09 ],
       [0.043, 0.09 ],
       [0.043, 0.09 ],
       [0.043, 0.09 ],
       [0.043, 0.09 ],
       [0.043, 0.09 ],
       [0.043, 0.09 ],
       [0.043, 0.09 ],
       [0.043, 0.09 ],
       [0.043, 0.09 ],
       [0.043, 0.09 ],
       [0.043, 0.09 ],
       [0.043, 0.09 ],
       [0.043, 0.09 ],
       [0.043, 0.09 ],
       [0.043, 0.09 ],
       [0.043, 0.09 ],
       [0.043, 0.09 ],
       [0.043, 0.09 ],
       [0.043, 0.09 ],
       [0.043, 0.09 ],
       [0.043, 0.09 ],
       [0.043, 0.09 ],
       [0.043, 0.09 ],
       [0.043, 0.09 ],
       [0.043, 0.09 ],
       [0.043, 0.09 ],
       [0.043, 0.09 ],
       [0.043, 0.09 ],
       [0.043, 0.09 ],
       [0.043, 0.09 ],
       [0.043, 0.09 ],
       [0.043, 0.09 ],
       [0.043, 0.09 ],
       [0.043, 0.09 ],
       [0.043, 0.09 ],
       [0.043, 0.09 ],
       [0.043, 0.09 ],
       [0.043, 0.09 ],
       [0.043, 0.09 ],
       [0.043, 0.09 ],
       [0.043, 0.09 ],
       [0.043, 0.09 ],
       [0.043, 0.09 ],
       [0.043, 0.09 ],
       [0.043, 0.09 ]]), 'err': array([0.18075376, 0.18075117, 0.18074864, 0.18074615, 0.18074372,
       0.18074133, 0.18073898, 0.18073669, 0.18073444, 0.18073223,
       0.18073007, 0.18072795, 0.18072587, 0.18072383, 0.18072184,
       0.18071988, 0.18071796, 0.18071608, 0.18071423, 0.18071243,
       0.18071065, 0.18070892, 0.18070721, 0.18070554, 0.18070391,
       0.1807023 , 0.18070073, 0.18069919, 0.18069768, 0.18069619,
       0.18069474, 0.18069332, 0.18069192, 0.18069056, 0.18068921,
       0.1806879 , 0.18068661, 0.18068535, 0.18068411, 0.1806829 ,
       0.18068171, 0.18068054, 0.1806794 , 0.18067828, 0.18067718,
       0.1806761 , 0.18067504, 0.18067401, 0.18067299, 0.180672  ,
       0.18067102, 0.18067007, 0.18066913, 0.18066821, 0.18066731,
       0.18066643, 0.18066557, 0.18066472, 0.18066389, 0.18066307,
       0.18066227, 0.18066149, 0.18066072, 0.18065997, 0.18065923,
       0.18065851, 0.1806578 , 0.18065711, 0.18065643, 0.18065576,
       0.18065511, 0.18065446, 0.18065384, 0.18065322, 0.18065261,
       0.18065202, 0.18065144, 0.18065087, 0.18065032, 0.18064977,
       0.18064923, 0.18064871, 0.18064819, 0.18064769, 0.18064719,
       0.18064671, 0.18064623, 0.18064577, 0.18064531, 0.18064486,
       0.18064442, 0.18064399, 0.18064357, 0.18064316, 0.18064275,
       0.18064235, 0.18064196, 0.18064158, 0.18064121, 0.18064084])}"
4,fixed_k,iid,100,80,10.617474151254687,"[0.8981701  1.25692646 1.23840077 1.30239211 1.30302736 1.28807249
 1.31270566 1.30268309 1.29409606 1.31396589 1.30169902 1.29530068
 1.31792817 1.30181819 1.29340175 1.30810866 1.30209927 1.29420047
 1.30927923 1.3021228  1.29368189 1.30939597 1.3021228  1.29368189
 1.30939597 1.3021228  1.29368189 1.30939597 1.3021228  1.29368189
 1.30939597 1.3021228  1.29368189 1.30939597 1.3021228  1.29368189
 1.30939597 1.3021228  1.29368189 1.30939597 1.30332086 1.29443804
 1.30926662 1.30246081 1.2945202  1.31743917 1.30233182 1.29455538
 1.30320812 1.30223856 1.29391906 1.30068223 1.30572276 1.30350747
 1.29787207 1.31539418 1.30189646 1.29360381 1.30610387 1.30695863
 1.29669964 1.30729021 1.30007486 1.30326808 1.29555043 1.31539418
 1.30189646 1.29360381 1.30610387 1.30695863 1.29669964 1.30729021
 1.30007486 1.3036578  1.29554876 1.30913253 1.3021228  1.29368189
 1.30939597 1.30351429 1.29408393 1.3087764  1.3040437  1.29479456
 1.31550991 1.30140089 1.29463137 1.30472556 1.30544636 1.29463137
 1.30472556 1.30544636 1.29463137 1.30472556 1.30544636 1.29463137
 1.30472556 1.30544636 1.29463137 1.30472556]",0.13058108081697326,0.1806800181826324,0,"[524.36233126 527.72990987 522.28412312 518.86811852 521.81457449
 521.22994419 525.71319137 519.36678682 525.12579784 518.90051179
 523.98444712 528.25115807 525.08242521 525.79970285 522.3782789
 522.75394369 526.21397469 520.13701759 519.39968672 522.90594671
 521.83970157 525.13252757 522.30046503 526.37442853 520.81760298
 523.08586426 527.65402757 522.53617253 521.33118454 525.15196428
 526.04433801 529.88976985 521.68521471 521.53331507 526.26464982
 519.29000579 525.65012407 521.51834127 524.51580949 520.09872347
 518.82244833 528.43696903 517.85783563 523.55866041 521.47544269
 525.69750603 523.72170985 520.25684249 525.85986257 524.57926795
 522.38184307 522.66845573 522.47305401 519.12445668 517.27776043
 520.65064106 517.64126867 521.66867256 517.909199   525.61262716
 521.93587646 522.46139664 519.34140269 523.9189323  521.51930891
 520.88394109 527.43632533 522.1383227  520.82804404 519.73202731
 526.33346152 518.98653246 519.01369728 520.88814322 523.76709692
 525.11873376 518.21535733 519.76696588 522.50463981 518.07978656
 523.65902811 524.04370438 521.88947611 520.46553791 524.9749897
 527.95073204 521.40289545 522.0061997  519.70914565 521.52219322
 523.49000517 519.58265342 664.51508086 520.26538458 521.40068635
 526.51018742 521.58910595 519.2206623  523.12706411 521.80066518]",0,0,"[1.47741691e-04 1.59128522e-04 1.06228393e-04 5.68597200e-05
 1.93041370e-04 1.42365537e-04 1.77219750e-04 1.84590280e-04
 1.93905336e-04 1.93678283e-04 1.89979433e-04 1.93100918e-04
 1.92983766e-04 1.82385573e-04 1.94061224e-04 1.94178979e-04
 1.89902295e-04 1.92334474e-04 1.93537640e-04 1.89476548e-04
 1.93013462e-04 1.93753118e-04 1.89476470e-04 1.93276809e-04
 1.93751631e-04 1.89476448e-04 1.93549906e-04 1.93749507e-04
 1.89476481e-04 1.93755306e-04 1.93747453e-04 1.89476352e-04
 1.93956561e-04 1.93745256e-04 1.89476200e-04 1.94037704e-04
 1.93743212e-04 1.89475997e-04 1.93977782e-04 1.93740799e-04
 1.89614446e-04 1.92072347e-04 1.93974503e-04 1.93799599e-04
 1.92530290e-04 1.91535587e-04 1.93401580e-04 1.82095330e-04
 1.83335781e-04 1.93600484e-04 1.80641191e-04 1.88795235e-04
 1.95500026e-04 1.94789127e-04 1.91519392e-04 1.92377058e-04
 1.82517595e-04 1.93126255e-04 1.93981002e-04 1.95110914e-04
 1.85185737e-04 1.81701373e-04 1.94597918e-04 1.94974637e-04
 1.91170638e-04 1.92356847e-04 1.82510864e-04 1.93112003e-04
 1.93969926e-04 1.95490490e-04 1.85214007e-04 1.81691626e-04
 1.94580620e-04 1.94630705e-04 1.92404304e-04 1.92338929e-04
 1.89472847e-04 1.93313065e-04 1.93711161e-04 1.95566390e-04
 1.92369947e-04 1.93496064e-04 1.95376286e-04 1.91825003e-04
 1.81934235e-04 1.94619666e-04 1.93163920e-04 1.81411070e-04
 1.94378000e-04 1.93186242e-04 1.81407862e-04 1.94376315e-04
 1.93207646e-04 1.81404868e-04 1.94374806e-04 1.93227877e-04
 1.81401991e-04 1.94373646e-04 1.93246812e-04 1.81399317e-04]","['user_limit' 'user_limit' 'user_limit' 'user_limit' 'user_limit'
 'user_limit' 'user_limit' 'user_limit' 'user_limit' 'user_limit'
 'user_limit' 'user_limit' 'user_limit' 'user_limit' 'user_limit'
 'user_limit' 'user_limit' 'user_limit' 'user_limit' 'user_limit'
 'user_limit' 'user_limit' 'user_limit' 'user_limit' 'user_limit'
 'user_limit' 'user_limit' 'user_limit' 'user_limit' 'user_limit'
 'user_limit' 'user_limit' 'user_limit' 'user_limit' 'user_limit'
 'user_limit' 'user_limit' 'user_limit' 'user_limit' 'user_limit'
 'user_limit' 'user_limit' 'user_limit' 'user_limit' 'user_limit'
 'user_limit' 'user_limit' 'user_limit' 'user_limit' 'user_limit'
 'user_limit' 'user_limit' 'user_limit' 'user_limit' 'user_limit'
 'user_limit' 'user_limit' 'user_limit' 'user_limit' 'user_limit'
 'user_limit' 'user_limit' 'user_limit' 'user_limit' 'user_limit'
 'user_limit' 'user_limit' 'user_limit' 'user_limit' 'user_limit'
 'user_limit' 'user_limit' 'user_limit' 'user_limit' 'user_limit'
 'user_limit' 'user_limit' 'user_limit' 'user_limit' 'user_limit'
 'user_limit' 'user_limit' 'user_limit' 'user_limit' 'user_limit'
 'user_limit' 'user_limit' 'user_limit' 'user_limit' 'user_limit'
 'user_limit' 'user_limit' 'user_limit' 'user_limit' 'user_limit'
 'user_limit' 'user_limit' 'user_limit' 'user_limit' 'user_limit']","{'x_traj': array([[0.99607659, 0.99999743, 0.0884953 , ..., 0.16621142, 0.06823758,
        0.        ],
       [0.9960713 , 0.99999758, 0.08855485, ..., 0.16621093, 0.06824303,
        0.        ],
       [0.99606611, 0.99999771, 0.08861322, ..., 0.16621046, 0.06824836,
        0.        ],
       ...,
       [0.99584438, 0.99999986, 0.09107128, ..., 0.16619019, 0.06847325,
        0.        ],
       [0.99584359, 0.99999986, 0.09107985, ..., 0.16619012, 0.06847403,
        0.        ],
       [0.99584282, 0.99999985, 0.09108824, ..., 0.16619005, 0.0684748 ,
        0.        ]], shape=(100, 11)), 'u_traj': array([[0., 0.],
       [0., 0.],
       [0., 0.],
       [0., 0.],
       [0., 0.],
       [0., 0.],
       [0., 0.],
       [0., 0.],
       [0., 0.],
       [0., 0.],
       [0., 0.],
       [0., 0.],
       [0., 0.],
       [0., 0.],
       [0., 0.],
       [0., 0.],
       [0., 0.],
       [0., 0.],
       [0., 0.],
       [0., 0.],
       [0., 0.],
       [0., 0.],
       [0., 0.],
       [0., 0.],
       [0., 0.],
       [0., 0.],
       [0., 0.],
       [0., 0.],
       [0., 0.],
       [0., 0.],
       [0., 0.],
       [0., 0.],
       [0., 0.],
       [0., 0.],
       [0., 0.],
       [0., 0.],
       [0., 0.],
       [0., 0.],
       [0., 0.],
       [0., 0.],
       [0., 0.],
       [0., 0.],
       [0., 0.],
       [0., 0.],
       [0., 0.],
       [0., 0.],
       [0., 0.],
       [0., 0.],
       [0., 0.],
       [0., 0.],
       [0., 0.],
       [0., 0.],
       [0., 0.],
       [0., 0.],
       [0., 0.],
       [0., 0.],
       [0., 0.],
       [0., 0.],
       [0., 0.],
       [0., 0.],
       [0., 0.],
       [0., 0.],
       [0., 0.],
       [0., 0.],
       [0., 0.],
       [0., 0.],
       [0., 0.],
       [0., 0.],
       [0., 0.],
       [0., 0.],
       [0., 0.],
       [0., 0.],
       [0., 0.],
       [0., 0.],
       [0., 0.],
       [0., 0.],
       [0., 0.],
       [0., 0.],
       [0., 0.],
       [0., 0.],
       [0., 0.],
       [0., 0.],
       [0., 0.],
       [0., 0.],
       [0., 0.],
       [0., 0.],
       [0., 0.],
       [0., 0.],
       [0., 0.],
       [0., 0.],
       [0., 0.],
       [0., 0.],
       [0., 0.],
       [0., 0.],
       [0., 0.],
       [0., 0.],
       [0., 0.],
       [0., 0.],
       [0., 0.],
       [0., 0.]]), 'target_traj': array([[0.043, 0.09 ],
       [0.043, 0.09 ],
       [0.043, 0.09 ],
       [0.043, 0.09 ],
       [0.043, 0.09 ],
       [0.043, 0.09 ],
       [0.043, 0.09 ],
       [0.043, 0.09 ],
       [0.043, 0.09 ],
       [0.043, 0.09 ],
       [0.043, 0.09 ],
       [0.043, 0.09 ],
       [0.043, 0.09 ],
       [0.043, 0.09 ],
       [0.043, 0.09 ],
       [0.043, 0.09 ],
       [0.043, 0.09 ],
       [0.043, 0.09 ],
       [0.043, 0.09 ],
       [0.043, 0.09 ],
       [0.043, 0.09 ],
       [0.043, 0.09 ],
       [0.043, 0.09 ],
       [0.043, 0.09 ],
       [0.043, 0.09 ],
       [0.043, 0.09 ],
       [0.043, 0.09 ],
       [0.043, 0.09 ],
       [0.043, 0.09 ],
       [0.043, 0.09 ],
       [0.043, 0.09 ],
       [0.043, 0.09 ],
       [0.043, 0.09 ],
       [0.043, 0.09 ],
       [0.043, 0.09 ],
       [0.043, 0.09 ],
       [0.043, 0.09 ],
       [0.043, 0.09 ],
       [0.043, 0.09 ],
       [0.043, 0.09 ],
       [0.043, 0.09 ],
       [0.043, 0.09 ],
       [0.043, 0.09 ],
       [0.043, 0.09 ],
       [0.043, 0.09 ],
       [0.043, 0.09 ],
       [0.043, 0.09 ],
       [0.043, 0.09 ],
       [0.043, 0.09 ],
       [0.043, 0.09 ],
       [0.043, 0.09 ],
       [0.043, 0.09 ],
       [0.043, 0.09 ],
       [0.043, 0.09 ],
       [0.043, 0.09 ],
       [0.043, 0.09 ],
       [0.043, 0.09 ],
       [0.043, 0.09 ],
       [0.043, 0.09 ],
       [0.043, 0.09 ],
       [0.043, 0.09 ],
       [0.043, 0.09 ],
       [0.043, 0.09 ],
       [0.043, 0.09 ],
       [0.043, 0.09 ],
       [0.043, 0.09 ],
       [0.043, 0.09 ],
       [0.043, 0.09 ],
       [0.043, 0.09 ],
       [0.043, 0.09 ],
       [0.043, 0.09 ],
       [0.043, 0.09 ],
       [0.043, 0.09 ],
       [0.043, 0.09 ],
       [0.043, 0.09 ],
       [0.043, 0.09 ],
       [0.043, 0.09 ],
       [0.043, 0.09 ],
       [0.043, 0.09 ],
       [0.043, 0.09 ],
       [0.043, 0.09 ],
       [0.043, 0.09 ],
       [0.043, 0.09 ],
       [0.043, 0.09 ],
       [0.043, 0.09 ],
       [0.043, 0.09 ],
       [0.043, 0.09 ],
       [0.043, 0.09 ],
       [0.043, 0.09 ],
       [0.043, 0.09 ],
       [0.043, 0.09 ],
       [0.043, 0.09 ],
       [0.043, 0.09 ],
       [0.043, 0.09 ],
       [0.043, 0.09 ],
       [0.043, 0.09 ],
       [0.043, 0.09 ],
       [0.043, 0.09 ],
       [0.043, 0.09 ],
       [0.043, 0.09 ]]), 'err': array([0.18075376, 0.18075117, 0.18074864, 0.18074615, 0.18074372,
       0.18074133, 0.18073898, 0.18073669, 0.18073444, 0.18073223,
       0.18073007, 0.18072795, 0.18072587, 0.18072383, 0.18072184,
       0.18071988, 0.18071796, 0.18071608, 0.18071423, 0.18071243,
       0.18071065, 0.18070892, 0.18070721, 0.18070554, 0.18070391,
       0.1807023 , 0.18070073, 0.18069919, 0.18069768, 0.18069619,
       0.18069474, 0.18069332, 0.18069192, 0.18069056, 0.18068921,
       0.1806879 , 0.18068661, 0.18068535, 0.18068411, 0.1806829 ,
       0.18068171, 0.18068054, 0.1806794 , 0.18067828, 0.18067718,
       0.1806761 , 0.18067504, 0.18067401, 0.18067299, 0.180672  ,
       0.18067102, 0.18067007, 0.18066913, 0.18066821, 0.18066731,
       0.18066643, 0.18066557, 0.18066472, 0.18066389, 0.18066307,
       0.18066227, 0.18066149, 0.18066072, 0.18065997, 0.18065923,
       0.18065851, 0.1806578 , 0.18065711, 0.18065643, 0.18065576,
       0.18065511, 0.18065446, 0.18065384, 0.18065322, 0.18065261,
       0.18065202, 0.18065144, 0.18065087, 0.18065032, 0.18064977,
       0.18064923, 0.18064871, 0.18064819, 0.18064769, 0.18064719,
       0.18064671, 0.18064623, 0.18064577, 0.18064531, 0.18064486,
       0.18064442, 0.18064399, 0.18064357, 0.18064316, 0.18064275,
       0.18064235, 0.18064196, 0.18064158, 0.18064121, 0.18064084])}"
4,fixed_k,iid,100,90,10.617474151254687,"[0.8981701  1.25692646 1.23840077 1.30239211 1.30302736 1.28807249
 1.31270566 1.30268309 1.29409606 1.31396589 1.30169902 1.29530068
 1.31792817 1.30181819 1.29340175 1.30810866 1.30209927 1.29420047
 1.30927923 1.3021228  1.29368189 1.30939597 1.3021228  1.29368189
 1.30939597 1.3021228  1.29368189 1.30939597 1.3021228  1.29368189
 1.30939597 1.3021228  1.29368189 1.30939597 1.3021228  1.29368189
 1.30939597 1.3021228  1.29368189 1.30939597 1.30332086 1.29443804
 1.30926662 1.30246081 1.2945202  1.31743917 1.30233182 1.29455538
 1.30320812 1.30223856 1.29391906 1.30068223 1.30572276 1.30350747
 1.29787207 1.31539418 1.30189646 1.29360381 1.30610387 1.30695863
 1.29669964 1.30729021 1.30007486 1.30326808 1.29555043 1.31539418
 1.30189646 1.29360381 1.30610387 1.30695863 1.29669964 1.30729021
 1.30007486 1.3036578  1.29554876 1.30913253 1.3021228  1.29368189
 1.30939597 1.30351429 1.29408393 1.3087764  1.3040437  1.29479456
 1.31550991 1.30140089 1.29463137 1.30472556 1.30544636 1.29463137
 1.30472556 1.30544636 1.29463137 1.30472556 1.30544636 1.29463137
 1.30472556 1.30544636 1.29463137 1.30472556]",0.13058108081697326,0.1806800181826324,0,"[526.82542149 524.95958097 518.98324769 527.90733799 518.44582055
 524.5570112  518.95028912 522.30107971 526.51783638 520.91076132
 520.96435893 521.03430964 525.49203113 526.36858355 523.71598128
 521.10334672 524.1122283  525.80971178 530.3155072  521.89870458
 522.04285841 521.4042021  521.89165168 534.69965979 520.80238704
 521.77099977 521.03284094 526.16541088 528.12253032 520.17522883
 521.82065789 523.8166051  523.98921456 527.15706546 522.75934257
 528.94772124 519.90446914 521.76729497 530.6801917  521.16513345
 521.22414391 518.705911   524.47820362 519.50060949 519.27499939
 524.2372863  521.57449163 525.70314519 519.03576683 524.76734761
 520.36599908 521.01055346 525.65902937 524.63845722 520.60443163
 519.16836575 523.95091858 523.68873172 518.35385058 520.03942057
 523.02589267 519.51197907 525.47355276 520.53362317 519.99017503
 519.56250798 520.87860648 528.07666548 521.87927254 521.71311807
 524.6621985  524.38359335 524.74052925 519.5423523  521.86822332
 520.18810343 517.6148247  526.97849087 527.00022422 517.82878023
 517.11037755 518.27790868 526.91206895 520.64007241 517.97155291
 521.47762664 518.47164892 523.1621014  526.09239705 523.62808306
 521.42708097 521.98880911 525.89099668 522.43936621 516.71995036
 522.62566611 520.88184375 523.79370015 521.5165941  521.01646084]",0,0,"[1.47741691e-04 1.59128522e-04 1.06228393e-04 5.68597200e-05
 1.93041370e-04 1.42365537e-04 1.77219750e-04 1.84590280e-04
 1.93905336e-04 1.93678283e-04 1.89979433e-04 1.93100918e-04
 1.92983766e-04 1.82385573e-04 1.94061224e-04 1.94178979e-04
 1.89902295e-04 1.92334474e-04 1.93537640e-04 1.89476548e-04
 1.93013462e-04 1.93753118e-04 1.89476470e-04 1.93276809e-04
 1.93751631e-04 1.89476448e-04 1.93549906e-04 1.93749507e-04
 1.89476481e-04 1.93755306e-04 1.93747453e-04 1.89476352e-04
 1.93956561e-04 1.93745256e-04 1.89476200e-04 1.94037704e-04
 1.93743212e-04 1.89475997e-04 1.93977782e-04 1.93740799e-04
 1.89614446e-04 1.92072347e-04 1.93974503e-04 1.93799599e-04
 1.92530290e-04 1.91535587e-04 1.93401580e-04 1.82095330e-04
 1.83335781e-04 1.93600484e-04 1.80641191e-04 1.88795235e-04
 1.95500026e-04 1.94789127e-04 1.91519392e-04 1.92377058e-04
 1.82517595e-04 1.93126255e-04 1.93981002e-04 1.95110914e-04
 1.85185737e-04 1.81701373e-04 1.94597918e-04 1.94974637e-04
 1.91170638e-04 1.92356847e-04 1.82510864e-04 1.93112003e-04
 1.93969926e-04 1.95490490e-04 1.85214007e-04 1.81691626e-04
 1.94580620e-04 1.94630705e-04 1.92404304e-04 1.92338929e-04
 1.89472847e-04 1.93313065e-04 1.93711161e-04 1.95566390e-04
 1.92369947e-04 1.93496064e-04 1.95376286e-04 1.91825003e-04
 1.81934235e-04 1.94619666e-04 1.93163920e-04 1.81411070e-04
 1.94378000e-04 1.93186242e-04 1.81407862e-04 1.94376315e-04
 1.93207646e-04 1.81404868e-04 1.94374806e-04 1.93227877e-04
 1.81401991e-04 1.94373646e-04 1.93246812e-04 1.81399317e-04]","['user_limit' 'user_limit' 'user_limit' 'user_limit' 'user_limit'
 'user_limit' 'user_limit' 'user_limit' 'user_limit' 'user_limit'
 'user_limit' 'user_limit' 'user_limit' 'user_limit' 'user_limit'
 'user_limit' 'user_limit' 'user_limit' 'user_limit' 'user_limit'
 'user_limit' 'user_limit' 'user_limit' 'user_limit' 'user_limit'
 'user_limit' 'user_limit' 'user_limit' 'user_limit' 'user_limit'
 'user_limit' 'user_limit' 'user_limit' 'user_limit' 'user_limit'
 'user_limit' 'user_limit' 'user_limit' 'user_limit' 'user_limit'
 'user_limit' 'user_limit' 'user_limit' 'user_limit' 'user_limit'
 'user_limit' 'user_limit' 'user_limit' 'user_limit' 'user_limit'
 'user_limit' 'user_limit' 'user_limit' 'user_limit' 'user_limit'
 'user_limit' 'user_limit' 'user_limit' 'user_limit' 'user_limit'
 'user_limit' 'user_limit' 'user_limit' 'user_limit' 'user_limit'
 'user_limit' 'user_limit' 'user_limit' 'user_limit' 'user_limit'
 'user_limit' 'user_limit' 'user_limit' 'user_limit' 'user_limit'
 'user_limit' 'user_limit' 'user_limit' 'user_limit' 'user_limit'
 'user_limit' 'user_limit' 'user_limit' 'user_limit' 'user_limit'
 'user_limit' 'user_limit' 'user_limit' 'user_limit' 'user_limit'
 'user_limit' 'user_limit' 'user_limit' 'user_limit' 'user_limit'
 'user_limit' 'user_limit' 'user_limit' 'user_limit' 'user_limit']","{'x_traj': array([[0.99607659, 0.99999743, 0.0884953 , ..., 0.16621142, 0.06823758,
        0.        ],
       [0.9960713 , 0.99999758, 0.08855485, ..., 0.16621093, 0.06824303,
        0.        ],
       [0.99606611, 0.99999771, 0.08861322, ..., 0.16621046, 0.06824836,
        0.        ],
       ...,
       [0.99584438, 0.99999986, 0.09107128, ..., 0.16619019, 0.06847325,
        0.        ],
       [0.99584359, 0.99999986, 0.09107985, ..., 0.16619012, 0.06847403,
        0.        ],
       [0.99584282, 0.99999985, 0.09108824, ..., 0.16619005, 0.0684748 ,
        0.        ]], shape=(100, 11)), 'u_traj': array([[0., 0.],
       [0., 0.],
       [0., 0.],
       [0., 0.],
       [0., 0.],
       [0., 0.],
       [0., 0.],
       [0., 0.],
       [0., 0.],
       [0., 0.],
       [0., 0.],
       [0., 0.],
       [0., 0.],
       [0., 0.],
       [0., 0.],
       [0., 0.],
       [0., 0.],
       [0., 0.],
       [0., 0.],
       [0., 0.],
       [0., 0.],
       [0., 0.],
       [0., 0.],
       [0., 0.],
       [0., 0.],
       [0., 0.],
       [0., 0.],
       [0., 0.],
       [0., 0.],
       [0., 0.],
       [0., 0.],
       [0., 0.],
       [0., 0.],
       [0., 0.],
       [0., 0.],
       [0., 0.],
       [0., 0.],
       [0., 0.],
       [0., 0.],
       [0., 0.],
       [0., 0.],
       [0., 0.],
       [0., 0.],
       [0., 0.],
       [0., 0.],
       [0., 0.],
       [0., 0.],
       [0., 0.],
       [0., 0.],
       [0., 0.],
       [0., 0.],
       [0., 0.],
       [0., 0.],
       [0., 0.],
       [0., 0.],
       [0., 0.],
       [0., 0.],
       [0., 0.],
       [0., 0.],
       [0., 0.],
       [0., 0.],
       [0., 0.],
       [0., 0.],
       [0., 0.],
       [0., 0.],
       [0., 0.],
       [0., 0.],
       [0., 0.],
       [0., 0.],
       [0., 0.],
       [0., 0.],
       [0., 0.],
       [0., 0.],
       [0., 0.],
       [0., 0.],
       [0., 0.],
       [0., 0.],
       [0., 0.],
       [0., 0.],
       [0., 0.],
       [0., 0.],
       [0., 0.],
       [0., 0.],
       [0., 0.],
       [0., 0.],
       [0., 0.],
       [0., 0.],
       [0., 0.],
       [0., 0.],
       [0., 0.],
       [0., 0.],
       [0., 0.],
       [0., 0.],
       [0., 0.],
       [0., 0.],
       [0., 0.],
       [0., 0.],
       [0., 0.],
       [0., 0.],
       [0., 0.]]), 'target_traj': array([[0.043, 0.09 ],
       [0.043, 0.09 ],
       [0.043, 0.09 ],
       [0.043, 0.09 ],
       [0.043, 0.09 ],
       [0.043, 0.09 ],
       [0.043, 0.09 ],
       [0.043, 0.09 ],
       [0.043, 0.09 ],
       [0.043, 0.09 ],
       [0.043, 0.09 ],
       [0.043, 0.09 ],
       [0.043, 0.09 ],
       [0.043, 0.09 ],
       [0.043, 0.09 ],
       [0.043, 0.09 ],
       [0.043, 0.09 ],
       [0.043, 0.09 ],
       [0.043, 0.09 ],
       [0.043, 0.09 ],
       [0.043, 0.09 ],
       [0.043, 0.09 ],
       [0.043, 0.09 ],
       [0.043, 0.09 ],
       [0.043, 0.09 ],
       [0.043, 0.09 ],
       [0.043, 0.09 ],
       [0.043, 0.09 ],
       [0.043, 0.09 ],
       [0.043, 0.09 ],
       [0.043, 0.09 ],
       [0.043, 0.09 ],
       [0.043, 0.09 ],
       [0.043, 0.09 ],
       [0.043, 0.09 ],
       [0.043, 0.09 ],
       [0.043, 0.09 ],
       [0.043, 0.09 ],
       [0.043, 0.09 ],
       [0.043, 0.09 ],
       [0.043, 0.09 ],
       [0.043, 0.09 ],
       [0.043, 0.09 ],
       [0.043, 0.09 ],
       [0.043, 0.09 ],
       [0.043, 0.09 ],
       [0.043, 0.09 ],
       [0.043, 0.09 ],
       [0.043, 0.09 ],
       [0.043, 0.09 ],
       [0.043, 0.09 ],
       [0.043, 0.09 ],
       [0.043, 0.09 ],
       [0.043, 0.09 ],
       [0.043, 0.09 ],
       [0.043, 0.09 ],
       [0.043, 0.09 ],
       [0.043, 0.09 ],
       [0.043, 0.09 ],
       [0.043, 0.09 ],
       [0.043, 0.09 ],
       [0.043, 0.09 ],
       [0.043, 0.09 ],
       [0.043, 0.09 ],
       [0.043, 0.09 ],
       [0.043, 0.09 ],
       [0.043, 0.09 ],
       [0.043, 0.09 ],
       [0.043, 0.09 ],
       [0.043, 0.09 ],
       [0.043, 0.09 ],
       [0.043, 0.09 ],
       [0.043, 0.09 ],
       [0.043, 0.09 ],
       [0.043, 0.09 ],
       [0.043, 0.09 ],
       [0.043, 0.09 ],
       [0.043, 0.09 ],
       [0.043, 0.09 ],
       [0.043, 0.09 ],
       [0.043, 0.09 ],
       [0.043, 0.09 ],
       [0.043, 0.09 ],
       [0.043, 0.09 ],
       [0.043, 0.09 ],
       [0.043, 0.09 ],
       [0.043, 0.09 ],
       [0.043, 0.09 ],
       [0.043, 0.09 ],
       [0.043, 0.09 ],
       [0.043, 0.09 ],
       [0.043, 0.09 ],
       [0.043, 0.09 ],
       [0.043, 0.09 ],
       [0.043, 0.09 ],
       [0.043, 0.09 ],
       [0.043, 0.09 ],
       [0.043, 0.09 ],
       [0.043, 0.09 ],
       [0.043, 0.09 ]]), 'err': array([0.18075376, 0.18075117, 0.18074864, 0.18074615, 0.18074372,
       0.18074133, 0.18073898, 0.18073669, 0.18073444, 0.18073223,
       0.18073007, 0.18072795, 0.18072587, 0.18072383, 0.18072184,
       0.18071988, 0.18071796, 0.18071608, 0.18071423, 0.18071243,
       0.18071065, 0.18070892, 0.18070721, 0.18070554, 0.18070391,
       0.1807023 , 0.18070073, 0.18069919, 0.18069768, 0.18069619,
       0.18069474, 0.18069332, 0.18069192, 0.18069056, 0.18068921,
       0.1806879 , 0.18068661, 0.18068535, 0.18068411, 0.1806829 ,
       0.18068171, 0.18068054, 0.1806794 , 0.18067828, 0.18067718,
       0.1806761 , 0.18067504, 0.18067401, 0.18067299, 0.180672  ,
       0.18067102, 0.18067007, 0.18066913, 0.18066821, 0.18066731,
       0.18066643, 0.18066557, 0.18066472, 0.18066389, 0.18066307,
       0.18066227, 0.18066149, 0.18066072, 0.18065997, 0.18065923,
       0.18065851, 0.1806578 , 0.18065711, 0.18065643, 0.18065576,
       0.18065511, 0.18065446, 0.18065384, 0.18065322, 0.18065261,
       0.18065202, 0.18065144, 0.18065087, 0.18065032, 0.18064977,
       0.18064923, 0.18064871, 0.18064819, 0.18064769, 0.18064719,
       0.18064671, 0.18064623, 0.18064577, 0.18064531, 0.18064486,
       0.18064442, 0.18064399, 0.18064357, 0.18064316, 0.18064275,
       0.18064235, 0.18064196, 0.18064158, 0.18064121, 0.18064084])}"
