mode,seed,K,rho,steps,k_opt_mean,k_opt_var,sigma_min_Ag,kappa_Ag_mean,localness_mean,slack_max,slack_mean,kkt_res_max,eq_res_max,solver_fail_rate,rmse_ee,err_p95,err_max,err_final,success,effort_sum_sq,jerk_sum_sq,jerk_max,u_violation_rate,total_cost,ISE,IAE,solve_ms_mean,solve_ms_total,npz_path
fixed_k,0,20,0.005,200,20.0,0.0,0.07278009936338302,94.37662249027882,1.6783675053567806,0.06707026746952086,0.003045719407962324,20059286.862106707,0.00012836125619364682,0.075,0.13398896057852985,0.1827183485304648,0.1909838144553672,0.07951465805082443,0,27.766050813250427,75.39195994776931,1.3066307232572065,0.055,0.15063150095585476,2.621565890264235e-05,3.443824233962365e-05,87.47011299914448,17494.022599828895,logs/reacher_cdc_fixed_seed10\run_fixed_k_K020_rho0.005_Kmin20_Kmax320_Kstep10_gmin1e-06_seed000.npz
fixed_k,1,20,0.005,200,20.0,0.0,0.054002204225293976,90.56585639304708,1.9451313764935616,2.788701222613793,0.020901865554313014,20057217.601592086,0.0003055630273587136,0.05,0.09897826001048479,0.16110613673722643,0.18508329007727697,0.11560526621216016,0,28.22087350407846,67.72399205434665,1.4141613885751914,0.11,0.08832079281694093,1.896299524821499e-05,2.31040140993494e-05,91.66574249975383,18333.148499950767,logs/reacher_cdc_fixed_seed10\run_fixed_k_K020_rho0.005_Kmin20_Kmax320_Kstep10_gmin1e-06_seed001.npz
fixed_k,2,20,0.005,200,20.0,0.0,0.0781083300847758,97.61380629764764,1.8169847533118397,0.2920529560706383,0.005607988231022123,20059926.608395725,0.00015681641777543813,0.075,0.10824219334299548,0.16159097781008616,0.1965072841060796,0.07725354750184017,0,28.689904304338302,75.234380847556,1.3557985374892367,0.12,0.10240691754217221,1.9820466311139184e-05,2.495272912495476e-05,90.25856449909043,18051.712899818085,logs/reacher_cdc_fixed_seed10\run_fixed_k_K020_rho0.005_Kmin20_Kmax320_Kstep10_gmin1e-06_seed002.npz
fixed_k,3,20,0.005,200,20.0,0.0,0.06560160516027391,92.93146017183768,1.7989284935689238,0.30901973921558823,0.009888884684237811,20098560.280392647,0.00011109224345657601,0.125,0.15680756067792984,0.20665390985757692,0.20838994865883428,0.1148551538291343,0,23.70750229616253,61.82173722769069,1.4144547669323462,0.085,0.20558556797935165,3.0359764392690304e-05,3.9018980834826795e-05,85.60462500056019,17120.925000112038,logs/reacher_cdc_fixed_seed10\run_fixed_k_K020_rho0.005_Kmin20_Kmax320_Kstep10_gmin1e-06_seed003.npz
fixed_k,4,20,0.005,200,20.0,0.0,0.0695269239276218,90.19373317992489,1.407355614854757,0.021187228655897297,0.0016050489008362287,20056819.050302926,6.955837180132614e-05,0.11,0.10990902505717146,0.14147594724301432,0.18075376050906805,0.07893146990301848,0,17.200760807127473,45.614079265319944,1.3626919096345538,0.025,0.10113629237323281,2.1695172891416134e-05,2.7329943801183042e-05,86.75942150090123,17351.884300180245,logs/reacher_cdc_fixed_seed10\run_fixed_k_K020_rho0.005_Kmin20_Kmax320_Kstep10_gmin1e-06_seed004.npz
fixed_k,5,20,0.005,200,20.0,0.0,0.07713180433025302,90.71606381590922,1.093361602744552,0.06062506403970741,0.0025319396921825543,20056310.90661089,0.00021369172345137583,0.225,0.1056191084796904,0.1557766742007599,0.18032128630000863,0.11975696179814176,0,9.019799655900702,23.125493196599194,1.0915936158567843,0.015,0.0931713674970443,2.055371042065753e-05,2.6006242727977544e-05,98.47557400265941,19695.114800531883,logs/reacher_cdc_fixed_seed10\run_fixed_k_K020_rho0.005_Kmin20_Kmax320_Kstep10_gmin1e-06_seed005.npz
fixed_k,6,20,0.005,200,20.0,0.0,0.07242752169883516,105.78538908795058,1.3168750959575848,0.029273638538339086,0.0014965558475133094,20059417.167172514,0.00011271362877635286,0.125,0.1140042378287131,0.1783820142557324,0.19058321738565628,0.061450555097460446,0,15.878624755831828,39.06897692866354,1.1618329107315253,0.05,0.1108565787004526,2.1741914705100513e-05,2.790574892209346e-05,92.70658000023104,18541.31600004621,logs/reacher_cdc_fixed_seed10\run_fixed_k_K020_rho0.005_Kmin20_Kmax320_Kstep10_gmin1e-06_seed006.npz
fixed_k,7,20,0.005,200,20.0,0.0,0.05683735173741927,108.9276924269968,1.4757407804892524,0.14464395486106468,0.003918004198966033,20082200.745007776,9.181284263773274e-05,0.075,0.12554175816541527,0.1737542369300425,0.183294669179229,0.08157819104286321,0,20.393566046011497,53.301151032647994,1.355367583460189,0.06,0.13357107434382304,2.4157977929913873e-05,3.14137848149166e-05,87.66734149830882,17533.468299661763,logs/reacher_cdc_fixed_seed10\run_fixed_k_K020_rho0.005_Kmin20_Kmax320_Kstep10_gmin1e-06_seed007.npz
fixed_k,8,20,0.005,200,20.0,0.0,0.07960330441416484,91.05858032748934,1.4153844092410313,0.03087916934097379,0.0020322422250708223,20056785.451658726,0.00010831879106254284,0.145,0.10962308912237231,0.1522399627316328,0.18784995195697984,0.09113252899911589,0,16.94814748383849,41.28806760498897,1.0878065952373097,0.04,0.100748234739581,2.147232711470702e-05,2.784734476240768e-05,89.86007849947782,17972.015699895564,logs/reacher_cdc_fixed_seed10\run_fixed_k_K020_rho0.005_Kmin20_Kmax320_Kstep10_gmin1e-06_seed008.npz
fixed_k,9,20,0.005,200,20.0,0.0,0.06834673854706466,97.73928872064967,1.668967193088054,0.9601931454510597,0.011268102578262584,20057626.76063382,0.0003697103881086725,0.12,0.10150694825467163,0.1596411810512743,0.1845092985691772,0.06207405214826239,0,22.807766907148178,59.70114666329581,1.1038659856907342,0.07,0.08941397572026456,1.837224569030273e-05,2.345829683969668e-05,93.20573800068814,18641.14760013763,logs/reacher_cdc_fixed_seed10\run_fixed_k_K020_rho0.005_Kmin20_Kmax320_Kstep10_gmin1e-06_seed009.npz
fixed_k,0,30,0.005,200,30.0,0.0,0.02297468229713013,268.7691749732016,1.1372149529848743,0.027585787355156356,0.0008905666562269675,20058845.632568423,0.00010309393935654288,0.11,0.08671558908341388,0.1459060515371378,0.18933254054304896,0.04872672350301325,0,6.780588315557017,16.51563557447617,1.261892462656858,0.005,0.06387635017111734,1.557754222485551e-05,1.9723413432845847e-05,135.16159849677933,27032.319699355867,logs/reacher_cdc_fixed_seed10\run_fixed_k_K030_rho0.005_Kmin20_Kmax320_Kstep10_gmin1e-06_seed000.npz
fixed_k,1,30,0.005,200,30.0,0.0,0.024661862285452273,274.7034886704641,1.150534093752848,0.03145099941150728,0.0009648703301278851,20055765.9590963,0.00015085442801972854,0.13,0.08442467201387636,0.12862673973346944,0.1845795350613701,0.07059294016185862,0,6.423893414262138,17.55894630062958,1.3024505494853431,0.005,0.061293188815928594,1.565439111503848e-05,2.1047063793717572e-05,132.71637399942847,26543.274799885694,logs/reacher_cdc_fixed_seed10\run_fixed_k_K030_rho0.005_Kmin20_Kmax320_Kstep10_gmin1e-06_seed001.npz
fixed_k,2,30,0.005,200,30.0,0.0,0.019874384406663195,300.8944788772773,1.102027554631249,0.04501795509252933,0.0009427857488649231,20059344.043231323,0.0001263049295639555,0.09,0.09722362575103946,0.1483929250723701,0.1965072841060796,0.0727128564571368,0,4.735748124270105,12.067234607222353,1.1153516979354867,0.0,0.08056859136353339,1.803755651381179e-05,2.4023130509022887e-05,124.60548199975165,24921.09639995033,logs/reacher_cdc_fixed_seed10\run_fixed_k_K030_rho0.005_Kmin20_Kmax320_Kstep10_gmin1e-06_seed002.npz
fixed_k,3,30,0.005,200,30.0,0.0,0.024603144723362606,267.9089963575488,1.0854854292301928,0.023300922490910432,0.0006548028244699475,20059561.628312703,6.857867097293771e-05,0.11,0.07532515480504612,0.15071021362727557,0.2005980452050341,0.01758771114876222,0,3.6023105069028993,8.248869529647331,0.8165763591990669,0.0,0.048541515336971354,1.3384481638285372e-05,1.764464329423846e-05,129.96011249779258,25992.022499558516,logs/reacher_cdc_fixed_seed10\run_fixed_k_K030_rho0.005_Kmin20_Kmax320_Kstep10_gmin1e-06_seed003.npz
fixed_k,4,30,0.005,200,30.0,0.0,0.018130766987470705,273.60369670119815,1.1110944228110202,0.014402136968413085,0.000670179507997764,20058412.490685027,5.23191628588462e-05,0.08,0.10789655654493868,0.14891118589131566,0.181032916622459,0.10415326241721393,0,4.3998497488961705,10.367105140829786,0.9081835044636847,0.0,0.09544073901844724,2.133071707142923e-05,2.6627207593117383e-05,116.66731650038855,23333.46330007771,logs/reacher_cdc_fixed_seed10\run_fixed_k_K030_rho0.005_Kmin20_Kmax320_Kstep10_gmin1e-06_seed004.npz
fixed_k,5,30,0.005,200,30.0,0.0,0.020206528512410178,303.14129057147244,1.513739093419544,0.02723527920222308,0.0010795714266773854,20051808.1501615,9.486094096951483e-05,0.075,0.07130136073755387,0.14458427418172895,0.18032804779153147,0.04881473065052808,0,17.63267819436397,46.21709472890433,1.414235538361915,0.04,0.046149686730034764,1.1839321416830496e-05,1.5152875323550955e-05,125.31474050076213,25062.948100152425,logs/reacher_cdc_fixed_seed10\run_fixed_k_K030_rho0.005_Kmin20_Kmax320_Kstep10_gmin1e-06_seed005.npz
fixed_k,6,30,0.005,200,30.0,0.0,0.020679500702694226,267.79737393252947,1.7130142414279095,0.10676479929601235,0.0014382215135249426,20059051.14451708,2.6957129735492954e-05,0.06,0.0744193328713969,0.15457653856056575,0.19056018734854613,0.01816857467455512,0,18.564966189517758,43.28862039798605,1.4101535625470782,0.05,0.05081046065952022,1.2072641325258355e-05,1.5292201128224493e-05,114.04890400008298,22809.780800016597,logs/reacher_cdc_fixed_seed10\run_fixed_k_K030_rho0.005_Kmin20_Kmax320_Kstep10_gmin1e-06_seed006.npz
fixed_k,7,30,0.005,200,30.0,0.0,0.022507255058079812,280.5367795092895,1.2418640182445768,0.0572002719474043,0.0012244717464471638,20055709.270331495,0.0002660291227604076,0.12,0.07705498397786219,0.1434158270441235,0.1829242059369225,0.06332279812000062,0,8.656860243807362,21.606065738380934,1.311216414291317,0.005,0.05214815934345881,1.4001482575208369e-05,1.7975135404365515e-05,122.63336850039195,24526.67370007839,logs/reacher_cdc_fixed_seed10\run_fixed_k_K030_rho0.005_Kmin20_Kmax320_Kstep10_gmin1e-06_seed007.npz
fixed_k,8,30,0.005,200,30.0,0.0,0.019027688194088677,285.0388868650454,1.3548293795276587,0.026567338675170304,0.0011593336736352275,20056103.410740755,9.07915540389305e-05,0.1,0.06788233700927633,0.1424978421708677,0.18784995195697984,0.022153570803257496,0,10.427162557785834,22.751980006727635,1.0687971863295658,0.03,0.04150420658738152,1.0784996465685643e-05,1.4077250065116757e-05,125.87721600051736,25175.443200103473,logs/reacher_cdc_fixed_seed10\run_fixed_k_K030_rho0.005_Kmin20_Kmax320_Kstep10_gmin1e-06_seed008.npz
fixed_k,9,30,0.005,200,30.0,0.0,0.0184633038020846,280.2412287875559,1.1130150897457205,0.02409387476332312,0.000812442923595636,20052739.03049259,7.935105570701152e-05,0.075,0.10751656014452683,0.13898609955959032,0.1845092985691772,0.10324611613446447,0,3.6581718203181692,8.126365916710512,1.0326504626615898,0.005,0.09470890152439954,2.1253585288930855e-05,2.600650009254982e-05,119.6783234985196,23935.66469970392,logs/reacher_cdc_fixed_seed10\run_fixed_k_K030_rho0.005_Kmin20_Kmax320_Kstep10_gmin1e-06_seed009.npz
fixed_k,0,40,0.005,200,40.0,0.0,7.654798558867977e-05,17364.020551387297,1.101929373989221,0.017810757797316647,0.000371441337328548,20058453.945410807,5.6626925622025624e-05,0.025,0.0712058809853762,0.1417221132996877,0.18933254054304896,0.028648215009306758,0,2.917315271337771,5.948295970455897,0.8034989351052544,0.0,0.043779654277629906,1.0854829521723597e-05,1.4426551876208348e-05,144.6596625004895,28931.9325000979,logs/reacher_cdc_fixed_seed10\run_fixed_k_K040_rho0.005_Kmin20_Kmax320_Kstep10_gmin1e-06_seed000.npz
fixed_k,1,40,0.005,200,40.0,0.0,0.0001161711938202013,14002.092256063122,1.0761004427982974,0.008075225753074549,0.00042604008449400503,20055057.97168011,2.268401336050462e-05,0.07,0.05643995511973022,0.1380524552052465,0.1845795350613701,0.028671092501002624,0,2.50910362062535,4.895752739544067,0.803559796325898,0.005,0.028634731376326154,8.352042420718086e-06,1.1138612235148255e-05,140.84340200060979,28168.680400121957,logs/reacher_cdc_fixed_seed10\run_fixed_k_K040_rho0.005_Kmin20_Kmax320_Kstep10_gmin1e-06_seed001.npz
fixed_k,2,40,0.005,200,40.0,0.0,7.427913291403798e-05,19083.84227015239,1.283326159896033,0.008817873341344724,0.00035732989730207914,20056785.663657285,3.883283275059989e-05,0.035,0.06802881567339092,0.11615005771923553,0.1965072841060796,0.011942324654709499,0,5.989771145554649,12.60964324184893,1.135928242239719,0.01,0.04125079010348431,1.0133113233516018e-05,1.3550206673380262e-05,141.677465501416,28335.4931002832,logs/reacher_cdc_fixed_seed10\run_fixed_k_K040_rho0.005_Kmin20_Kmax320_Kstep10_gmin1e-06_seed002.npz
fixed_k,3,40,0.005,200,40.0,0.0,0.00012982981915854217,12969.332045598167,1.1645835325057203,0.012045137728868099,0.00047408728409420795,20057645.848551523,3.453290508616855e-05,0.07,0.057979073289895294,0.12339952794204267,0.2005980452050341,0.022322435266584638,0,4.603404263975714,9.420419369970983,1.0268110495389327,0.005,0.030729419000931592,8.411802476410835e-06,1.1255988310387586e-05,140.3034304981702,28060.68609963404,logs/reacher_cdc_fixed_seed10\run_fixed_k_K040_rho0.005_Kmin20_Kmax320_Kstep10_gmin1e-06_seed003.npz
fixed_k,4,40,0.005,200,40.0,0.0,7.176881158421896e-05,19910.913199289058,1.2950670887917233,0.056961275181820724,0.0007363092121002782,20053975.928511295,0.0002009265312647322,0.075,0.05331110039402598,0.11885689731567652,0.18075376050906805,0.01025482080390912,0,5.4845791061035225,12.462288872603509,1.1584584107576372,0.01,0.02645834102360018,7.199115974317908e-06,9.204016520090331e-06,144.65484500076855,28930.96900015371,logs/reacher_cdc_fixed_seed10\run_fixed_k_K040_rho0.005_Kmin20_Kmax320_Kstep10_gmin1e-06_seed004.npz
fixed_k,5,40,0.005,200,40.0,0.0,0.00013541701957304895,13970.327060326694,1.2481302055680377,0.08272985383646916,0.0009071078248682685,20053774.23447387,0.0002474316529244681,0.04,0.06168506895712163,0.12855849527339003,0.18032804779153147,0.030486113968730973,1,5.299124009706553,12.946145486679594,0.9923374975214263,0.005,0.03348341635407961,9.452825785989184e-06,1.2031813732611044e-05,139.34865800023545,27869.73160004709,logs/reacher_cdc_fixed_seed10\run_fixed_k_K040_rho0.005_Kmin20_Kmax320_Kstep10_gmin1e-06_seed005.npz
fixed_k,6,40,0.005,200,40.0,0.0,0.0001241307683865675,15896.303098797374,1.072690867779729,0.025916745536370297,0.00043455230562641187,20058720.65503464,0.00011656099578716279,0.03,0.07699972790835355,0.14004086273216543,0.19056018734854613,0.029306690442041348,0,2.908972338376994,6.216085662377747,0.8866906546557339,0.0,0.0504353346148026,1.2512511604328649e-05,1.6736157325151855e-05,143.78774099983275,28757.54819996655,logs/reacher_cdc_fixed_seed10\run_fixed_k_K040_rho0.005_Kmin20_Kmax320_Kstep10_gmin1e-06_seed006.npz
fixed_k,7,40,0.005,200,40.0,0.0,0.00013311460253106726,19596.489229409144,1.2166001373377306,0.008873302069554747,0.0006235455704895897,20055346.54972298,2.6810074021542895e-05,0.08,0.05047210588489482,0.12468031009769653,0.18291799181937143,0.029229515449422216,0,4.394669573780583,9.655743136367288,0.9831246795949407,0.0,0.023826873664342503,6.7034641621268945e-06,8.703230385419568e-06,140.50330350146396,28100.660700292792,logs/reacher_cdc_fixed_seed10\run_fixed_k_K040_rho0.005_Kmin20_Kmax320_Kstep10_gmin1e-06_seed007.npz
fixed_k,8,40,0.005,200,40.0,0.0,0.00013321164027478238,11638.65462637663,1.6337401745241789,0.013049965965074434,0.0007371616471366456,20054863.718892325,3.824523052961856e-05,0.04,0.0690930972961904,0.13777795348180524,0.18784995195697984,0.002845145342166943,0,13.16096036766963,32.396192918150696,1.2577712949135655,0.03,0.045514824480902605,1.1580370822303746e-05,1.5207811639053044e-05,142.0220055009122,28404.40110018244,logs/reacher_cdc_fixed_seed10\run_fixed_k_K040_rho0.005_Kmin20_Kmax320_Kstep10_gmin1e-06_seed008.npz
fixed_k,9,40,0.005,200,40.0,0.0,9.914242600158878e-05,21982.254845872627,1.1403941947289866,0.14090554403599964,0.0015784688783162604,20056445.386717718,0.0009462215347738563,0.085,0.06214231001976385,0.1278429047469236,0.1845092985691772,0.01160282551408342,0,3.351115578075579,6.829129754018948,0.9802572416810325,0.0,0.03401203209542888,8.813019074335222e-06,1.1480670798945995e-05,148.03460950031877,29606.921900063753,logs/reacher_cdc_fixed_seed10\run_fixed_k_K040_rho0.005_Kmin20_Kmax320_Kstep10_gmin1e-06_seed009.npz
fixed_k,0,50,0.005,200,50.0,0.0,9.487561785157934e-10,391482935.7318354,1.2353112684358638,0.009199984400373177,0.00034815079614550367,20057135.71901587,2.7162060623329885e-05,0.05,0.05106721967695218,0.11769795692830164,0.18933254054304896,0.015353542236734855,0,1.7549918282816845,2.626875031189689,0.7263196998065349,0.0,0.024297275923480795,6.679649961659643e-06,8.395897954974253e-06,165.1051289998577,33021.02579997154,logs/reacher_cdc_fixed_seed10\run_fixed_k_K050_rho0.005_Kmin20_Kmax320_Kstep10_gmin1e-06_seed000.npz
fixed_k,1,50,0.005,200,50.0,0.0,2.4307157444231714e-09,226549116.53314757,1.1683986530635366,0.013125644785338007,0.00035750731279684346,20054718.753803514,3.842781323129421e-05,0.035,0.059051492327394595,0.12542411909128695,0.1845795350613701,0.015459901107424163,0,1.2605741211228616,2.305954548634437,0.5566495165699962,0.0,0.0305168200305941,8.313805227194588e-06,1.0380835012956283e-05,154.44620150257833,30889.240300515667,logs/reacher_cdc_fixed_seed10\run_fixed_k_K050_rho0.005_Kmin20_Kmax320_Kstep10_gmin1e-06_seed001.npz
fixed_k,2,50,0.005,200,50.0,0.0,1.087259090836412e-09,306328706.61154413,1.2999231892228733,0.0080544528092896,0.00034769090678644183,20056622.707840707,2.2630379238858807e-05,0.04,0.05589055193423341,0.11411435589542536,0.1965072841060796,0.015163800449584364,0,2.6693937572319983,4.7967568267680685,1.016877053384916,0.005,0.02896931151301455,7.611557460147847e-06,9.672749944275755e-06,172.05139149999013,34410.278299998026,logs/reacher_cdc_fixed_seed10\run_fixed_k_K050_rho0.005_Kmin20_Kmax320_Kstep10_gmin1e-06_seed002.npz
fixed_k,3,50,0.005,200,50.0,0.0,1.3050157229463014e-09,283614819.5948259,1.2527671481548328,0.01992348437669357,0.0003195612947666833,20057595.93222607,5.558001981020634e-05,0.03,0.056872614745971134,0.11847247023615806,0.2005980452050341,0.015262943518883064,0,2.5213617820515246,4.600205762737702,0.8516744912472523,0.005,0.029500891908231384,7.745451901889469e-06,9.886279767758808e-06,149.40093599754618,29880.187199509237,logs/reacher_cdc_fixed_seed10\run_fixed_k_K050_rho0.005_Kmin20_Kmax320_Kstep10_gmin1e-06_seed003.npz
fixed_k,4,50,0.005,200,50.0,0.0,4.580516325764196e-09,239871825.91382214,1.1691290863495183,0.017063672927175325,0.0004167184285097814,20052402.338600744,4.971296166431938e-05,0.07,0.056071890559950655,0.12231976099162399,0.18075376050906805,0.015161372440151748,0,1.1682896680898585,1.8275094030717582,0.4920354861459,0.0,0.02780678427551111,7.737440670841613e-06,9.791474780815308e-06,162.46306449989788,32492.612899979576,logs/reacher_cdc_fixed_seed10\run_fixed_k_K050_rho0.005_Kmin20_Kmax320_Kstep10_gmin1e-06_seed004.npz
fixed_k,5,50,0.005,200,50.0,0.0,9.597310244774949e-10,262312085.5095318,1.2189194036382265,0.008858857570837929,0.00032240915223716597,20051669.74821143,2.5960745516394802e-05,0.045,0.048088318998443146,0.11474116776939358,0.18032128630000863,0.015138185016349745,0,1.2981472171168482,2.2118368819950565,0.6947438567069766,0.0,0.021576881101100173,6.411248102636159e-06,7.974481756642295e-06,151.24529700085986,30249.059400171973,logs/reacher_cdc_fixed_seed10\run_fixed_k_K050_rho0.005_Kmin20_Kmax320_Kstep10_gmin1e-06_seed005.npz
fixed_k,6,50,0.005,200,50.0,0.0,2.204731755570242e-09,205874507.06634164,1.175068652895823,0.014910047182596307,0.0003055768656331494,20058014.59745026,4.369930761679396e-05,0.035,0.06556452052225543,0.12528436517974986,0.19056018734854613,0.015251274957321523,0,1.6094633619815149,2.494927459150219,0.4444813472389401,0.0,0.03748054523392342,9.696725374779636e-06,1.233876989217262e-05,157.46650599787245,31493.30119957449,logs/reacher_cdc_fixed_seed10\run_fixed_k_K050_rho0.005_Kmin20_Kmax320_Kstep10_gmin1e-06_seed006.npz
fixed_k,7,50,0.005,200,50.0,0.0,2.922137512692864e-09,246939916.0209265,1.1890628520494293,0.022992278510976148,0.0004947812242594214,20054906.823413033,6.330889337706576e-05,0.05,0.05457290069057373,0.12000950278054742,0.18291799181937143,0.015214023402721115,0,1.5279514777201622,2.4530172906324776,0.6752412684453661,0.0,0.026587396331482674,7.464365666243104e-06,9.42023881833651e-06,154.30915649747476,30861.831299494952,logs/reacher_cdc_fixed_seed10\run_fixed_k_K050_rho0.005_Kmin20_Kmax320_Kstep10_gmin1e-06_seed007.npz
fixed_k,8,50,0.005,200,50.0,0.0,7.160674103997636e-11,1874587095.099534,1.170693858988794,0.02988025796769597,0.00041316093418090514,20054447.116153788,2.7191408827430904e-05,0.055,0.053611959367969655,0.12179291736879191,0.18784995195697984,0.015351626595445528,0,1.1442247115807282,1.4676033228713496,0.37389411919484417,0.0,0.02565538998147518,7.161497117026105e-06,8.975237978150342e-06,152.33557999832556,30467.11599966511,logs/reacher_cdc_fixed_seed10\run_fixed_k_K050_rho0.005_Kmin20_Kmax320_Kstep10_gmin1e-06_seed008.npz
fixed_k,9,50,0.005,200,50.0,0.0,4.3196793659828465e-10,600078429.5548635,1.1762323239442003,0.004447626194280548,0.00013770627656468036,20056610.68508381,1.2860614374679322e-05,0.01,0.10880505462254202,0.12841115735278355,0.1845092985691772,0.1041482078551263,0,0.9165440306879177,1.1170656500952014,0.47432340498806025,0.0,0.09629620616841048,2.1567383367685774e-05,2.6255638744793665e-05,86.66408400225919,17332.816800451837,logs/reacher_cdc_fixed_seed10\run_fixed_k_K050_rho0.005_Kmin20_Kmax320_Kstep10_gmin1e-06_seed009.npz
fixed_k,0,60,0.005,200,60.0,0.0,2.7528876378626498e-08,19928950.483859204,1.2463148320818305,0.004674697161443102,0.0002041070084329026,20056070.410624158,1.611195170863912e-05,0.03,0.052484963924829785,0.11580540420755112,0.18933254054304896,0.014931546970121083,0,1.9726242271064431,2.2134250437696568,0.6336353432486536,0.0,0.02552652738919382,7.014618343437275e-06,8.788205812339711e-06,190.36543500056723,38073.087000113446,logs/reacher_cdc_fixed_seed10\run_fixed_k_K060_rho0.005_Kmin20_Kmax320_Kstep10_gmin1e-06_seed000.npz
fixed_k,1,60,0.005,200,60.0,0.0,4.853750690124237e-08,16029717.785621662,1.2036298303741881,0.001904218730352377,0.000137808038149052,20054035.785537172,5.942251463893965e-06,0.01,0.049008403266877575,0.12204406200437173,0.1845795350613701,0.014767938750686665,0,0.8865704512588838,1.474776421813909,0.5738081327378475,0.0,0.021945979693285787,6.3447682106941065e-06,7.675362171616431e-06,193.01137400150765,38602.27480030153,logs/reacher_cdc_fixed_seed10\run_fixed_k_K060_rho0.005_Kmin20_Kmax320_Kstep10_gmin1e-06_seed001.npz
fixed_k,2,60,0.005,200,60.0,0.0,1.950928790967704e-08,19676037.17787586,1.2663937474667657,0.004498578838668471,0.00020039232352279935,20055673.98039312,1.2410017854647704e-05,0.02,0.0539027557433812,0.11509130563134819,0.1965072841060796,0.014821505267654638,0,2.165362486272164,2.553880253956177,0.7948004775442621,0.01,0.026914528200217874,7.258845715620645e-06,9.191452237035383e-06,186.51972550112987,37303.945100225974,logs/reacher_cdc_fixed_seed10\run_fixed_k_K060_rho0.005_Kmin20_Kmax320_Kstep10_gmin1e-06_seed002.npz
fixed_k,3,60,0.005,200,60.0,0.0,3.599473330444121e-08,18359682.450335924,1.2659703721653845,0.003930162116672722,0.00017096118475436344,20057283.88341924,1.3693387260005714e-05,0.015,0.05538088380996588,0.11799773905196395,0.2005980452050341,0.014697257626466531,0,1.7413035370870695,2.8028358041952868,0.8437318592081956,0.005,0.028043029078293875,7.442366791440727e-06,9.383202964247265e-06,192.2884444988449,38457.68889976898,logs/reacher_cdc_fixed_seed10\run_fixed_k_K060_rho0.005_Kmin20_Kmax320_Kstep10_gmin1e-06_seed003.npz
fixed_k,4,60,0.005,200,60.0,0.0,4.870581124757506e-08,16933304.774775513,1.1931666380577945,0.008460982064125388,0.00022485002464362228,20051384.0403294,3.4172597617211174e-05,0.02,0.05297032896532256,0.11668605512794113,0.18075376050906805,0.014819553165414749,0,1.0361020872095295,1.3030349679484394,0.7710085421209669,0.0,0.02516390644018485,7.224103671452445e-06,9.028425067224414e-06,190.35104099923046,38070.20819984609,logs/reacher_cdc_fixed_seed10\run_fixed_k_K060_rho0.005_Kmin20_Kmax320_Kstep10_gmin1e-06_seed004.npz
fixed_k,5,60,0.005,200,60.0,0.0,5.266804981701125e-08,15823063.917596221,1.1973019749601577,0.007573797940833442,0.0001623930349958982,20051869.941901006,2.2054135670201923e-05,0.01,0.04773498617323157,0.11426954253608118,0.18032128630000863,0.01475621480776493,0,0.8298878563394319,1.0689544027652347,0.6087392680943955,0.0,0.021025155772981124,6.277002185616785e-06,7.662046156499476e-06,190.17898050049553,38035.796100099105,logs/reacher_cdc_fixed_seed10\run_fixed_k_K060_rho0.005_Kmin20_Kmax320_Kstep10_gmin1e-06_seed005.npz
fixed_k,6,60,0.005,200,60.0,0.0,3.600260174435278e-08,18891899.598910138,1.2747324817367498,0.0017962773805705596,0.00015571885623715507,20058284.13166663,5.1699102605292454e-06,0.025,0.050054411930285994,0.11503529703769676,0.19056018734854613,0.014814160846660894,0,1.8028618148721538,2.118736376844192,0.851514237993909,0.0,0.02376609790872926,6.503294453073909e-06,8.081052910727497e-06,199.07480449823197,39814.960899646394,logs/reacher_cdc_fixed_seed10\run_fixed_k_K060_rho0.005_Kmin20_Kmax320_Kstep10_gmin1e-06_seed006.npz
fixed_k,7,60,0.005,200,60.0,0.0,5.034094307151862e-08,15721241.695064586,1.2216212734766037,0.006184386032214694,0.000168180964367024,20051894.72525611,1.8349648316271666e-05,0.005,0.048901023245841745,0.11767264627161193,0.18291799181937143,0.014688226591956515,0,1.0359910562523045,1.221944653058797,0.4531140857531921,0.0,0.021986904943155444,6.439536810860087e-06,7.902732968863523e-06,190.0500655020005,38010.0131004001,logs/reacher_cdc_fixed_seed10\run_fixed_k_K060_rho0.005_Kmin20_Kmax320_Kstep10_gmin1e-06_seed007.npz
fixed_k,8,60,0.005,200,60.0,0.0,5.673039337881762e-08,15313416.487461057,1.2140931661096601,0.004829273274479738,0.0002165208354195388,20053858.110051643,1.50673238719434e-05,0.035,0.04827995042839559,0.11891391157345306,0.18784995195697984,0.014838935131493,0,0.939563164556124,1.0148167272517625,0.4550757380000299,0.005,0.021566115098504,6.203117291063996e-06,7.503587520859954e-06,197.03370500035817,39406.74100007163,logs/reacher_cdc_fixed_seed10\run_fixed_k_K060_rho0.005_Kmin20_Kmax320_Kstep10_gmin1e-06_seed008.npz
fixed_k,9,60,0.005,200,60.0,0.0,3.920785742431883e-08,19208666.490683015,1.2236365247658676,0.13903838656375733,0.0010080228927500448,20054581.195346255,0.00039335115390953226,0.025,0.05288566060165701,0.12267783316898606,0.1845092985691772,0.014824538898315262,0,1.0335087507072132,1.3092827781110359,0.5730588111404934,0.0,0.02542730188427693,7.049971966290466e-06,8.728854591581095e-06,197.50363700004527,39500.727400009055,logs/reacher_cdc_fixed_seed10\run_fixed_k_K060_rho0.005_Kmin20_Kmax320_Kstep10_gmin1e-06_seed009.npz
fixed_k,0,70,0.005,200,70.0,0.0,4.412017031589149e-08,13585084.28154006,1.2485552753666176,0.0010402416210873997,0.00014263175891281795,20055534.358135447,2.9969514932137293e-06,0.01,0.05804911661374224,0.11702164555582253,0.18933254054304896,0.014732360054171294,0,1.7915987906373123,2.7739209978603783,0.7065850294561266,0.005,0.03046350462603927,7.998275874051976e-06,1.0156208264704709e-05,178.6608485027682,35732.16970055364,logs/reacher_cdc_fixed_seed10\run_fixed_k_K070_rho0.005_Kmin20_Kmax320_Kstep10_gmin1e-06_seed000.npz
fixed_k,1,70,0.005,200,70.0,0.0,6.429720757676348e-08,11121851.35982676,1.2503700989551014,0.0038818967948936467,0.00018231622476842663,20053984.66680527,8.637999949533415e-06,0.02,0.04750737055478231,0.11604994626739143,0.1845795350613701,0.015058538136091874,0,1.6914978310991626,3.0009901841300217,0.9666012702719706,0.0,0.021100305971905133,6.155611242257293e-06,7.426103218225523e-06,188.26297950028675,37652.59590005735,logs/reacher_cdc_fixed_seed10\run_fixed_k_K070_rho0.005_Kmin20_Kmax320_Kstep10_gmin1e-06_seed001.npz
fixed_k,2,70,0.005,200,70.0,0.0,4.094224607375676e-08,12100814.822936421,1.27282469505608,0.018495968048646016,0.0002543500621044036,20056683.465782065,5.349151676110454e-05,0.01,0.048637317022890335,0.11352622218854497,0.1965072841060796,0.014800566290389136,0,1.7011249682581884,1.8308215292100753,0.5548727026844833,0.0,0.0225728465889006,6.253196129855064e-06,7.6232007089009565e-06,180.65269850136247,36130.53970027249,logs/reacher_cdc_fixed_seed10\run_fixed_k_K070_rho0.005_Kmin20_Kmax320_Kstep10_gmin1e-06_seed002.npz
fixed_k,3,70,0.005,200,70.0,0.0,4.875803638188224e-08,11665070.795373635,1.281014328618578,0.003072002182213121,0.0001589681090911042,20056780.66642572,9.452574843436451e-06,0.01,0.05024228473991234,0.11647634319331132,0.2005980452050341,0.01475757864890204,0,1.296625924611268,1.4480091443647771,0.5268470514251024,0.0,0.0239378464645671,6.427469801271548e-06,7.90073646175207e-06,176.32673699845327,35265.347399690654,logs/reacher_cdc_fixed_seed10\run_fixed_k_K070_rho0.005_Kmin20_Kmax320_Kstep10_gmin1e-06_seed003.npz
fixed_k,4,70,0.005,200,70.0,0.0,8.13884423900904e-08,11328413.643227316,1.2123593491872418,0.004256292657029996,0.0001611700744490363,20051697.18593551,1.1910296000122756e-05,0.01,0.050118224296811335,0.11715704798679974,0.18075376050906805,0.014756276773263344,0,1.0559348623470515,1.116071014375303,0.5742469170740805,0.0,0.02304244765219375,6.670827073102744e-06,8.129218071919544e-06,182.2987189993728,36459.74379987456,logs/reacher_cdc_fixed_seed10\run_fixed_k_K070_rho0.005_Kmin20_Kmax320_Kstep10_gmin1e-06_seed004.npz
fixed_k,5,70,0.005,200,70.0,0.0,6.408447289405528e-08,11518526.198500909,1.2143006175608422,0.0006466794108592809,0.00013563305096600032,20051702.609952293,2.411263899897997e-06,0.0,0.04807995739542622,0.11361135210841541,0.18032128630000863,0.014742390091262809,0,0.9804962297477948,1.1293987517805166,0.561790829417547,0.0,0.021398033243437153,6.3516442396331406e-06,7.769377901598907e-06,174.97172050148947,34994.344100297894,logs/reacher_cdc_fixed_seed10\run_fixed_k_K070_rho0.005_Kmin20_Kmax320_Kstep10_gmin1e-06_seed005.npz
fixed_k,6,70,0.005,200,70.0,0.0,4.634839110671857e-08,13409069.24839659,1.2326875456459876,0.007151624473821598,0.0001974341633083725,20057946.85474016,2.0760926871139313e-05,0.025,0.05674669057377865,0.1211796619518411,0.19056018734854613,0.014739646807858409,0,1.6229251355115457,2.2057962777710696,0.7882166055609766,0.0,0.028987422504793383,7.692413542158734e-06,9.68247978397132e-06,187.5317690015072,37506.35380030144,logs/reacher_cdc_fixed_seed10\run_fixed_k_K070_rho0.005_Kmin20_Kmax320_Kstep10_gmin1e-06_seed006.npz
fixed_k,7,70,0.005,200,70.0,0.0,6.853656242061349e-08,10723443.719049389,1.2317809682156602,0.0006491434913883482,0.00014454009259059843,20051420.372893196,2.594883262227954e-06,0.005,0.04784488342553359,0.11407682106136205,0.18291799181937143,0.014699790619120833,0,1.0351295817692774,1.5073216632350024,0.7190363224260289,0.0,0.02132207458997475,6.2866369684094984e-06,7.641984566040608e-06,183.74278649891494,36748.55729978299,logs/reacher_cdc_fixed_seed10\run_fixed_k_K070_rho0.005_Kmin20_Kmax320_Kstep10_gmin1e-06_seed007.npz
fixed_k,8,70,0.005,200,70.0,0.0,6.115357717642115e-08,11153663.23803555,1.248096288397435,0.0031829832617267496,0.00016755513301168332,20053414.83507567,9.542453911598124e-06,0.01,0.048386215184245226,0.11267497933388261,0.18784995195697984,0.014771897618548305,0,1.0590660233449543,1.4033448641623796,0.6335220242044858,0.0,0.021883314756924396,6.311275251139867e-06,7.727382728935134e-06,187.17675499792676,37435.35099958535,logs/reacher_cdc_fixed_seed10\run_fixed_k_K070_rho0.005_Kmin20_Kmax320_Kstep10_gmin1e-06_seed008.npz
fixed_k,9,70,0.005,200,70.0,0.0,5.7298301034629335e-08,13133737.827675495,1.218638974517131,0.0038174532053418847,0.00019499661035808302,20054227.426408097,1.3347106509675812e-05,0.025,0.056790669186604574,0.12112304575658656,0.1845092985691772,0.014744501705383533,0,1.4331705353723945,2.6328678820152787,0.7696200216892458,0.005,0.02882873244822936,7.774372542143126e-06,9.694959104325833e-06,179.577368000173,35915.4736000346,logs/reacher_cdc_fixed_seed10\run_fixed_k_K070_rho0.005_Kmin20_Kmax320_Kstep10_gmin1e-06_seed009.npz
fixed_k,0,80,0.005,200,80.0,0.0,5.5651589031050275e-08,9501416.662583541,1.3254941791576227,0.0007428608597570597,0.00013185681883856902,20054886.348504115,2.6206597125997067e-06,0.005,0.04790265830251219,0.11591897632292171,0.18933254054304896,0.009333841211540704,0,1.4741051927219153,1.7248004489142303,0.7649480632495401,0.0,0.022022889274480695,6.023960625824836e-06,7.373033000870424e-06,220.61527200246928,44123.05440049386,logs/reacher_cdc_fixed_seed10\run_fixed_k_K080_rho0.005_Kmin20_Kmax320_Kstep10_gmin1e-06_seed000.npz
fixed_k,1,80,0.005,200,80.0,0.0,7.620347746301209e-08,7257425.639037189,1.2930865064519583,0.009344872734199428,0.00022684668235732896,20052702.45714324,1.5967031620894882e-05,0.01,0.0463767162803963,0.1113367131582402,0.1845795350613701,0.010670499595635244,1,1.4640698445384648,2.129016497153718,0.4606826369557371,0.0,0.02050435943309954,5.4683986509160805e-06,7.044687165316001e-06,277.47184049600037,55494.36809920007,logs/reacher_cdc_fixed_seed10\run_fixed_k_K080_rho0.005_Kmin20_Kmax320_Kstep10_gmin1e-06_seed001.npz
fixed_k,2,80,0.005,200,80.0,0.0,5.697219291504078e-08,8027762.331208842,1.3494423411628391,0.0011041468751168283,0.0001910516353979723,20055412.784274537,3.389699100654566e-06,0.015,0.04909604320169534,0.11552673871716591,0.1965072841060796,0.016361978280980155,1,2.3678710601088993,3.5932438757325773,0.708281402170162,0.005,0.023238179453444963,5.861453420119385e-06,7.66620690233107e-06,250.42697100056102,50085.394200112205,logs/reacher_cdc_fixed_seed10\run_fixed_k_K080_rho0.005_Kmin20_Kmax320_Kstep10_gmin1e-06_seed002.npz
fixed_k,3,80,0.005,200,80.0,0.0,6.249069404392242e-08,9247080.131320616,1.3405181013712903,0.0029115549041585998,0.00019187951645908724,20055900.18058259,1.1783516530592985e-05,0.02,0.05092956464993925,0.10905663231993742,0.2005980452050341,0.015136483716039519,1,2.5525555126269595,2.85317000625846,0.6844665293984445,0.005,0.02523050766669425,6.3063530834295105e-06,8.16914687194802e-06,239.6396725004888,47927.93450009776,logs/reacher_cdc_fixed_seed10\run_fixed_k_K080_rho0.005_Kmin20_Kmax320_Kstep10_gmin1e-06_seed003.npz
fixed_k,4,80,0.005,200,80.0,0.0,7.674802002722217e-08,8033109.178694868,1.228690876083305,0.002826856760901498,0.00017197311016504534,20052382.672548324,9.065778622968078e-06,0.015,0.04944741170900445,0.12158275442476098,0.18075376050906805,0.010757582829446933,1,1.170145384636157,1.462076960713523,0.36303640827636025,0.0,0.022531625903161025,6.097068190220671e-06,7.876860906126881e-06,265.58001499826787,53116.002999653574,logs/reacher_cdc_fixed_seed10\run_fixed_k_K080_rho0.005_Kmin20_Kmax320_Kstep10_gmin1e-06_seed004.npz
fixed_k,5,80,0.005,200,80.0,0.0,7.912724036734714e-08,7341848.257127288,1.3123575228400417,0.001169930837232899,0.00016692732591082996,20051864.966945875,3.960627950860083e-06,0.005,0.04423291655128632,0.107996332501128,0.18032128630000863,0.00929063135740689,1,1.4828396083783657,1.9013266393937873,0.6087061194493568,0.0,0.019139740569529946,5.155802433031905e-06,6.555813623774824e-06,270.96761899709236,54193.52379941847,logs/reacher_cdc_fixed_seed10\run_fixed_k_K080_rho0.005_Kmin20_Kmax320_Kstep10_gmin1e-06_seed005.npz
fixed_k,6,80,0.005,200,80.0,0.0,5.601836681355231e-08,9997731.974587936,1.2873187663592858,0.0048217744135155265,0.00017540233398551197,20055169.935969025,1.5889616563944424e-05,0.01,0.05852081370794452,0.11697376514071568,0.19056018734854613,0.012977307574519816,1,1.7209704212241006,2.5890096454039275,0.5125512699423339,0.0,0.031208842537086112,7.729063082432829e-06,9.959616297319346e-06,244.32695649884408,48865.39129976882,logs/reacher_cdc_fixed_seed10\run_fixed_k_K080_rho0.005_Kmin20_Kmax320_Kstep10_gmin1e-06_seed006.npz
fixed_k,7,80,0.005,200,80.0,0.0,8.04830209095207e-08,6825383.240198816,1.3242021153334167,0.0033833536263428595,0.00023357788401926475,20051642.589203637,1.2664187041706246e-05,0.035,0.04496789558497157,0.10853366506591752,0.18291799181937143,0.0034704644707883583,1,1.8885035312936111,3.5732469131371594,0.8102463966608426,0.005,0.019634672024568197,5.287175636121496e-06,6.808964167446589e-06,276.7042039980879,55340.84079961758,logs/reacher_cdc_fixed_seed10\run_fixed_k_K080_rho0.005_Kmin20_Kmax320_Kstep10_gmin1e-06_seed007.npz
fixed_k,8,80,0.005,200,80.0,0.0,7.124836638486373e-08,7121980.418430831,1.279299633415401,0.0005601337405213605,0.00015354631880265158,20052580.132259246,2.613235054883164e-06,0.01,0.04574080447914251,0.11181960732116607,0.18784995195697984,0.012679339318275093,1,1.4043378613487603,1.847643556177965,0.685027749613902,0.0,0.01997624612109411,5.381584873079985e-06,6.877839282768484e-06,277.36763800203335,55473.52760040667,logs/reacher_cdc_fixed_seed10\run_fixed_k_K080_rho0.005_Kmin20_Kmax320_Kstep10_gmin1e-06_seed008.npz
fixed_k,9,80,0.005,200,80.0,0.0,7.388333778921466e-08,8651264.450049283,1.2720874929681472,0.004219544047092809,0.00017942179468816863,20054103.259418294,1.2363834047654158e-05,0.01,0.049647640923351374,0.11644815759608361,0.1845092985691772,0.016771264647308992,1,1.856929593374951,2.3955608920324925,0.7945612342309528,0.0,0.023172929865548458,6.095305180641602e-06,7.86100167219824e-06,242.5440284999786,48508.80569999572,logs/reacher_cdc_fixed_seed10\run_fixed_k_K080_rho0.005_Kmin20_Kmax320_Kstep10_gmin1e-06_seed009.npz
fixed_k,0,90,0.005,200,90.0,0.0,7.482492387718788e-08,6841751.241902798,1.3160622753518325,0.0056769937663492765,0.0002083843384278633,20053763.009964835,1.243078768908537e-05,0.005,0.047882115496874975,0.11313105466666032,0.18933254054304896,0.006870577803973752,1,1.479179639246844,1.6622131726946798,0.4005827018710898,0.0,0.021880506516192444,5.5974863360437465e-06,7.2452676749598266e-06,280.5683334977948,56113.66669955896,logs/reacher_cdc_fixed_seed10\run_fixed_k_K090_rho0.005_Kmin20_Kmax320_Kstep10_gmin1e-06_seed000.npz
fixed_k,1,90,0.005,200,90.0,0.0,8.736430661328825e-08,5732723.058620588,1.3289467914543223,0.0012727091829799783,0.00017884392635439297,20051758.095168836,4.16924058999718e-06,0.005,0.04445939736409262,0.11035886065232607,0.1845795350613701,0.004938998878277875,1,1.4224801343419444,2.3096513480901355,0.6224486107847438,0.0,0.019214646233486666,4.996729418930779e-06,6.4108662293151895e-06,298.6904954962665,59738.099099253304,logs/reacher_cdc_fixed_seed10\run_fixed_k_K090_rho0.005_Kmin20_Kmax320_Kstep10_gmin1e-06_seed001.npz
fixed_k,2,90,0.005,200,90.0,0.0,6.393259182617773e-08,7448231.57759032,1.331851895709619,0.0015275651936000182,0.0001796387758335753,20055155.508813,4.985459998085086e-06,0.01,0.04938287063211356,0.11314886972398,0.1965072841060796,0.00787867415839135,1,2.0088864458661355,3.160108710201522,0.9602281956540837,0.01,0.023406190231964247,5.717026676123603e-06,7.414261631543936e-06,279.2505009978777,55850.100199575536,logs/reacher_cdc_fixed_seed10\run_fixed_k_K090_rho0.005_Kmin20_Kmax320_Kstep10_gmin1e-06_seed002.npz
fixed_k,3,90,0.005,200,90.0,0.0,7.15151275464448e-08,6563062.126755288,1.3423906303009516,0.002887090350346378,0.00019335270340898214,20055770.463561963,8.975695679066916e-06,0.01,0.04841338507249366,0.1156450669586361,0.2005980452050341,0.007135445459811742,1,1.6481733165296375,1.7332878571494685,0.32286597222876795,0.005,0.022571181143811177,5.34373417111877e-06,6.848806233386232e-06,289.936489998654,57987.2979997308,logs/reacher_cdc_fixed_seed10\run_fixed_k_K090_rho0.005_Kmin20_Kmax320_Kstep10_gmin1e-06_seed003.npz
fixed_k,4,90,0.005,200,90.0,0.0,1.067081636357526e-07,6470465.854372691,1.3194095247527924,0.0005943318923878373,0.0001682542178284898,20051790.783745307,2.32119363237604e-06,0.01,0.04664886360235828,0.11289392973860539,0.18075376050906805,0.0073356729555587195,1,1.3845681058577655,1.487574222778893,0.413191097298019,0.0,0.02080852085490628,5.3744485364433e-06,6.972069650017475e-06,289.11518000240903,57823.03600048181,logs/reacher_cdc_fixed_seed10\run_fixed_k_K090_rho0.005_Kmin20_Kmax320_Kstep10_gmin1e-06_seed004.npz
fixed_k,5,90,0.005,200,90.0,0.0,8.39220689713608e-08,6304324.8301569745,1.2789647299356093,0.002425710542108761,0.00018197943318392913,20051102.24399696,8.456765872909085e-06,0.015,0.044724700507923126,0.10843297332942092,0.18032128630000863,0.007097721282662235,1,1.131011510538361,1.1854446693149236,0.3747417261670398,0.0,0.019184284454285067,5.175964278707308e-06,6.637142700451949e-06,299.0923560017836,59818.471200356726,logs/reacher_cdc_fixed_seed10\run_fixed_k_K090_rho0.005_Kmin20_Kmax320_Kstep10_gmin1e-06_seed005.npz
fixed_k,6,90,0.005,200,90.0,0.0,6.880459309744597e-08,6578330.620573245,1.3265545025339929,0.0005238205937927803,0.00015809986605795414,20054023.15717833,2.445248436632254e-06,0.0,0.046828432921904944,0.10801797169200278,0.19056018734854613,0.009849624566560671,1,1.8177006703292558,2.662452689730762,0.6345693275908053,0.0,0.021347944694505353,5.443982750632509e-06,6.990635721453059e-06,292.10069449909497,58420.138899818994,logs/reacher_cdc_fixed_seed10\run_fixed_k_K090_rho0.005_Kmin20_Kmax320_Kstep10_gmin1e-06_seed006.npz
fixed_k,7,90,0.005,200,90.0,0.0,8.89027002069646e-08,5940675.266268761,1.2846764252836118,0.0025639009947344468,0.00017174796384180325,20051612.540340796,8.470374509080376e-06,0.005,0.04545057668721064,0.11186181995071914,0.18291799181937143,0.006498366657619042,1,1.156153892107976,1.2474787940774577,0.44374921546874063,0.0,0.019758068264529253,5.217462197434559e-06,6.654897055152823e-06,285.30144500080496,57060.28900016099,logs/reacher_cdc_fixed_seed10\run_fixed_k_K090_rho0.005_Kmin20_Kmax320_Kstep10_gmin1e-06_seed007.npz
fixed_k,8,90,0.005,200,90.0,0.0,8.33143480743507e-08,5820732.571725262,1.288550441218573,0.17689020226591745,0.0010789765794685159,20052459.002528448,0.0005962450567411033,0.025,0.04601013948098218,0.11436715034875473,0.18784995195697984,0.0087876639897004,1,1.4347349852003397,2.349364836025842,0.7357161329098026,0.0,0.02009684659550493,5.110056744160507e-06,6.585533524716854e-06,308.92796149564674,61785.59229912935,logs/reacher_cdc_fixed_seed10\run_fixed_k_K090_rho0.005_Kmin20_Kmax320_Kstep10_gmin1e-06_seed008.npz
fixed_k,9,90,0.005,200,90.0,0.0,1.0278561171111645e-07,6542342.296409058,1.297490600285069,0.0075996031483714435,0.00022895292552384348,20052654.639989223,2.7317867573935167e-05,0.015,0.049243773750882694,0.1128669429697708,0.1845092985691772,0.004193335945079353,1,1.3401410852769429,1.5615192609157407,0.4822373758680365,0.0,0.022796990244532054,5.787643576084728e-06,7.4528822789459305e-06,285.9857470021234,57197.14940042468,logs/reacher_cdc_fixed_seed10\run_fixed_k_K090_rho0.005_Kmin20_Kmax320_Kstep10_gmin1e-06_seed009.npz
fixed_k,0,100,0.005,200,100.0,0.0,6.778482664025723e-08,8142195.355839427,1.3131490395646819,0.0014369770721965867,0.00016329402098813048,20056133.37611262,4.631859405319209e-06,0.01,0.053619801053222615,0.11749724826476923,0.18933254054304896,0.003597289483806508,1,1.274899776015118,1.7906237891837453,0.6563567637562904,0.0,0.02648584420277988,6.334729323146669e-06,8.206241110739588e-06,294.98388650099514,58996.77730019903,logs/reacher_cdc_fixed_seed10\run_fixed_k_K100_rho0.005_Kmin20_Kmax320_Kstep10_gmin1e-06_seed000.npz
fixed_k,1,100,0.005,200,100.0,0.0,9.405862037380545e-08,5591058.931270877,1.335876633801361,0.0007385016984027696,0.00016505521946917837,20051285.927046344,2.5385977443590725e-06,0.0,0.04454591979884452,0.10759297285170963,0.1845795350613701,0.0035373478079998672,1,1.333479306748492,1.7811717165446228,0.6755842395100187,0.0,0.019245953309155035,4.842303445901326e-06,6.16216041254622e-06,309.3557109989342,61871.142199786846,logs/reacher_cdc_fixed_seed10\run_fixed_k_K100_rho0.005_Kmin20_Kmax320_Kstep10_gmin1e-06_seed001.npz
fixed_k,2,100,0.005,200,100.0,0.0,7.498459397757119e-08,6337225.595570997,1.401318120340354,0.0009371403737893563,0.00019042453143844663,20054782.706748784,3.2707360279391035e-06,0.01,0.04544982933556504,0.10894807811806123,0.1965072841060796,0.008964320503785095,1,1.8195790480861225,2.2681023892589045,0.7126602599049097,0.005,0.020733904958064476,4.855011933655814e-06,6.231881682394833e-06,340.9492984969984,68189.85969939968,logs/reacher_cdc_fixed_seed10\run_fixed_k_K100_rho0.005_Kmin20_Kmax320_Kstep10_gmin1e-06_seed002.npz
fixed_k,3,100,0.005,200,100.0,0.0,7.876489241542676e-08,6920412.463755402,1.3627578455181333,0.006501861672913543,0.00022479334616508636,20055827.2805577,2.2227762056705383e-05,0.015,0.05280746328822782,0.11575917536699015,0.2005980452050341,0.004411558854343304,1,1.6939941188540655,1.7773472188127797,0.7129017044719661,0.01,0.02638278889333542,6.098371545021027e-06,7.984654624115511e-06,307.9038064990891,61580.76129981782,logs/reacher_cdc_fixed_seed10\run_fixed_k_K100_rho0.005_Kmin20_Kmax320_Kstep10_gmin1e-06_seed003.npz
fixed_k,4,100,0.005,200,100.0,0.0,1.1019925855523512e-07,6206528.957820486,1.3656952669078675,0.009897826836959148,0.0002495890003198821,20052355.44988833,3.580960177057321e-05,0.015,0.044939727311332514,0.10831140549651612,0.18075376050906805,0.007432636746864188,1,1.27453391895364,1.2965253359986637,0.3885081004473964,0.0,0.01988982539714304,5.0523559885016766e-06,6.475026375783024e-06,313.46452350204345,62692.90470040869,logs/reacher_cdc_fixed_seed10\run_fixed_k_K100_rho0.005_Kmin20_Kmax320_Kstep10_gmin1e-06_seed004.npz
fixed_k,5,100,0.005,200,100.0,0.0,9.18517872322794e-08,5956394.4225846315,1.3117470843615266,0.0005655393244269125,0.00016638253419002096,20050948.29920281,1.8330973396551968e-06,0.005,0.045506751346181026,0.11299849301114757,0.18032128630000863,0.004966359792440124,1,0.9907905315478746,1.0170954133872048,0.446004686919828,0.0,0.01970957459044215,5.052553737154361e-06,6.448004958912188e-06,304.2386670020642,60847.733400412835,logs/reacher_cdc_fixed_seed10\run_fixed_k_K100_rho0.005_Kmin20_Kmax320_Kstep10_gmin1e-06_seed005.npz
fixed_k,6,100,0.005,200,100.0,0.0,7.22776447890978e-08,6552408.687768846,1.3275694778952885,0.001117152267319043,0.00017980567261241247,20054082.48510906,3.6596799147607996e-06,0.01,0.050300073407459,0.11671866638805964,0.19056018734854613,0.004693810350737482,1,1.485178970213835,2.137408136842722,0.7020905539574813,0.0,0.023786629870851606,5.7887689712730095e-06,7.509471977083173e-06,306.7828714995994,61356.574299919885,logs/reacher_cdc_fixed_seed10\run_fixed_k_K100_rho0.005_Kmin20_Kmax320_Kstep10_gmin1e-06_seed006.npz
fixed_k,7,100,0.005,200,100.0,0.0,9.647406385376798e-08,5489531.9154861225,1.340321823900302,0.0035462241459539795,0.00018641012176033044,20051464.379368566,1.4060989140033624e-05,0.01,0.043997775237791595,0.11010560693514793,0.18291799181937143,0.004293977827627143,1,1.1532107399289286,1.35218388397809,0.5279959382122148,0.0,0.018837055509284776,4.736020501484537e-06,6.009352081769422e-06,309.0449785013334,61808.99570026668,logs/reacher_cdc_fixed_seed10\run_fixed_k_K100_rho0.005_Kmin20_Kmax320_Kstep10_gmin1e-06_seed007.npz
fixed_k,8,100,0.005,200,100.0,0.0,8.552406450810817e-08,5318788.917050254,1.3243739170978832,0.0006908094351693744,0.0001623521752738169,20051907.8145693,3.1947586868773806e-06,0.0,0.04480100983089532,0.1095899969650857,0.18784995195697984,0.005417058784349205,1,1.455043485242593,1.6320116417952268,0.7857337242459311,0.0,0.019412875301093032,4.95565724653725e-06,6.350026529625757e-06,299.577694000036,59915.5388000072,logs/reacher_cdc_fixed_seed10\run_fixed_k_K100_rho0.005_Kmin20_Kmax320_Kstep10_gmin1e-06_seed008.npz
fixed_k,9,100,0.005,200,100.0,0.0,1.0763557227412539e-07,5918182.890534963,1.3133244436739766,0.0017022071001360048,0.0001753856571918962,20052389.050086062,6.784937339977517e-06,0.005,0.05069512441326551,0.11310676443355212,0.1845092985691772,0.004626237627159796,1,1.4066143022505189,1.5248117293411034,0.4513227929592379,0.0,0.02399045620907615,6.0576768901196115e-06,7.835273997084018e-06,286.6001369981677,57320.027399633545,logs/reacher_cdc_fixed_seed10\run_fixed_k_K100_rho0.005_Kmin20_Kmax320_Kstep10_gmin1e-06_seed009.npz
fixed_k,0,110,0.005,200,110.0,0.0,9.441386667177924e-08,6889711.979349048,1.338844474472626,0.0011549705257242501,0.00015160526586749067,20055909.15646629,3.862199539659796e-06,0.005,0.05204284100677775,0.11677223044216493,0.18933254054304896,0.003588503607647714,1,1.2472682305027272,1.6075570024326746,0.5507434307960145,0.0,0.024966151538099782,6.125299378679343e-06,7.975530607063554e-06,290.2515955036506,58050.31910073012,logs/reacher_cdc_fixed_seed10\run_fixed_k_K110_rho0.005_Kmin20_Kmax320_Kstep10_gmin1e-06_seed000.npz
fixed_k,1,110,0.005,200,110.0,0.0,1.0254117794193269e-07,5139213.314841079,1.3683694321228126,0.00047894106725093337,0.00016169048010308308,20051985.18632802,1.9938266292684622e-06,0.0,0.044767299609457765,0.10917941030653683,0.1845795350613701,0.004729105304740683,1,1.1933617293311778,1.4928003584128624,0.6104172107943764,0.0,0.019331089963700882,4.7826896763232585e-06,6.124022399526275e-06,334.2459310038248,66849.18620076496,logs/reacher_cdc_fixed_seed10\run_fixed_k_K110_rho0.005_Kmin20_Kmax320_Kstep10_gmin1e-06_seed001.npz
fixed_k,2,110,0.005,200,110.0,0.0,8.476419295841033e-08,5943727.613482029,1.4073399249652931,0.0008919299597638309,0.00014922210055019958,20054905.814690094,2.9516744314392956e-06,0.005,0.04770567418629982,0.11140952127740535,0.1965072841060796,0.0052051581154245645,1,2.0304550734342137,2.5609096542035137,0.9622046215702169,0.0,0.02217038474766726,5.316279398465168e-06,6.851516330375537e-06,286.77393400197616,57354.78680039523,logs/reacher_cdc_fixed_seed10\run_fixed_k_K110_rho0.005_Kmin20_Kmax320_Kstep10_gmin1e-06_seed002.npz
fixed_k,3,110,0.005,200,110.0,0.0,9.020547327058677e-08,6267993.246934623,1.4157345725769344,0.0007362138074438369,0.00014265052518393957,20055835.750440374,2.599489287341267e-06,0.0,0.04807241359569023,0.11350353386150103,0.2005980452050341,0.0034812235437894135,1,1.4661252697715452,1.3426419478731144,0.5877571288450024,0.0,0.022436234647309997,5.28709330422717e-06,6.823115203001969e-06,279.47374000330456,55894.74800066091,logs/reacher_cdc_fixed_seed10\run_fixed_k_K110_rho0.005_Kmin20_Kmax320_Kstep10_gmin1e-06_seed003.npz
fixed_k,4,110,0.005,200,110.0,0.0,1.151120963518083e-07,5723888.3308491325,1.3485160728368555,0.000785008726856462,0.00014888484562795864,20051377.955662776,2.561208595710032e-06,0.0,0.047672046945192524,0.11284905475522726,0.18075376050906805,0.004797133657738077,1,1.019108591249574,0.8450481146798481,0.3476769764216927,0.0,0.021413531176305553,5.402096412928351e-06,6.934787841325366e-06,298.76206250308314,59752.41250061663,logs/reacher_cdc_fixed_seed10\run_fixed_k_K110_rho0.005_Kmin20_Kmax320_Kstep10_gmin1e-06_seed004.npz
fixed_k,5,110,0.005,200,110.0,0.0,9.732899716156947e-08,5610834.067189328,1.3866524513761365,0.0004890289808082614,0.00015856255263719922,20050425.46826413,2.689378632630287e-06,0.0,0.04289144347670446,0.10551880075699123,0.18032128630000863,0.005695942477673731,1,1.3664833742970777,1.1771737350377267,0.46072653450462675,0.005,0.018186299687913035,4.551032985058029e-06,5.787741679284935e-06,327.0347935007885,65406.9587001577,logs/reacher_cdc_fixed_seed10\run_fixed_k_K110_rho0.005_Kmin20_Kmax320_Kstep10_gmin1e-06_seed005.npz
fixed_k,6,110,0.005,200,110.0,0.0,8.399238583607613e-08,5734510.280503047,1.3945200275190717,0.0012782874046035637,0.00016510999789811972,20054029.46851202,4.1480084288675595e-06,0.015,0.046267286605391277,0.11102117360937364,0.19056018734854613,0.0015833241310396844,1,1.1905374222785923,1.1149258229724968,0.44219444963692806,0.0,0.020816040365418124,4.919027653312188e-06,6.312043055895845e-06,323.75931350077735,64751.86270015547,logs/reacher_cdc_fixed_seed10\run_fixed_k_K110_rho0.005_Kmin20_Kmax320_Kstep10_gmin1e-06_seed006.npz
fixed_k,7,110,0.005,200,110.0,0.0,1.0110419185300904e-07,5536796.022848062,1.367651343199667,0.00045819515757756824,0.00014585119305741105,20051591.000362292,2.302393127379875e-06,0.0,0.04331178196249149,0.10870304468867706,0.18291799181937143,0.0032942187999807225,1,0.9869014261012932,0.6644315104260934,0.38512593150134944,0.0,0.018281758043731514,4.5979331783859645e-06,5.837065977419933e-06,303.08526500244625,60617.05300048925,logs/reacher_cdc_fixed_seed10\run_fixed_k_K110_rho0.005_Kmin20_Kmax320_Kstep10_gmin1e-06_seed007.npz
fixed_k,8,110,0.005,200,110.0,0.0,9.19720715903041e-08,5091296.710278811,1.383837613417864,0.014153882372171822,0.00023658174306866273,20051722.87752027,6.2112799949095645e-06,0.005,0.04448794274878577,0.10761676593089983,0.18784995195697984,0.005675637361312133,1,1.2505953577980153,1.6065344156640757,0.6930370533218772,0.0,0.019217132710418933,4.723583540552512e-06,6.010286782844426e-06,327.62822000222513,65525.64400044503,logs/reacher_cdc_fixed_seed10\run_fixed_k_K110_rho0.005_Kmin20_Kmax320_Kstep10_gmin1e-06_seed008.npz
fixed_k,9,110,0.005,200,110.0,0.0,1.1582238173243497e-07,5962540.12545894,1.3821271616513875,0.0005677039881487364,0.00015018856819745897,20053530.781925153,2.694653798553409e-06,0.0,0.04794232136568452,0.11556755517754737,0.1845092985691772,0.005767364725452476,1,1.1395019438885001,0.9862489775960894,0.657549475698617,0.0,0.021816982398688445,5.233677589569763e-06,6.740649056505135e-06,304.2190305000986,60843.80610001972,logs/reacher_cdc_fixed_seed10\run_fixed_k_K110_rho0.005_Kmin20_Kmax320_Kstep10_gmin1e-06_seed009.npz
fixed_k,0,120,0.005,200,120.0,0.0,1.0795073965481991e-07,5663983.449221977,1.43130485363783,0.0007808048589929095,0.00012951843325776535,20053599.14673258,2.7096679543011186e-06,0.0,0.04630449100232184,0.11351623757348309,0.18933254054304896,0.00820461770768746,1,1.2644104077872707,0.9076805621509154,0.38237394210432185,0.0,0.02079576250845384,5.210453400554373e-06,6.745910575601297e-06,213.00549700041302,42601.0994000826,logs/reacher_cdc_fixed_seed10\run_fixed_k_K120_rho0.005_Kmin20_Kmax320_Kstep10_gmin1e-06_seed000.npz
fixed_k,1,120,0.005,200,120.0,0.0,1.0715028055095728e-07,5039232.269479798,1.395309339849174,0.0004129673715422951,0.00012241979301504254,20052079.49918772,1.8698247379534185e-06,0.0,0.04473149818786813,0.10859210753757663,0.1845795350613701,0.008021059941160268,1,0.8436493809086366,0.7029714885468299,0.3649671142098126,0.0,0.019233449920841014,5.0636940626105026e-06,6.4886561759666435e-06,205.2451585000381,41049.03170000762,logs/reacher_cdc_fixed_seed10\run_fixed_k_K120_rho0.005_Kmin20_Kmax320_Kstep10_gmin1e-06_seed001.npz
fixed_k,2,120,0.005,200,120.0,0.0,9.340467781763304e-08,5953198.869728366,1.449147317338731,0.0005746329416791441,0.00012356782119886514,20054941.2047212,2.545788682632767e-06,0.0,0.04544902418169233,0.10864469134380297,0.1965072841060796,0.007128800916353751,1,1.5407827952650248,1.5561041445680748,0.9260537641182655,0.0,0.020490473921516227,5.059040325316642e-06,6.520522639710406e-06,214.63197749806568,42926.395499613136,logs/reacher_cdc_fixed_seed10\run_fixed_k_K120_rho0.005_Kmin20_Kmax320_Kstep10_gmin1e-06_seed002.npz
fixed_k,3,120,0.005,200,120.0,0.0,1.0295577924052679e-07,5536687.939537299,1.4808236748362875,0.0010272812062695027,0.0001295738805655353,20055497.447357703,3.190877722794813e-06,0.0,0.04534933530225238,0.10794134133570198,0.2005980452050341,0.00814129927622221,1,2.052221380600859,3.031931090459675,0.879335083881884,0.01,0.020713182457649845,4.988167349536966e-06,6.442106621782552e-06,214.2123504972551,42842.47009945102,logs/reacher_cdc_fixed_seed10\run_fixed_k_K120_rho0.005_Kmin20_Kmax320_Kstep10_gmin1e-06_seed003.npz
fixed_k,4,120,0.005,200,120.0,0.0,1.1984505688434892e-07,5948887.855814781,1.3968064793323303,0.0004980432224620097,0.00012503340616414621,20052061.838061564,2.720203264317893e-06,0.0,0.04694862806780071,0.11338754187508174,0.18075376050906805,0.008189173408285413,1,0.9835143020651924,0.6166104720249217,0.3394067468835399,0.0,0.020967081423013192,5.411928748084698e-06,6.995521903632007e-06,202.18640500039328,40437.281000078656,logs/reacher_cdc_fixed_seed10\run_fixed_k_K120_rho0.005_Kmin20_Kmax320_Kstep10_gmin1e-06_seed004.npz
fixed_k,5,120,0.005,200,120.0,0.0,1.1119047646278571e-07,5260366.711024567,1.3984575773385233,0.0004055303986885658,0.00011936752052948826,20050758.404221673,1.8120987241684969e-06,0.0,0.04341939364305063,0.10531864023783577,0.18032128630000863,0.007977496743508204,1,1.0252623403418013,1.24963321054681,0.5785700543128895,0.0,0.018361648434224834,4.934429322534353e-06,6.314520554408171e-06,211.82378099940252,42364.7561998805,logs/reacher_cdc_fixed_seed10\run_fixed_k_K120_rho0.005_Kmin20_Kmax320_Kstep10_gmin1e-06_seed005.npz
fixed_k,6,120,0.005,200,120.0,0.0,9.750306467713659e-08,5585361.917732844,1.4269080942667418,0.00046197477168626836,0.00012386634655418017,20054002.391428046,2.7330935253723907e-06,0.0,0.04613592040913761,0.11270848200245615,0.19056018734854613,0.008080088022031952,1,1.0841264732359128,0.9074842322106323,0.4429770518985221,0.0,0.02067352548446045,5.184918083373302e-06,6.672303764010081e-06,201.63382550003007,40326.765100006014,logs/reacher_cdc_fixed_seed10\run_fixed_k_K120_rho0.005_Kmin20_Kmax320_Kstep10_gmin1e-06_seed006.npz
fixed_k,7,120,0.005,200,120.0,0.0,1.0420886677358457e-07,5145604.137358024,1.4118848019442702,0.00537565937324091,0.00014798625792419826,20051245.142805845,1.921883482077334e-05,0.005,0.04267574039929058,0.10587312560802728,0.18291799181937143,0.00828888894581329,1,1.3649811968979315,1.6288455741416803,0.8330648830636576,0.0,0.017907855702635287,4.756407349095813e-06,6.0628641827206945e-06,209.9504994979361,41990.09989958722,logs/reacher_cdc_fixed_seed10\run_fixed_k_K120_rho0.005_Kmin20_Kmax320_Kstep10_gmin1e-06_seed007.npz
fixed_k,8,120,0.005,200,120.0,0.0,9.760740369086474e-08,5008559.86988473,1.41620949599855,0.00047415972121520104,0.00012113112959390725,20052021.545010157,2.287907794390397e-06,0.0,0.04360742223917323,0.10698462509329372,0.18784995195697984,0.008283884039963912,1,1.111884618351036,1.3016404027776243,0.5544342761131168,0.0,0.018614452314176914,4.83722109516751e-06,6.18810160032999e-06,206.3374755019322,41267.49510038644,logs/reacher_cdc_fixed_seed10\run_fixed_k_K120_rho0.005_Kmin20_Kmax320_Kstep10_gmin1e-06_seed008.npz
fixed_k,9,120,0.005,200,120.0,0.0,1.2107913233179882e-07,5397865.34021404,1.4295393339895759,0.0009290346767627651,0.0001261607868664626,20053451.775398303,3.410977898273071e-06,0.0,0.04667776506723511,0.11375779544221724,0.1845092985691772,0.007966722742587307,1,1.1352914934961729,0.8736380364803664,0.4509987315883235,0.0,0.02102326042176029,5.206366668529225e-06,6.740669015093273e-06,223.0727184994612,44614.54369989224,logs/reacher_cdc_fixed_seed10\run_fixed_k_K120_rho0.005_Kmin20_Kmax320_Kstep10_gmin1e-06_seed009.npz
fixed_k,0,130,0.005,200,130.0,0.0,1.1605275617694197e-07,5108483.572816875,1.4633183781641208,0.0004992343607063466,0.0001253342770093392,20053550.949078202,2.0143323739817323e-06,0.0,0.04547726271781313,0.11050746731791299,0.18933254054304896,0.006397165621159202,1,1.1067471673429532,0.7124775952569634,0.4192690762868684,0.0,0.02043148756017339,4.986801816926345e-06,6.495181704405083e-06,220.41303700214485,44082.60740042897,logs/reacher_cdc_fixed_seed10\run_fixed_k_K130_rho0.005_Kmin20_Kmax320_Kstep10_gmin1e-06_seed000.npz
fixed_k,1,130,0.005,200,130.0,0.0,1.198453797824306e-07,4742956.863955823,1.4236087484855018,0.0004307049296713425,0.00012067469140761556,20051699.905293956,2.813740328296877e-06,0.0,0.04329267965498502,0.10490421380576491,0.1845795350613701,0.00622331387631707,1,0.9689185589209539,0.5616442413890442,0.407333593285315,0.0,0.01835979347131203,4.727119588272145e-06,6.136434023149542e-06,233.68593749939464,46737.18749987893,logs/reacher_cdc_fixed_seed10\run_fixed_k_K130_rho0.005_Kmin20_Kmax320_Kstep10_gmin1e-06_seed001.npz
fixed_k,2,130,0.005,200,130.0,0.0,1.0031102633134995e-07,5061346.473934474,1.4772373118612836,0.0005513634928588859,0.00012547621963143542,20054752.490153488,2.363769516872866e-06,0.0,0.04557888498687591,0.10841571452244304,0.1965072841060796,0.005807748922541407,1,1.643945323430037,1.8241226708972988,0.9547713295439241,0.0,0.020732501294154083,4.865489116308128e-06,6.375076096271873e-06,274.425067997945,54885.013599589,logs/reacher_cdc_fixed_seed10\run_fixed_k_K130_rho0.005_Kmin20_Kmax320_Kstep10_gmin1e-06_seed002.npz
fixed_k,3,130,0.005,200,130.0,0.0,1.0464377142458803e-07,5066471.45256456,1.4813345952131878,0.0008968455243995569,0.00013049763747416583,20055400.082199838,3.4008352706601105e-06,0.0,0.04613070519764228,0.10820589861301606,0.2005980452050341,0.005869816984333155,1,1.737493588667854,2.386086122635132,1.1130044110793418,0.0,0.0211446738305107,4.93392385039205e-06,6.468846809834159e-06,269.79789199947845,53959.57839989569,logs/reacher_cdc_fixed_seed10\run_fixed_k_K130_rho0.005_Kmin20_Kmax320_Kstep10_gmin1e-06_seed003.npz
fixed_k,4,130,0.005,200,130.0,0.0,1.2252043773106105e-07,4937859.028901244,1.4344501121475657,0.00045675551745409394,0.0001223844294866199,20050339.284801602,2.5759725926020753e-06,0.0,0.04321914712441442,0.107523466048449,0.18075376050906805,0.00536355388366148,1,1.3710170167223905,1.0076139755893545,0.43336870775163827,0.005,0.018522223371871444,4.725548247965554e-06,6.109454571357227e-06,274.6938575000968,54938.77150001936,logs/reacher_cdc_fixed_seed10\run_fixed_k_K130_rho0.005_Kmin20_Kmax320_Kstep10_gmin1e-06_seed004.npz
fixed_k,5,130,0.005,200,130.0,0.0,1.1611498109727164e-07,5098941.081258101,1.4075266953690329,0.0003780657161977214,0.00012185967831796931,20050588.95362758,1.9633761112654343e-06,0.0,0.04359283444254091,0.11042420249177957,0.18032128630000863,0.006110235656217849,1,0.9356511780419108,0.7067703818144062,0.3611077314386103,0.0,0.01836813200628529,4.772056486489678e-06,6.1359714608964256e-06,251.4404645023751,50288.09290047502,logs/reacher_cdc_fixed_seed10\run_fixed_k_K130_rho0.005_Kmin20_Kmax320_Kstep10_gmin1e-06_seed005.npz
fixed_k,6,130,0.005,200,130.0,0.0,1.0161192178116896e-07,5301426.158375534,1.448602067967618,0.0004744164129570963,0.00012415518991640582,20054442.14925064,2.518737393177753e-06,0.0,0.04586365172577764,0.1101977641903983,0.19056018734854613,0.005764684628622712,1,1.2380015515485288,1.0072248535930999,0.4737707530759265,0.0,0.020614857281349777,5.010791013904575e-06,6.525215990003987e-06,254.5739975007018,50914.79950014036,logs/reacher_cdc_fixed_seed10\run_fixed_k_K130_rho0.005_Kmin20_Kmax320_Kstep10_gmin1e-06_seed006.npz
fixed_k,7,130,0.005,200,130.0,0.0,1.1920439574429692e-07,4580428.580675601,1.4154849683870157,0.002897026529353192,0.0001473053883277662,20051009.25430205,8.754440795098721e-06,0.01,0.041420008488900165,0.10206802216384778,0.18291799181937143,0.005601153017642472,1,1.1866176305071676,1.0964220505035944,0.5460156191568644,0.0,0.017155446248794344,4.31276046727863e-06,5.479003631093465e-06,296.35788700019475,59271.57740003895,logs/reacher_cdc_fixed_seed10\run_fixed_k_K130_rho0.005_Kmin20_Kmax320_Kstep10_gmin1e-06_seed007.npz
fixed_k,8,130,0.005,200,130.0,0.0,1.6480907339265136e-07,4369256.092448232,1.4024960601333492,0.0015147789466458683,0.00012917705416837596,20051935.66982293,4.62278342806236e-06,0.005,0.04304968782844866,0.10621196262418663,0.18784995195697984,0.005624849693307593,1,1.051433256135819,0.8554915214152985,0.5435493414737841,0.0,0.018127572597883394,4.57563392572588e-06,5.878975883636756e-06,285.9260765003273,57185.215300065465,logs/reacher_cdc_fixed_seed10\run_fixed_k_K130_rho0.005_Kmin20_Kmax320_Kstep10_gmin1e-06_seed008.npz
fixed_k,9,130,0.005,200,130.0,0.0,1.2563280121328765e-07,5686465.02486312,1.4266499070536052,0.000449764612140775,0.00012409713991149988,20053344.5584412,2.089151871769604e-06,0.0,0.047543665696118606,0.1127561691738214,0.1845092985691772,0.007615190007444928,1,1.1398432981508269,0.8711194723432398,0.4040416889959491,0.0,0.021645455005442488,5.388812497666733e-06,7.026060327080534e-06,211.04440000199247,42208.880000398494,logs/reacher_cdc_fixed_seed10\run_fixed_k_K130_rho0.005_Kmin20_Kmax320_Kstep10_gmin1e-06_seed009.npz
fixed_k,0,140,0.005,200,140.0,0.0,1.2353355249641874e-07,4827165.320664198,1.4737393055270325,0.0004941767112556065,0.00012428576045186467,20053269.785487786,2.6792096980091877e-06,0.0,0.04517289325627487,0.10702903988857862,0.18933254054304896,0.004925895697244428,1,1.2932344772111422,0.6262750989659992,0.37478767758438186,0.0,0.020353654619824788,4.767554489336062e-06,6.2218253823931786e-06,326.2438474985538,65248.76949971076,logs/reacher_cdc_fixed_seed10\run_fixed_k_K140_rho0.005_Kmin20_Kmax320_Kstep10_gmin1e-06_seed000.npz
fixed_k,1,140,0.005,200,140.0,0.0,1.222161316614222e-07,4370169.728951862,1.4156997476865678,0.00047377386539579217,0.00012198340180754618,20051225.173069336,2.138131364171208e-06,0.0,0.042125955162244155,0.10405654376763364,0.1845795350613701,0.004560730780402032,1,1.006721859731605,0.53672717059091,0.3027887662598776,0.0,0.017565452375535077,4.364261876976056e-06,5.61024811896066e-06,325.45989949954674,65091.97989990935,logs/reacher_cdc_fixed_seed10\run_fixed_k_K140_rho0.005_Kmin20_Kmax320_Kstep10_gmin1e-06_seed001.npz
fixed_k,2,140,0.005,200,140.0,0.0,1.1249412073014113e-07,4690928.485771212,1.4525144765696172,0.0004988818672295179,0.00012600576388054643,20054631.107213788,2.398827958977346e-06,0.0,0.046762116140475145,0.11370599448791952,0.1965072841060796,0.004884915954022374,1,1.3630789840589828,1.2774332422082433,0.5626468803337119,0.005,0.02134742887889798,4.8790496472374415e-06,6.362018493518985e-06,330.6273079995299,66125.46159990598,logs/reacher_cdc_fixed_seed10\run_fixed_k_K140_rho0.005_Kmin20_Kmax320_Kstep10_gmin1e-06_seed002.npz
fixed_k,3,140,0.005,200,140.0,0.0,1.0634604630693124e-07,4870290.861422387,1.4920293538433793,0.0007606726859192302,0.00012992307541937978,20055342.364907164,2.508558640740625e-06,0.0,0.04429363404553491,0.10642356935891696,0.2005980452050341,0.004753017761025424,1,1.659522692838674,1.3244434090515438,0.5773080077796019,0.005,0.020035795715248966,4.508352779554076e-06,5.8586734366905895e-06,342.3855579964584,68477.11159929167,logs/reacher_cdc_fixed_seed10\run_fixed_k_K140_rho0.005_Kmin20_Kmax320_Kstep10_gmin1e-06_seed003.npz
fixed_k,4,140,0.005,200,140.0,0.0,1.325918515500942e-07,4876391.013870376,1.4276775694285118,0.000435998861219896,0.0001204405468330552,20051453.588823285,2.0957071229566567e-06,0.0,0.04462184094216854,0.11122136268382594,0.18075376050906805,0.005112175328137168,1,1.0405873277766833,0.8928002734451402,0.4582238495911425,0.005,0.019313420108088827,4.712023917433894e-06,6.102111846703848e-06,336.79287600069074,67358.57520013815,logs/reacher_cdc_fixed_seed10\run_fixed_k_K140_rho0.005_Kmin20_Kmax320_Kstep10_gmin1e-06_seed004.npz
fixed_k,5,140,0.005,200,140.0,0.0,1.3642653319978557e-07,4625101.475444892,1.4250969634158634,0.000415030478434733,0.00012229857762685896,20050581.55793293,2.2182883263247493e-06,0.0,0.042026053382560935,0.10567510170432726,0.18032128630000863,0.004898246764686318,1,0.9314181824365937,0.564671009870572,0.34125601411912326,0.0,0.01750038408261843,4.3397447478695665e-06,5.585643430879557e-06,353.87864200456534,70775.72840091307,logs/reacher_cdc_fixed_seed10\run_fixed_k_K140_rho0.005_Kmin20_Kmax320_Kstep10_gmin1e-06_seed005.npz
fixed_k,6,140,0.005,200,140.0,0.0,1.1117443736898076e-07,4977107.4871560875,1.4460749000258184,0.0005111312847914548,0.00012260832754298643,20053485.545634255,2.744171339305058e-06,0.0,0.046771266286085335,0.11110084442155321,0.19056018734854613,0.005135898743555934,1,1.1224685012094875,0.5362527727539209,0.32282951033020385,0.0,0.02121762511081244,4.994444967249614e-06,6.542243397818014e-06,338.84455650520977,67768.91130104195,logs/reacher_cdc_fixed_seed10\run_fixed_k_K140_rho0.005_Kmin20_Kmax320_Kstep10_gmin1e-06_seed006.npz
fixed_k,7,140,0.005,200,140.0,0.0,1.2047567146116552e-07,4441809.484241086,1.4417354509321274,0.00045333054897748847,0.00011924310943988128,20050796.75070877,2.4185977216785857e-06,0.0,0.04194303525395996,0.10344849572680898,0.18291799181937143,0.004970257292003781,1,1.1276623159636732,0.8397379081393282,0.4576044172891449,0.0,0.017603450865730674,4.307433934050669e-06,5.5687062450139915e-06,336.9877675001044,67397.55350002088,logs/reacher_cdc_fixed_seed10\run_fixed_k_K140_rho0.005_Kmin20_Kmax320_Kstep10_gmin1e-06_seed007.npz
fixed_k,8,140,0.005,200,140.0,0.0,1.6919684146802118e-07,4114746.945403282,1.4303334585731886,0.00046951493709074835,0.00012084942877513728,20051993.912974663,2.0000115102193484e-06,0.0,0.04358756473872554,0.10676364775599097,0.18784995195697984,0.004635100153598707,1,1.1748468149741165,1.0242294972680002,0.5209579853873892,0.0,0.018665475313093895,4.532470572684874e-06,5.881775757352481e-06,333.67459100001724,66734.91820000345,logs/reacher_cdc_fixed_seed10\run_fixed_k_K140_rho0.005_Kmin20_Kmax320_Kstep10_gmin1e-06_seed008.npz
fixed_k,9,140,0.005,200,140.0,0.0,1.3250027151982193e-07,4790167.009064699,1.4486349295708734,0.0005076107727448045,0.00012351048600982132,20052579.25285356,2.2892196002753124e-06,0.0,0.04609732103989242,0.1120411337883158,0.1845092985691772,0.00498727621378468,1,1.2493541744262613,0.9270532993257833,0.33289389350049053,0.005,0.02070122558512142,4.973960595484614e-06,6.488293224763166e-06,313.62388850247953,62724.777700495906,logs/reacher_cdc_fixed_seed10\run_fixed_k_K140_rho0.005_Kmin20_Kmax320_Kstep10_gmin1e-06_seed009.npz
fixed_k,0,150,0.005,200,150.0,0.0,1.3250025108682062e-07,4487897.863707136,1.4730708661425238,0.0004374352819928472,0.00012113030095469424,20053241.87244709,2.1458898630800995e-06,0.0,0.04389579839661742,0.10714260558310687,0.18933254054304896,0.004668381244761478,1,1.2779792500350682,1.539514637447893,0.6831495925476825,0.0,0.019294593220621152,4.467984136571284e-06,5.784607629231059e-06,349.3492139992304,69869.84279984608,logs/reacher_cdc_fixed_seed10\run_fixed_k_K150_rho0.005_Kmin20_Kmax320_Kstep10_gmin1e-06_seed000.npz
fixed_k,1,150,0.005,200,150.0,0.0,1.7204383108970068e-07,3969920.6273792563,1.445433994695362,0.0004769170157842365,0.00012200067952784859,20051308.661082212,2.2106842335816437e-06,0.0,0.041532803437897316,0.1020616478297758,0.1845795350613701,0.004445793524607891,1,1.0225015668877935,0.5532124348997354,0.3947801164938263,0.0,0.017303910627866487,4.154848838312445e-06,5.37219642081069e-06,366.13092750223586,73226.18550044717,logs/reacher_cdc_fixed_seed10\run_fixed_k_K150_rho0.005_Kmin20_Kmax320_Kstep10_gmin1e-06_seed001.npz
fixed_k,2,150,0.005,200,150.0,0.0,1.1712458453392899e-07,4712824.806806009,1.4900215878872973,0.0004939179773749288,0.00012362430746848678,20054388.28605698,2.4898891430333377e-06,0.0,0.04491268776003184,0.10960100530367843,0.1965072841060796,0.004486581279030784,1,1.3410972582008684,1.2309887456074398,0.738802208578087,0.005,0.020186409625278404,4.502675987962236e-06,5.85800683290218e-06,365.47955549991457,73095.91109998291,logs/reacher_cdc_fixed_seed10\run_fixed_k_K150_rho0.005_Kmin20_Kmax320_Kstep10_gmin1e-06_seed002.npz
fixed_k,3,150,0.005,200,150.0,0.0,1.167278764937848e-07,4791557.103762705,1.5054278211156287,0.0007471252982830653,0.0001269293824447841,20055437.641056407,3.2817195783714315e-06,0.0,0.04598118507861199,0.11075321827257452,0.2005980452050341,0.004289264163493889,1,1.4095399483737927,0.5964750014874358,0.3619829849900388,0.0,0.021211387435533392,4.6342270813747705e-06,6.095930879614054e-06,369.2055099978461,73841.10199956922,logs/reacher_cdc_fixed_seed10\run_fixed_k_K150_rho0.005_Kmin20_Kmax320_Kstep10_gmin1e-06_seed003.npz
fixed_k,4,150,0.005,200,150.0,0.0,1.3423915944967085e-07,4517977.313523933,1.46106676286298,0.00044968354383943815,0.00012413073544777974,20050317.36736698,2.537595880320547e-06,0.0,0.042071514102470134,0.1043145924448863,0.18075376050906805,0.00485346715710751,1,1.2101528773028738,0.9247849591887377,0.4409184241429133,0.0,0.01780579460990569,4.300699056054135e-06,5.578599951679563e-06,378.28302549693035,75656.60509938607,logs/reacher_cdc_fixed_seed10\run_fixed_k_K150_rho0.005_Kmin20_Kmax320_Kstep10_gmin1e-06_seed004.npz
fixed_k,5,150,0.005,200,150.0,0.0,1.404865335338369e-07,4296925.207641875,1.4507571655327314,0.00048702244709562017,0.0001204463336435082,20050497.5577109,2.680586742072106e-06,0.0,0.04125453001019765,0.10180725050160207,0.18032128630000863,0.004416952044545053,1,1.1032897419663648,0.8377574530209555,0.4497625917348828,0.005,0.017205041146676738,4.165006892876108e-06,5.378684297921394e-06,371.9326859997818,74386.53719995636,logs/reacher_cdc_fixed_seed10\run_fixed_k_K150_rho0.005_Kmin20_Kmax320_Kstep10_gmin1e-06_seed005.npz
fixed_k,6,150,0.005,200,150.0,0.0,1.1325062300360927e-07,4770411.065709958,1.4857938881257082,0.0005020235166115743,0.00012785462137587127,20053598.910510138,2.300777513460514e-06,0.0,0.04445030029159348,0.10857732997174945,0.19056018734854613,0.004474314372568066,1,1.1223830283591734,0.8524787815690366,0.3988430653272411,0.0,0.019818052581674496,4.448794744208599e-06,5.808456741749027e-06,374.9474725013715,74989.4945002743,logs/reacher_cdc_fixed_seed10\run_fixed_k_K150_rho0.005_Kmin20_Kmax320_Kstep10_gmin1e-06_seed006.npz
fixed_k,7,150,0.005,200,150.0,0.0,1.2613255927966185e-07,4192522.397930156,1.4247407760987372,0.008262886988344776,0.000163170735484289,20050842.66875326,2.810565895317607e-05,0.005,0.04240349471493071,0.10565884560247243,0.18291799181937143,0.004602718448759167,1,0.9272273382409847,0.7717560646013211,0.4629515013445964,0.0,0.017661791000218332,4.301131542835298e-06,5.559194039059933e-06,351.4877084971522,70297.54169943044,logs/reacher_cdc_fixed_seed10\run_fixed_k_K150_rho0.005_Kmin20_Kmax320_Kstep10_gmin1e-06_seed007.npz
fixed_k,8,150,0.005,200,150.0,0.0,1.9938322618840065e-07,3691439.866104465,1.4506614079800493,0.0004648827291193173,0.0001175935398066063,20051938.46010663,1.8714351460676252e-06,0.0,0.041946304178870276,0.10165081841439147,0.18784995195697984,0.004321593121725363,1,1.055426028543305,0.4241224336640299,0.3833872872910846,0.0,0.01767626804641236,4.194159982996107e-06,5.434895739960047e-06,363.9508995026699,72790.17990053399,logs/reacher_cdc_fixed_seed10\run_fixed_k_K150_rho0.005_Kmin20_Kmax320_Kstep10_gmin1e-06_seed008.npz
fixed_k,9,150,0.005,200,150.0,0.0,1.379249110296705e-07,4789998.4172948655,1.43023147396794,0.0005301810986931051,0.0001236103457264681,20052432.207513135,2.058762327825576e-06,0.0,0.04920197905750855,0.11442135312149192,0.1845092985691772,0.004370716684938781,1,1.233294890817529,1.0222668374492387,0.46891613849129943,0.0,0.022901712305076448,5.392788328391181e-06,7.071810828521149e-06,336.2811655009864,67256.23310019728,logs/reacher_cdc_fixed_seed10\run_fixed_k_K150_rho0.005_Kmin20_Kmax320_Kstep10_gmin1e-06_seed009.npz
fixed_k,0,160,0.005,200,160.0,0.0,1.344534732655847e-07,4266106.780540858,1.4969211187438674,0.000528432978652558,0.000124792964588272,20053457.14188431,2.2958166793036716e-06,0.0,0.043781498809677154,0.10743818836676927,0.18933254054304896,0.0041367677892922925,1,1.2605194920445737,0.9853354279572716,0.6617895635632419,0.0,0.019333449334583377,4.356108154591543e-06,5.682483087798043e-06,394.7469724982511,78949.39449965023,logs/reacher_cdc_fixed_seed10\run_fixed_k_K160_rho0.005_Kmin20_Kmax320_Kstep10_gmin1e-06_seed000.npz
fixed_k,1,160,0.005,200,160.0,0.0,1.8847044537478446e-07,3714829.9795672186,1.432863214011873,0.003398768220703989,0.0001369222122846373,20051061.029197432,2.747887427047695e-06,0.005,0.04175402449003365,0.10371677460318016,0.1845795350613701,0.004222887553908261,1,0.9673114449646987,0.5113818978058066,0.32885044899737853,0.0,0.017285598558139475,4.136529512888984e-06,5.3232041146352895e-06,384.96514549828134,76993.02909965627,logs/reacher_cdc_fixed_seed10\run_fixed_k_K160_rho0.005_Kmin20_Kmax320_Kstep10_gmin1e-06_seed001.npz
fixed_k,2,160,0.005,200,160.0,0.0,1.255799977866323e-07,4336768.174225861,1.502278479056235,0.0006497001560494692,0.000129078553876248,20054071.340839975,2.5520582853671162e-06,0.0,0.044799125347028984,0.10842461700564458,0.1965072841060796,0.004454924629630968,1,1.238182004188136,0.5531401887967633,0.4115768358429877,0.0,0.0202042160259616,4.473094436768699e-06,5.851137133210946e-06,378.6591899971245,75731.8379994249,logs/reacher_cdc_fixed_seed10\run_fixed_k_K160_rho0.005_Kmin20_Kmax320_Kstep10_gmin1e-06_seed002.npz
fixed_k,3,160,0.005,200,160.0,0.0,1.2358961163132608e-07,4336060.155692519,1.5269568568473562,0.0006982085654435218,0.0001308954280518767,20055282.237787362,3.470912781348483e-06,0.0,0.0450519947308847,0.1055352084726539,0.2005980452050341,0.004512986413400056,1,1.9007391315270017,1.331061526020676,0.9026001778194402,0.0,0.020799244876078246,4.541669704150859e-06,5.9266944681107735e-06,393.5891014995286,78717.82029990572,logs/reacher_cdc_fixed_seed10\run_fixed_k_K160_rho0.005_Kmin20_Kmax320_Kstep10_gmin1e-06_seed003.npz
fixed_k,4,160,0.005,200,160.0,0.0,1.3896701356131404e-07,4311132.527120186,1.4462209801441714,0.0004250265317997852,0.00012023851263118564,20050874.24015909,2.028858494927405e-06,0.0,0.042800239444330306,0.10605381394297657,0.18075376050906805,0.004101132667032343,1,0.9820654076122793,0.7179861327404439,0.32948981985817455,0.0,0.018136391854598498,4.364313468355941e-06,5.6381886404296845e-06,373.0832545005251,74616.65090010501,logs/reacher_cdc_fixed_seed10\run_fixed_k_K160_rho0.005_Kmin20_Kmax320_Kstep10_gmin1e-06_seed004.npz
fixed_k,5,160,0.005,200,160.0,0.0,1.4171226493629343e-07,4113267.6138334917,1.4431631925389359,0.00046526477686516666,0.00012232837190532977,20050554.739209883,2.461071501128493e-06,0.005,0.04146983322961528,0.10310996120689546,0.18032128630000863,0.004213766930242496,1,1.0008626235134626,0.5605060168578053,0.31179444918431937,0.0,0.017181413667626814,4.148313429200881e-06,5.358913813034664e-06,396.1604994998197,79232.09989996394,logs/reacher_cdc_fixed_seed10\run_fixed_k_K160_rho0.005_Kmin20_Kmax320_Kstep10_gmin1e-06_seed005.npz
fixed_k,6,160,0.005,200,160.0,0.0,1.30183061443432e-07,4491976.112736489,1.4779872304836394,0.0005455525810542842,0.00012564056740372556,20053431.32118082,2.5403409201000014e-06,0.0,0.045456486923398334,0.10953533014500122,0.19056018734854613,0.004174296063698662,1,1.3184254050274773,0.8745902623731793,0.5035365182127377,0.0,0.02047453140596843,4.639310444147891e-06,6.096055440744491e-06,382.03499250055756,76406.99850011151,logs/reacher_cdc_fixed_seed10\run_fixed_k_K160_rho0.005_Kmin20_Kmax320_Kstep10_gmin1e-06_seed006.npz
fixed_k,7,160,0.005,200,160.0,0.0,1.2702348420139955e-07,4069039.379077739,1.4528511910370228,0.0006781824928646517,0.0001261365539048942,20050655.244178914,2.393861202816094e-06,0.0,0.04118081458822434,0.10280965505674482,0.18291799181937143,0.004290501772186119,1,0.9290565428924383,0.34009254198940053,0.2850344066209145,0.0,0.01703673760489336,4.06571629393483e-06,5.241304907992995e-06,403.19461050094105,80638.92210018821,logs/reacher_cdc_fixed_seed10\run_fixed_k_K160_rho0.005_Kmin20_Kmax320_Kstep10_gmin1e-06_seed007.npz
fixed_k,8,160,0.005,200,160.0,0.0,2.371679671823167e-07,3443462.504042002,1.4443361086903281,0.0004638705783872139,0.00012214482420896356,20051850.44761334,2.2292225868426434e-06,0.0,0.04264941488343087,0.10505964982648519,0.18784995195697984,0.004397005789770746,1,0.875496289264542,0.49756052241024074,0.35148728310776517,0.0,0.017972839997474413,4.200371942393752e-06,5.411148729948721e-06,397.70284399943193,79540.56879988639,logs/reacher_cdc_fixed_seed10\run_fixed_k_K160_rho0.005_Kmin20_Kmax320_Kstep10_gmin1e-06_seed008.npz
fixed_k,9,160,0.005,200,160.0,0.0,1.7260563703473516e-07,4513912.414939276,1.4345085517678386,0.0008568065618549265,0.00012724806265451425,20052724.585962486,2.6453728221932192e-06,0.005,0.04905103878224237,0.1141527830968632,0.1845092985691772,0.004476413072587782,1,1.1348117850292538,0.8389395931178241,0.4428462158649121,0.0,0.02274078008545092,5.328486924748119e-06,7.002509753792965e-06,380.1144930013106,76022.89860026212,logs/reacher_cdc_fixed_seed10\run_fixed_k_K160_rho0.005_Kmin20_Kmax320_Kstep10_gmin1e-06_seed009.npz
fixed_k,0,170,0.005,200,170.0,0.0,1.3791847135836184e-07,4252801.103357235,1.5081058946414532,0.0006582829352008406,0.00012256307965887936,20053938.130581524,2.7857295812703965e-06,0.005,0.04400847117075533,0.10694200450435667,0.18933254054304896,0.004662770596597876,1,1.4434075841538052,1.2260038331068637,0.60003051145296,0.0,0.01962309513748612,4.332926118557672e-06,5.642008413812047e-06,389.87835300329607,77975.67060065921,logs/reacher_cdc_fixed_seed10\run_fixed_k_K170_rho0.005_Kmin20_Kmax320_Kstep10_gmin1e-06_seed000.npz
fixed_k,1,170,0.005,200,170.0,0.0,1.927388028814798e-07,3510932.392615886,1.454160656969034,0.0014188073962748066,0.0001274622693475795,20050940.673687108,5.890662559943588e-06,0.01,0.04200696404043294,0.10360667308291241,0.1845795350613701,0.004978155776267478,1,0.8814785026630236,0.7285742872295743,0.44487944001141294,0.0,0.01749122988677507,4.131836683593207e-06,5.3034395232753994e-06,383.9960125007201,76799.20250014402,logs/reacher_cdc_fixed_seed10\run_fixed_k_K170_rho0.005_Kmin20_Kmax320_Kstep10_gmin1e-06_seed001.npz
fixed_k,2,170,0.005,200,170.0,0.0,1.3878373703139385e-07,4088174.723138389,1.5063330915828024,0.00243891376417571,0.00013252628200407422,20054353.46550587,8.634375648109716e-06,0.005,0.04511162682300817,0.10962068047603103,0.1965072841060796,0.004390645877509822,1,1.3275971734996896,0.7725407517135138,0.39832214495163093,0.005,0.020372818090852323,4.477170544515688e-06,5.85320271649748e-06,381.0207799979253,76204.15599958505,logs/reacher_cdc_fixed_seed10\run_fixed_k_K170_rho0.005_Kmin20_Kmax320_Kstep10_gmin1e-06_seed002.npz
fixed_k,3,170,0.005,200,170.0,0.0,1.3872322362077714e-07,4052692.0553415604,1.5286582337609997,0.001518880250087543,0.00013913344312727708,20055081.564109493,5.628795398865481e-06,0.01,0.04474036423747816,0.10634194689399025,0.2005980452050341,0.005029570075187722,1,1.6682576256879071,0.9095744863497062,0.6932682809516713,0.0,0.020452385008715445,4.3914359438387655e-06,5.752856057849619e-06,416.96612850180827,83393.22570036165,logs/reacher_cdc_fixed_seed10\run_fixed_k_K170_rho0.005_Kmin20_Kmax320_Kstep10_gmin1e-06_seed003.npz
fixed_k,4,170,0.005,200,170.0,0.0,1.4931063354071703e-07,4132837.860301612,1.4732125237460219,0.030321988750822464,0.00031960987795589743,20050777.1615658,0.00011462422870408786,0.02,0.04374759199535629,0.11009447481724423,0.18075376050906805,0.0038049810099061664,1,1.0959822071571457,0.6181392162977625,0.37828700928086584,0.0,0.01887335096411285,4.411866836208978e-06,5.728838727713935e-06,378.09178300143685,75618.35660028737,logs/reacher_cdc_fixed_seed10\run_fixed_k_K170_rho0.005_Kmin20_Kmax320_Kstep10_gmin1e-06_seed004.npz
fixed_k,5,170,0.005,200,170.0,0.0,1.4627550383042428e-07,3842363.4444552558,1.4643961180414453,0.0033096749585338095,0.00015964503643563994,20050571.156578433,1.1600936786155152e-05,0.03,0.04108051605936086,0.1013443338487014,0.18032128630000863,0.0037090043528701594,1,1.1295327388764351,0.713998919180566,0.3878026363348344,0.0,0.017093407105588918,4.0203913458716764e-06,5.1820598396128855e-06,415.03696749772644,83007.39349954529,logs/reacher_cdc_fixed_seed10\run_fixed_k_K170_rho0.005_Kmin20_Kmax320_Kstep10_gmin1e-06_seed005.npz
fixed_k,6,170,0.005,200,170.0,0.0,1.3678081560607632e-07,4308944.520730476,1.4864144682612255,0.006482740065894708,0.00024166225357156117,20053354.454291083,2.313080264871419e-05,0.03,0.044242603893615985,0.10796904159020526,0.19056018734854613,0.0033596324515778944,1,1.193053173135365,0.6739411806443262,0.3821618819209228,0.0,0.019535941321726695,4.3816106880694604e-06,5.689448554482509e-06,432.18872199591715,86437.74439918343,logs/reacher_cdc_fixed_seed10\run_fixed_k_K170_rho0.005_Kmin20_Kmax320_Kstep10_gmin1e-06_seed006.npz
fixed_k,7,170,0.005,200,170.0,0.0,1.2937572615411155e-07,3974705.547619081,1.4699142229490472,0.006345900242098981,0.00016603589888395388,20051046.906819873,2.2657441285683715e-05,0.015,0.041322249840108946,0.10224523299970141,0.18291799181937143,0.0036459708906417727,1,1.0949808752602077,0.597001823562996,0.37193342576015564,0.0,0.01723013388801348,4.0653716278532e-06,5.24487032986329e-06,393.61918799986597,78723.8375999732,logs/reacher_cdc_fixed_seed10\run_fixed_k_K170_rho0.005_Kmin20_Kmax320_Kstep10_gmin1e-06_seed007.npz
fixed_k,8,170,0.005,200,170.0,0.0,2.4860255880595604e-07,3368941.501851346,1.4665198254833995,0.002639455733290439,0.00013227217190817764,20052481.63915155,2.466879885166479e-06,0.005,0.04198918924031754,0.10290633004573031,0.18784995195697984,0.004685898098933372,1,1.0987738906102709,0.7728919371884413,0.5064300385354092,0.0,0.01769029251909233,4.115722285548021e-06,5.2818911509886235e-06,386.24160250328714,77248.32050065743,logs/reacher_cdc_fixed_seed10\run_fixed_k_K170_rho0.005_Kmin20_Kmax320_Kstep10_gmin1e-06_seed008.npz
fixed_k,9,170,0.005,200,170.0,0.0,1.825557597064022e-07,4086481.579200716,1.468983681834933,0.00044946466092935574,0.00012206720584295765,20052041.13737065,2.2656400008424537e-06,0.0,0.0456204955215244,0.1121044453436211,0.1845092985691772,0.004640258850291067,1,0.9964633613251377,0.6659420778590289,0.3300420147067197,0.0,0.02023675267265115,4.7075370320484764e-06,6.1267426744243505e-06,367.31127850100165,73462.25570020033,logs/reacher_cdc_fixed_seed10\run_fixed_k_K170_rho0.005_Kmin20_Kmax320_Kstep10_gmin1e-06_seed009.npz
fixed_k,0,180,0.005,200,180.0,0.0,1.5714744610064583e-07,3957531.2540461468,1.5148779832248698,0.00566114852311116,0.00019448670448112278,20054348.373714637,2.4593536620639532e-05,0.025,0.043424659641722756,0.10524270359600671,0.18933254054304896,0.0021393492651330917,1,1.4724425615391363,1.2293246842430456,0.43818281734170894,0.0,0.01924342812738364,4.059563009038627e-06,5.311779948489993e-06,462.9332544968929,92586.65089937858,logs/reacher_cdc_fixed_seed10\run_fixed_k_K180_rho0.005_Kmin20_Kmax320_Kstep10_gmin1e-06_seed000.npz
fixed_k,1,180,0.005,200,180.0,0.0,2.473391679231606e-07,3200221.7738665855,1.4634267224257405,0.0011092943036963496,0.0001210602828897954,20050986.600076023,3.973430385235218e-06,0.005,0.04143588575130217,0.10354429558409971,0.1845795350613701,0.002009605719922315,1,0.8937217886704051,0.47031668175362323,0.3764655605770018,0.0,0.017148331769394582,3.848154116996565e-06,4.925059024701399e-06,478.7782425014302,95755.64850028604,logs/reacher_cdc_fixed_seed10\run_fixed_k_K180_rho0.005_Kmin20_Kmax320_Kstep10_gmin1e-06_seed001.npz
fixed_k,2,180,0.005,200,180.0,0.0,1.416979013981574e-07,3907307.493896136,1.5244064425907158,0.0017099150553367827,0.0001415220958845992,20054350.05712742,5.522756006318617e-06,0.015,0.04412288368612682,0.10788940460896179,0.1965072841060796,0.001755477342842158,1,1.3130121650246713,0.9908555204463758,0.44243079865756946,0.005,0.01976160884986746,4.094364735379801e-06,5.36726763530497e-06,486.5681820019381,97313.63640038762,logs/reacher_cdc_fixed_seed10\run_fixed_k_K180_rho0.005_Kmin20_Kmax320_Kstep10_gmin1e-06_seed002.npz
fixed_k,3,180,0.005,200,180.0,0.0,1.4921318258561957e-07,3817569.9372566263,1.5188479841517222,0.004936046161635529,0.00014647052241900692,20055031.064519122,1.801969446548343e-05,0.005,0.044858104796235976,0.10784214126852215,0.2005980452050341,0.0021245060321839412,1,1.322626525829959,0.6015254188691959,0.46772570024893956,0.005,0.02031548553580288,4.206064790259839e-06,5.499332239363756e-06,433.6912419993314,86738.24839986628,logs/reacher_cdc_fixed_seed10\run_fixed_k_K180_rho0.005_Kmin20_Kmax320_Kstep10_gmin1e-06_seed003.npz
fixed_k,4,180,0.005,200,180.0,0.0,1.519956048857091e-07,3927265.8836106025,1.4699648690471585,0.00530348365071606,0.0001656757375945752,20050879.4263498,2.017803044764595e-05,0.025,0.04345769913236905,0.10837010471261019,0.18075376050906805,0.002017665813320761,1,1.0956820156845253,0.6516539768737577,0.37052515141828596,0.0,0.01866027691000604,4.216635218262848e-06,5.4806142117979055e-06,461.4133770012995,92282.6754002599,logs/reacher_cdc_fixed_seed10\run_fixed_k_K180_rho0.005_Kmin20_Kmax320_Kstep10_gmin1e-06_seed004.npz
fixed_k,5,180,0.005,200,180.0,0.0,1.4930673848746837e-07,3682925.1859296584,1.4758029141952056,0.0076468883519602345,0.0001666959085400661,20050588.722658772,2.515022629094427e-05,0.01,0.040990512295284526,0.10289008735234512,0.18032128630000863,0.0019974000729677237,1,1.0126672528180882,0.6301829608286444,0.4047780426076721,0.0,0.0169641977257184,3.8029129781719815e-06,4.899486590351912e-06,463.6964795019594,92739.29590039188,logs/reacher_cdc_fixed_seed10\run_fixed_k_K180_rho0.005_Kmin20_Kmax320_Kstep10_gmin1e-06_seed005.npz
fixed_k,6,180,0.005,200,180.0,0.0,1.3938043610839736e-07,4198461.629973172,1.497496051626305,0.0005529305794650545,0.00012460396148262611,20053059.366169117,3.0119189568725202e-06,0.005,0.044939792700112176,0.11116129010646769,0.19056018734854613,0.0021667019751058928,1,1.3412106344028545,0.9538278012037542,0.5928605109503338,0.0,0.02005077460705045,4.283177774403264e-06,5.5988685593095735e-06,453.9756410010159,90795.12820020318,logs/reacher_cdc_fixed_seed10\run_fixed_k_K180_rho0.005_Kmin20_Kmax320_Kstep10_gmin1e-06_seed006.npz
fixed_k,7,180,0.005,200,180.0,0.0,1.6505433010312303e-07,3504055.2416721312,1.4645831540165022,0.001808983525750292,0.00014101087156821038,20050919.63489586,5.189098457148017e-06,0.015,0.04118928558517466,0.10290708080671304,0.18291799181937143,0.0027649115722206776,1,1.0469071149352815,0.7823012909621396,0.5033399168592696,0.0,0.017061135862581626,3.8320675715463315e-06,4.9152167668669255e-06,464.6187460012152,92923.74920024304,logs/reacher_cdc_fixed_seed10\run_fixed_k_K180_rho0.005_Kmin20_Kmax320_Kstep10_gmin1e-06_seed007.npz
fixed_k,8,180,0.005,200,180.0,0.0,2.7734556217326014e-07,2984886.335113425,1.4629876107337327,0.003632805584791983,0.00014903089665874042,20051712.976832036,1.125755335898685e-05,0.02,0.04191525613144112,0.10207711768242529,0.18784995195697984,0.002027358980238653,1,0.8463957625768423,0.28885105698446756,0.23909972127293028,0.0,0.01753891844799421,3.893570535197895e-06,4.992970348520899e-06,458.7249675014755,91744.9935002951,logs/reacher_cdc_fixed_seed10\run_fixed_k_K180_rho0.005_Kmin20_Kmax320_Kstep10_gmin1e-06_seed008.npz
fixed_k,9,180,0.005,200,180.0,0.0,1.8670099486438064e-07,3827636.021145863,1.511588097676821,0.004290096550947754,0.00017610906508134686,20051978.588031113,1.4900211050855665e-05,0.015,0.04314957920834728,0.10751725824504113,0.1845092985691772,0.001981799589281892,1,1.1533264766712181,0.8541230411663069,0.5435792398181212,0.0,0.01886427169955926,4.071817481369507e-06,5.288756901359769e-06,457.72831400012365,91545.66280002473,logs/reacher_cdc_fixed_seed10\run_fixed_k_K180_rho0.005_Kmin20_Kmax320_Kstep10_gmin1e-06_seed009.npz
fixed_k,0,190,0.005,200,190.0,0.0,1.6418136822271587e-07,3789858.5795503,1.518507878248042,0.0004824429770348128,0.0001224098854684636,20052767.425675835,2.230234537394876e-06,0.0,0.04330818522859357,0.10673919174997688,0.18933254054304896,0.0007732286137046158,1,1.1855450424540903,0.47323717829430456,0.3903597389787073,0.0,0.019071604642053958,3.958795680065142e-06,5.144679764128076e-06,480.3257449998637,96065.14899997273,logs/reacher_cdc_fixed_seed10\run_fixed_k_K190_rho0.005_Kmin20_Kmax320_Kstep10_gmin1e-06_seed000.npz
fixed_k,1,190,0.005,200,190.0,0.0,2.589217587000231e-07,3064658.2440099595,1.4686632071696402,0.002762358181572133,0.0001430469973940369,20050821.845502213,1.0467631957906127e-05,0.01,0.04186323071146319,0.10468672250260179,0.1845795350613701,0.0007998183185390265,1,0.96954856583128,0.5742869455281208,0.45973560172764655,0.0,0.017435304658633993,3.795933861301517e-06,4.881628854695173e-06,487.4988164991373,97499.76329982746,logs/reacher_cdc_fixed_seed10\run_fixed_k_K190_rho0.005_Kmin20_Kmax320_Kstep10_gmin1e-06_seed001.npz
fixed_k,2,190,0.005,200,190.0,0.0,1.5331047543265833e-07,3705510.983052701,1.5387319499705754,0.0004819154694684883,0.00012573349806656268,20054397.523823403,2.468092972855145e-06,0.005,0.04440257354837403,0.10642087529436828,0.1965072841060796,0.0011617353154104737,1,1.2362433214446287,0.47472374647459087,0.4661624433886469,0.0,0.020098653439783322,4.024630697290175e-06,5.249169062095299e-06,486.9862564984942,97397.25129969884,logs/reacher_cdc_fixed_seed10\run_fixed_k_K190_rho0.005_Kmin20_Kmax320_Kstep10_gmin1e-06_seed002.npz
fixed_k,3,190,0.005,200,190.0,0.0,1.6249936308142334e-07,3697418.999491838,1.5460730121668076,0.0046130400333243525,0.00017554103864086387,20054668.71699871,1.8294703070061864e-05,0.02,0.044163790373969745,0.10702400679615194,0.2005980452050341,0.001090139127297286,1,1.4967726700116042,0.8161091170180832,0.4447036498632317,0.0,0.020033026426024357,3.9253989359741554e-06,5.125387479500019e-06,492.7783805015497,98555.67610030994,logs/reacher_cdc_fixed_seed10\run_fixed_k_K190_rho0.005_Kmin20_Kmax320_Kstep10_gmin1e-06_seed003.npz
fixed_k,4,190,0.005,200,190.0,0.0,1.5610583380597732e-07,3745989.0814428157,1.4804735043873893,0.0006913200143596023,0.00012414014824203745,20050205.397306167,2.267077060275843e-06,0.005,0.042229188836426186,0.10716628976341595,0.18075376050906805,0.0014456872335356754,1,1.0284429708154774,0.6032706403009804,0.3133338601282666,0.0,0.017807754266829345,3.887649622479835e-06,5.025732846691777e-06,448.0836350028403,89616.72700056806,logs/reacher_cdc_fixed_seed10\run_fixed_k_K190_rho0.005_Kmin20_Kmax320_Kstep10_gmin1e-06_seed004.npz
fixed_k,5,190,0.005,200,190.0,0.0,1.5078325619912705e-07,3598777.475090884,1.4769892293511198,0.0005122648550177908,0.00011977399189216363,20050517.64595499,2.4603502396673508e-06,0.0,0.041222873190549625,0.10222084345562074,0.18032128630000863,0.0014081959764972167,1,0.8885630069304232,0.29160127716232903,0.2737010839171,0.0,0.01713030685186048,3.714019699819092e-06,4.7751231244560585e-06,470.27212449960643,94054.42489992129,logs/reacher_cdc_fixed_seed10\run_fixed_k_K190_rho0.005_Kmin20_Kmax320_Kstep10_gmin1e-06_seed005.npz
fixed_k,6,190,0.005,200,190.0,0.0,1.4719753067127799e-07,4018828.1036734628,1.5134713955876253,0.0005227460367835397,0.00012344501594082344,20053879.71557204,2.957821230370977e-06,0.0,0.04386925542509754,0.10837270533550787,0.19056018734854613,0.0012639621606050453,1,1.1969718978476904,0.8469807650021405,0.4591126886113556,0.0,0.019431555703472898,3.9483508558376405e-06,5.112156760457104e-06,488.81803100317484,97763.60620063497,logs/reacher_cdc_fixed_seed10\run_fixed_k_K190_rho0.005_Kmin20_Kmax320_Kstep10_gmin1e-06_seed006.npz
fixed_k,7,190,0.005,200,190.0,0.0,1.9746757069600785e-07,3245031.059382996,1.4899308684045554,0.0051199482906429915,0.00014364968649340602,20050671.702214222,1.813667025260996e-05,0.005,0.04077580917238002,0.10136078045809142,0.18291799181937143,0.0012490706080564458,1,0.9500575674650251,0.5141643890741883,0.3577143177405389,0.0,0.01695618987157403,3.626929609605773e-06,4.64523330265174e-06,467.10140649956884,93420.28129991377,logs/reacher_cdc_fixed_seed10\run_fixed_k_K190_rho0.005_Kmin20_Kmax320_Kstep10_gmin1e-06_seed007.npz
fixed_k,8,190,0.005,200,190.0,0.0,2.8022469557265604e-07,2801948.818210068,1.4800425523676526,0.000488803433362949,0.0001182536211216403,20051858.271816183,2.653044436629367e-06,0.0,0.04048254019720335,0.09933373844427522,0.18784995195697984,0.0016052308512665273,1,1.1697116827533485,0.491253382972291,0.44500360829611635,0.005,0.016767184296112594,3.540213668103219e-06,4.526201131096034e-06,500.4195335000986,100083.90670001972,logs/reacher_cdc_fixed_seed10\run_fixed_k_K190_rho0.005_Kmin20_Kmax320_Kstep10_gmin1e-06_seed008.npz
fixed_k,9,190,0.005,200,190.0,0.0,1.906246072773397e-07,3629969.876726819,1.4962147187975199,0.00044730390377670487,0.00011924349874784556,20051668.975278635,2.717591660029412e-06,0.005,0.04295844475462634,0.10785801273934675,0.1845092985691772,0.0011255321242786762,1,0.9390032409952133,0.7034380910804887,0.4385294213699692,0.0,0.018518924564264738,3.89321240057267e-06,5.012730332008131e-06,464.63251300301636,92926.50260060327,logs/reacher_cdc_fixed_seed10\run_fixed_k_K190_rho0.005_Kmin20_Kmax320_Kstep10_gmin1e-06_seed009.npz
fixed_k,0,200,0.005,200,200.0,0.0,1.6930067244583443e-07,3690854.511277267,1.531726451453972,0.000494020959313829,0.00011460189555264682,20052698.429234177,2.2746683402436134e-06,0.0,0.04324306570922228,0.10686212192463032,0.18933254054304896,0.0014564916261533359,1,1.0252354287491698,0.426932872679078,0.35991613996946387,0.0,0.019027348793022203,3.908009548024318e-06,5.0491732192456584e-06,452.2951690014452,90459.03380028903,logs/reacher_cdc_fixed_seed10\run_fixed_k_K200_rho0.005_Kmin20_Kmax320_Kstep10_gmin1e-06_seed000.npz
fixed_k,1,200,0.005,200,200.0,0.0,2.6274424856869415e-07,2815830.4886135743,1.4877662040450155,0.000584888346942798,0.0001187067161402158,20050874.273833252,2.599595453278556e-06,0.0,0.040133693374494434,0.09862970002298978,0.1845795350613701,0.0018832204340989743,1,1.3129161070501594,0.7030363984829217,0.5047212083691061,0.0,0.01660401666381895,3.591038442499976e-06,4.582288344972714e-06,421.1243115016259,84224.86230032519,logs/reacher_cdc_fixed_seed10\run_fixed_k_K200_rho0.005_Kmin20_Kmax320_Kstep10_gmin1e-06_seed001.npz
fixed_k,2,200,0.005,200,200.0,0.0,1.5623689602585104e-07,3588836.2480204594,1.536612456274934,0.0005558396010003062,0.00011410025897250641,20053954.054074854,2.8147765273229404e-06,0.0,0.04397084457148187,0.10814337479736792,0.1965072841060796,0.0014618494445090276,1,1.206434986030221,0.5565045748973134,0.4670787676084599,0.0,0.019643825314176747,3.933710981443102e-06,5.1265853435029665e-06,448.76417599909473,89752.83519981895,logs/reacher_cdc_fixed_seed10\run_fixed_k_K200_rho0.005_Kmin20_Kmax320_Kstep10_gmin1e-06_seed002.npz
fixed_k,3,200,0.005,200,200.0,0.0,1.67082989068805e-07,3514821.50762088,1.5524990144587383,0.0005599622194227023,0.00011142826439940381,20054593.775508087,2.547394393956083e-06,0.0,0.04396586829977974,0.10564790447359361,0.2005980452050341,0.0014717657840725405,1,1.3424709353840605,0.4103502913840473,0.26886762531160324,0.0,0.01986529732646057,3.907302526983713e-06,5.096323299863008e-06,419.61298050096957,83922.59610019391,logs/reacher_cdc_fixed_seed10\run_fixed_k_K200_rho0.005_Kmin20_Kmax320_Kstep10_gmin1e-06_seed003.npz
fixed_k,4,200,0.005,200,200.0,0.0,1.5831615487028017e-07,3598135.6999627487,1.4878026907079964,0.0004901541136773608,0.00011957879999615236,20050684.980394382,2.443029895936714e-06,0.0,0.04240387349211208,0.10760747489411208,0.18075376050906805,0.0012375605806858828,1,1.0650311601231421,0.7240437526710788,0.5460745977327799,0.0,0.017939398258662538,3.901875451891174e-06,5.001939014782775e-06,422.0834599994123,84416.69199988246,logs/reacher_cdc_fixed_seed10\run_fixed_k_K200_rho0.005_Kmin20_Kmax320_Kstep10_gmin1e-06_seed004.npz
fixed_k,5,200,0.005,200,200.0,0.0,1.6210502473233573e-07,3501561.0223930497,1.4885691770703715,0.00044414350578632225,0.00011431556555364774,20050519.35175964,2.1724317804163364e-06,0.0,0.041395071333303425,0.1034229139202457,0.18032128630000863,0.0013398607415930296,1,0.9550081265828111,0.36417516285525225,0.2699925958519224,0.0,0.017290132090414877,3.740930683220104e-06,4.826269286431554e-06,410.790110999078,82158.0221998156,logs/reacher_cdc_fixed_seed10\run_fixed_k_K200_rho0.005_Kmin20_Kmax320_Kstep10_gmin1e-06_seed005.npz
fixed_k,6,200,0.005,200,200.0,0.0,1.5265468213681525e-07,3863678.5421862244,1.5201326979181038,0.0005128664439919411,0.00011371395560228608,20054005.663537394,2.5471411817299767e-06,0.0,0.04356567201707525,0.10733053885470825,0.19056018734854613,0.0014788998480022909,1,1.1835895946044723,0.8391054877635105,0.4590083430495322,0.0,0.019212021183059123,3.925101496889333e-06,5.073292684429817e-06,433.7442740012193,86748.85480024386,logs/reacher_cdc_fixed_seed10\run_fixed_k_K200_rho0.005_Kmin20_Kmax320_Kstep10_gmin1e-06_seed006.npz
fixed_k,7,200,0.005,200,200.0,0.0,2.090283312150888e-07,3072112.685569805,1.4636362498925761,0.0004844484979717523,0.00011687718084700245,20050681.422226023,2.5364037096035285e-06,0.0,0.04157314848926707,0.10334508761616013,0.18291799181937143,0.0017492238251101563,1,0.9033786479709397,0.3467841957395355,0.322265769993876,0.0,0.01720504424177237,3.7931973396953888e-06,4.840793859052803e-06,407.61249250004767,81522.49850000953,logs/reacher_cdc_fixed_seed10\run_fixed_k_K200_rho0.005_Kmin20_Kmax320_Kstep10_gmin1e-06_seed007.npz
fixed_k,8,200,0.005,200,200.0,0.0,3.0627655832747926e-07,2698146.9077350693,1.4832807479838634,0.000494844061865224,0.00011055494970886152,20051842.03066178,2.4036289632346153e-06,0.0,0.04142141334003692,0.10228814165316451,0.18784995195697984,0.0013263419350824956,1,1.0515466448279605,0.4913180554250236,0.37313658098713515,0.0,0.017299462640101255,3.67115608650639e-06,4.731984577548259e-06,449.80255250033224,89960.51050006645,logs/reacher_cdc_fixed_seed10\run_fixed_k_K200_rho0.005_Kmin20_Kmax320_Kstep10_gmin1e-06_seed008.npz
fixed_k,9,200,0.005,200,200.0,0.0,1.9502282702025176e-07,3645857.6772073656,1.502856637586309,0.0004761127428051571,0.00011393864414987829,20051481.93086723,2.1688491230674093e-06,0.0,0.04418666790199079,0.11025865835490498,0.1845092985691772,0.00157966716982177,1,1.0167138356817533,0.5185647568275427,0.3463494005936982,0.0,0.01938715793118657,4.155339120315046e-06,5.357918376269218e-06,413.0205055003171,82604.10110006342,logs/reacher_cdc_fixed_seed10\run_fixed_k_K200_rho0.005_Kmin20_Kmax320_Kstep10_gmin1e-06_seed009.npz
fixed_k,0,210,0.005,200,210.0,0.0,1.8229578485913855e-07,3479234.8974868404,1.5362641070022038,0.000734857675469132,0.00012237344652574986,20052696.705282908,2.8168466169951858e-06,0.005,0.043565400368766986,0.10776568226599272,0.18933254054304896,0.0019329960890793866,1,1.157709982669575,0.5718303876786804,0.4202831642492654,0.0,0.01922140767676065,3.957885747104976e-06,5.150218896494146e-06,575.399184502021,115079.83690040419,logs/reacher_cdc_fixed_seed10\run_fixed_k_K210_rho0.005_Kmin20_Kmax320_Kstep10_gmin1e-06_seed000.npz
fixed_k,1,210,0.005,200,210.0,0.0,2.816396168596154e-07,2631078.156343657,1.4798980636001773,0.0004723901751579801,0.00012042224632980193,20050996.007267874,2.449979812791085e-06,0.0,0.040921546580434155,0.10066253016271084,0.1845795350613701,0.0013527521474272957,1,0.9150288972435194,0.5458083714871997,0.3944167610220267,0.0,0.01685737452190554,3.614443841945823e-06,4.643768542760708e-06,547.3593834982603,109471.87669965206,logs/reacher_cdc_fixed_seed10\run_fixed_k_K210_rho0.005_Kmin20_Kmax320_Kstep10_gmin1e-06_seed001.npz
fixed_k,2,210,0.005,200,210.0,0.0,1.6284834101549893e-07,3371902.1538764373,1.542027789991655,0.001064724615787955,0.00012721474169654975,20054050.64339971,4.361941231354647e-06,0.005,0.043116491543268055,0.10569673376662608,0.1965072841060796,0.001715661881848564,1,1.2829696465968803,0.8749785771470049,0.46241985812570807,0.0,0.01907280633061795,3.7833417667777744e-06,4.917917087174268e-06,592.3054479988059,118461.08959976118,logs/reacher_cdc_fixed_seed10\run_fixed_k_K210_rho0.005_Kmin20_Kmax320_Kstep10_gmin1e-06_seed002.npz
fixed_k,3,210,0.005,200,210.0,0.0,1.7262009944040603e-07,3380130.15920125,1.537910928067998,0.007704145056934061,0.00016789214011281046,20054254.101670984,2.5521144172767795e-05,0.01,0.044909098128718176,0.11007065316704025,0.2005980452050341,0.0014422973023152437,1,1.2807158904177265,0.9516557822348333,0.6636190984362224,0.005,0.02026288236880202,4.003222276661662e-06,5.228180029986135e-06,588.2566075006616,117651.32150013233,logs/reacher_cdc_fixed_seed10\run_fixed_k_K210_rho0.005_Kmin20_Kmax320_Kstep10_gmin1e-06_seed003.npz
fixed_k,4,210,0.005,200,210.0,0.0,1.6323489343335392e-07,3445754.45081916,1.511277848260613,0.004719632552229444,0.00015089940669622153,20050256.280720316,1.5569320095532138e-05,0.01,0.04118253463655351,0.10411799808928901,0.18075376050906805,0.0016967661271083193,1,1.046973274738979,0.4319279819161941,0.44505491207482384,0.0,0.017300348165698008,3.691070335278906e-06,4.768723277736731e-06,596.3488070006133,119269.76140012266,logs/reacher_cdc_fixed_seed10\run_fixed_k_K210_rho0.005_Kmin20_Kmax320_Kstep10_gmin1e-06_seed004.npz
fixed_k,5,210,0.005,200,210.0,0.0,1.6558369264502136e-07,3324007.7258280776,1.4900234583894743,0.0015599205221053702,0.0001265330131210722,20050571.333858833,5.006722804958898e-06,0.005,0.04153784373571031,0.10522005776518373,0.18032128630000863,0.0015899950201467116,1,0.933189342190206,0.6224529646904369,0.3666733531872609,0.0,0.017271539798041625,3.7064937641489328e-06,4.787864588261882e-06,581.0437074987567,116208.74149975134,logs/reacher_cdc_fixed_seed10\run_fixed_k_K210_rho0.005_Kmin20_Kmax320_Kstep10_gmin1e-06_seed005.npz
fixed_k,6,210,0.005,200,210.0,0.0,1.6275236032558822e-07,3386280.6555860746,1.5383597360021064,0.0005138689681732167,0.00012280863074932375,20052549.42009557,2.3603740739489125e-06,0.0,0.04267717089976594,0.10491746424289933,0.19056018734854613,0.001572463704659361,1,1.4339288877734035,1.1915826334911743,0.5903452574312261,0.005,0.018699971775072682,3.8092903710924346e-06,4.972209798112846e-06,598.5286349995295,119705.72699990589,logs/reacher_cdc_fixed_seed10\run_fixed_k_K210_rho0.005_Kmin20_Kmax320_Kstep10_gmin1e-06_seed006.npz
fixed_k,7,210,0.005,200,210.0,0.0,2.144165412546171e-07,2877747.4239251423,1.4996602540740422,0.0019680387559745972,0.00012991078963627085,20050573.327277444,7.20688800437418e-06,0.005,0.04098658159257446,0.10240056236909309,0.18291799181937143,0.002250123513437558,1,1.2774874464643498,1.0996180026162992,0.5311874261492072,0.0,0.017006157188234304,3.6854033189641707e-06,4.761404026918821e-06,612.1122529977583,122422.45059955167,logs/reacher_cdc_fixed_seed10\run_fixed_k_K210_rho0.005_Kmin20_Kmax320_Kstep10_gmin1e-06_seed007.npz
fixed_k,8,210,0.005,200,210.0,0.0,3.222059843162734e-07,2531682.343877197,1.4937497200101213,0.00810496693034237,0.00017522018835640916,20051985.662808314,3.0598872898463114e-05,0.01,0.04080985536161756,0.0991497719316903,0.18784995195697984,0.001828321853045879,1,1.3530577417844898,1.1841809141524002,0.6748610896473674,0.005,0.016993140222328482,3.6022020478584144e-06,4.639612997300248e-06,608.354456500092,121670.89130001841,logs/reacher_cdc_fixed_seed10\run_fixed_k_K210_rho0.005_Kmin20_Kmax320_Kstep10_gmin1e-06_seed008.npz
fixed_k,9,210,0.005,200,210.0,0.0,1.9791140456591633e-07,3394857.1974237645,1.5369283654105599,0.008713868644892951,0.0001666563726091054,20051321.320442934,2.9394919911419168e-05,0.01,0.04239061108025983,0.1072959780865502,0.1845092985691772,0.0016583774568396277,1,1.2030680158981975,0.5410614978229488,0.3163514959446381,0.0,0.018435759574639936,3.8108589788749387e-06,4.957461985494199e-06,599.2708194971783,119854.16389943566,logs/reacher_cdc_fixed_seed10\run_fixed_k_K210_rho0.005_Kmin20_Kmax320_Kstep10_gmin1e-06_seed009.npz
fixed_k,0,220,0.005,200,220.0,0.0,1.849785210918701e-07,3333408.4032753645,1.5406174992515806,0.000440282617210486,0.00011491228947879453,20052338.570153233,2.1445748913661802e-06,0.0,0.04439756173227143,0.1099581872572997,0.18933254054304896,0.0035418903668435813,1,1.0777102524640279,0.7199366964676848,0.46997788610282154,0.005,0.01970750618212677,4.224893464859964e-06,5.524536110759512e-06,605.2354779987945,121047.0955997589,logs/reacher_cdc_fixed_seed10\run_fixed_k_K220_rho0.005_Kmin20_Kmax320_Kstep10_gmin1e-06_seed000.npz
fixed_k,1,220,0.005,200,220.0,0.0,3.05996789382681e-07,2514886.7529995185,1.5057210084998685,0.00046490268790897333,0.00011195836056649317,20050923.353428174,2.5285232902634218e-06,0.0,0.040663931907356815,0.10027152179579447,0.1845795350613701,0.003523754812577164,1,0.9307484648319365,0.3429796439628562,0.2641556081172844,0.0,0.016779563098167357,3.7423877495000576e-06,4.815361119387423e-06,603.2185884995852,120643.71769991703,logs/reacher_cdc_fixed_seed10\run_fixed_k_K220_rho0.005_Kmin20_Kmax320_Kstep10_gmin1e-06_seed001.npz
fixed_k,2,220,0.005,200,220.0,0.0,1.7242097953089252e-07,3264958.578686429,1.5569935581374785,0.0005702536121801698,0.00011662265436171051,20053970.936929476,2.45412891495027e-06,0.005,0.04353470264160681,0.10681249222530129,0.1965072841060796,0.003539110240490083,1,1.3475901853604384,0.7073248182315922,0.6461550621920882,0.0,0.019388948963055763,4.0173409464716175e-06,5.260752347627992e-06,627.9046954988735,125580.9390997747,logs/reacher_cdc_fixed_seed10\run_fixed_k_K220_rho0.005_Kmin20_Kmax320_Kstep10_gmin1e-06_seed002.npz
fixed_k,3,220,0.005,200,220.0,0.0,1.7946887478026094e-07,3306277.0352768605,1.5622458063329274,0.0005827577392680042,0.00011931632359067275,20054626.047971066,3.0935494443897024e-06,0.0,0.04464639550390099,0.10833627678192338,0.2005980452050341,0.003496986001278709,1,1.3529077802988316,0.524951571603926,0.535903995343947,0.005,0.020247804872862974,4.168255751725328e-06,5.467072762688854e-06,607.0373135013506,121407.46270027012,logs/reacher_cdc_fixed_seed10\run_fixed_k_K220_rho0.005_Kmin20_Kmax320_Kstep10_gmin1e-06_seed003.npz
fixed_k,4,220,0.005,200,220.0,0.0,1.7223584696982118e-07,3390032.817016353,1.5174748694310976,0.0004906176545409811,0.00011616024625596301,20051028.334509816,2.5417881996864266e-06,0.0,0.04243133899273247,0.10658777922812344,0.18075376050906805,0.0035249505439432375,1,1.0339526042693743,0.8651538481766052,0.6268827484393171,0.0,0.01806971622508153,4.018489688411814e-06,5.224904488000847e-06,602.5521020032465,120510.42040064931,logs/reacher_cdc_fixed_seed10\run_fixed_k_K220_rho0.005_Kmin20_Kmax320_Kstep10_gmin1e-06_seed004.npz
fixed_k,5,220,0.005,200,220.0,0.0,1.734422610303067e-07,3194813.060375041,1.5057195003502175,0.0004885873910998471,0.00011439464106580213,20050581.07974376,2.558945380155571e-06,0.0,0.04148811411852808,0.1024604942289607,0.18032128630000863,0.0035312792871634484,1,1.0025321114918506,0.47730917123123145,0.33522698324640804,0.0,0.01733803066084553,3.9028004410079955e-06,5.059739314867495e-06,595.5287309997948,119105.74619995896,logs/reacher_cdc_fixed_seed10\run_fixed_k_K220_rho0.005_Kmin20_Kmax320_Kstep10_gmin1e-06_seed005.npz
fixed_k,6,220,0.005,200,220.0,0.0,1.7214661642276708e-07,3334875.0954530574,1.533568582834247,0.0004866805387014331,0.0001131215594342986,20052494.075675547,2.6026408486335644e-06,0.0,0.043302054413756876,0.10664054093973753,0.19056018734854613,0.0035257719150880037,1,1.1676563306865209,0.5993483761704631,0.49899130643622763,0.005,0.018930466679007187,4.055923288176185e-06,5.282097833193596e-06,604.0093199972762,120801.86399945524,logs/reacher_cdc_fixed_seed10\run_fixed_k_K220_rho0.005_Kmin20_Kmax320_Kstep10_gmin1e-06_seed006.npz
fixed_k,7,220,0.005,200,220.0,0.0,2.3025185811838924e-07,2779817.316313943,1.5012966314144451,0.0004352396528166751,0.0001128224127901389,20050657.722767964,2.3761793660496142e-06,0.0,0.04083403782352796,0.10215781612321322,0.18291799181937143,0.0035384910232987643,1,0.9482888973576029,0.47036027312239526,0.3622051870049478,0.0,0.01680778460451214,3.7875023010741496e-06,4.881086644883817e-06,605.6974984987755,121139.4996997551,logs/reacher_cdc_fixed_seed10\run_fixed_k_K220_rho0.005_Kmin20_Kmax320_Kstep10_gmin1e-06_seed007.npz
fixed_k,8,220,0.005,200,220.0,0.0,3.6406273147316446e-07,2393766.431847365,1.5002847116145785,0.00047439266256337604,0.00011135539995976398,20051886.71003482,2.3709177393860134e-06,0.0,0.04104765811367653,0.09924136669131758,0.18784995195697984,0.003534820123946769,1,1.2647428866923387,1.0278240429887147,0.5469794085068672,0.0,0.01715148336331729,3.761366486449407e-06,4.866352704468182e-06,617.5087725018966,123501.75450037932,logs/reacher_cdc_fixed_seed10\run_fixed_k_K220_rho0.005_Kmin20_Kmax320_Kstep10_gmin1e-06_seed008.npz
fixed_k,9,220,0.005,200,220.0,0.0,2.1268024822027457e-07,3397283.498677364,1.5038546919995774,0.0004951865711042107,0.00011721482612377637,20051305.20701435,2.216788168087703e-06,0.0,0.04537169952590806,0.11208275066195396,0.1845092985691772,0.0035340800762671994,1,1.1158007211912133,0.5756731072838873,0.4228278615208324,0.0,0.020126494072858627,4.464251885111174e-06,5.8543122457040075e-06,583.4117244981462,116682.34489962924,logs/reacher_cdc_fixed_seed10\run_fixed_k_K220_rho0.005_Kmin20_Kmax320_Kstep10_gmin1e-06_seed009.npz
fixed_k,0,230,0.005,200,230.0,0.0,1.957519008326828e-07,3168249.8360089064,1.5517045049611426,0.0011102590801895375,0.00012574731514839726,20052164.230139222,3.383516791675342e-06,0.005,0.04323683211087176,0.10631617249745648,0.18933254054304896,0.0034504008873070514,1,1.0927027021029665,0.6315963135709555,0.39099212154504187,0.0,0.018917918952126748,4.068574404765535e-06,5.279925328350257e-06,616.3858494986198,123277.16989972396,logs/reacher_cdc_fixed_seed10\run_fixed_k_K230_rho0.005_Kmin20_Kmax320_Kstep10_gmin1e-06_seed000.npz
fixed_k,1,230,0.005,200,230.0,0.0,3.160640823932679e-07,2489164.7051203386,1.5118177623166287,0.0005092044987315491,0.0001177674379426695,20051010.850988302,2.3273550818783392e-06,0.0,0.040671582865347146,0.10072312539940761,0.1845795350613701,0.003451057449172262,1,1.236819291088867,0.7337646928253161,0.5112028971929469,0.0,0.01680563965147756,3.764545790201961e-06,4.8327951395389204e-06,603.6351375014056,120727.02750028111,logs/reacher_cdc_fixed_seed10\run_fixed_k_K230_rho0.005_Kmin20_Kmax320_Kstep10_gmin1e-06_seed001.npz
fixed_k,2,230,0.005,200,230.0,0.0,1.8216303979688838e-07,3173399.5701911584,1.5630754269658562,0.0004992233293997345,0.00012446998193386258,20054056.350487743,2.7760767843080575e-06,0.0,0.043343944976960945,0.10477014148088794,0.1965072841060796,0.003448121966303084,1,1.3697268074939881,0.7247480321081168,0.5094063855148876,0.0,0.01925217215289372,4.021469856884755e-06,5.228426990964409e-06,623.2882310004788,124657.64620009577,logs/reacher_cdc_fixed_seed10\run_fixed_k_K230_rho0.005_Kmin20_Kmax320_Kstep10_gmin1e-06_seed002.npz
fixed_k,3,230,0.005,200,230.0,0.0,1.857705691752856e-07,3167885.8491546144,1.5666623415458623,0.0004860750883336261,0.00012192970204792119,20054330.98359167,2.0764536568683553e-06,0.0,0.04437091329534406,0.10733248171076559,0.2005980452050341,0.003448387674881083,1,1.2687185041668483,0.677927099378193,0.4277032991250275,0.0,0.01998023890417749,4.118140004279901e-06,5.372085034707268e-06,615.5718200016418,123114.36400032835,logs/reacher_cdc_fixed_seed10\run_fixed_k_K230_rho0.005_Kmin20_Kmax320_Kstep10_gmin1e-06_seed003.npz
fixed_k,4,230,0.005,200,230.0,0.0,2.0203061411743833e-07,3223947.4765157574,1.5310535849453233,0.00046443638002997644,0.000120220594802275,20050270.388533097,2.6262616857369678e-06,0.0,0.04217140044113513,0.10597125978291505,0.18075376050906805,0.0034504714014938014,1,1.008312890540014,0.5920975847891912,0.3798718382514569,0.0,0.017903919701116815,4.018817350955079e-06,5.201093569641536e-06,620.3191930020694,124063.83860041387,logs/reacher_cdc_fixed_seed10\run_fixed_k_K230_rho0.005_Kmin20_Kmax320_Kstep10_gmin1e-06_seed004.npz
fixed_k,5,230,0.005,200,230.0,0.0,1.7478554014256153e-07,3189558.094852302,1.5110479671582322,0.003030737424159257,0.0001326161885998772,20050469.76616981,9.4651976819281e-06,0.005,0.04199974998143355,0.10478889337255386,0.18032128630000863,0.003454325550125825,1,0.9018691870600201,0.3751042258239424,0.35268979804956674,0.0,0.01757142352399149,3.984976683153259e-06,5.141666155026547e-06,610.3331714993692,122066.63429987384,logs/reacher_cdc_fixed_seed10\run_fixed_k_K230_rho0.005_Kmin20_Kmax320_Kstep10_gmin1e-06_seed005.npz
fixed_k,6,230,0.005,200,230.0,0.0,1.9516780974795896e-07,3144189.198784884,1.5539553202910594,0.0004906455460871995,0.00012046118040952643,20052476.760614164,2.246833076068387e-06,0.0,0.04329294726960918,0.1070176092416267,0.19056018734854613,0.0034526346817077887,1,1.1779756729585515,0.7889416021961486,0.40051950691874394,0.005,0.018942712948465966,4.0602043315581865e-06,5.273361289553653e-06,632.246257000661,126449.2514001322,logs/reacher_cdc_fixed_seed10\run_fixed_k_K230_rho0.005_Kmin20_Kmax320_Kstep10_gmin1e-06_seed006.npz
fixed_k,7,230,0.005,200,230.0,0.0,2.7973949767240743e-07,2645950.3063606424,1.52446888066621,0.0004663408786788897,0.00011884565713973517,20050637.1110687,2.308998239164505e-06,0.0,0.04164563271549193,0.10236278278363097,0.18291799181937143,0.0034519858089569816,1,0.9819641774027491,0.5106340358585799,0.33894146822942384,0.0,0.01742825456332645,3.947081917921523e-06,5.094019203900675e-06,617.688610998739,123537.7221997478,logs/reacher_cdc_fixed_seed10\run_fixed_k_K230_rho0.005_Kmin20_Kmax320_Kstep10_gmin1e-06_seed007.npz
fixed_k,8,230,0.005,200,230.0,0.0,3.7393228237753194e-07,2362446.7558272053,1.512249132398441,0.00052033615964324,0.00011775694701468931,20051693.504504416,2.06566097051528e-06,0.0,0.04116928524263115,0.10009244436599055,0.18784995195697984,0.0034541829278804063,1,1.0566615875427683,0.3694117473120697,0.2789857008856478,0.005,0.017145519650824642,3.8171398618569965e-06,4.919737889401984e-06,621.1860330007039,124237.20660014078,logs/reacher_cdc_fixed_seed10\run_fixed_k_K230_rho0.005_Kmin20_Kmax320_Kstep10_gmin1e-06_seed008.npz
fixed_k,9,230,0.005,200,230.0,0.0,2.190014670833916e-07,3155965.8825579053,1.5364595219200685,0.0004813016224049172,0.0001214100536772586,20051113.10363533,2.30086345544986e-06,0.0,0.04398826336210248,0.10994946968745176,0.1845092985691772,0.003448734636842839,1,1.0327013491151231,0.5530760121621054,0.40171998232944583,0.0,0.019252366040390056,4.235528803457804e-06,5.525482129161955e-06,602.9330310042133,120586.60620084265,logs/reacher_cdc_fixed_seed10\run_fixed_k_K230_rho0.005_Kmin20_Kmax320_Kstep10_gmin1e-06_seed009.npz
fixed_k,0,240,0.005,200,240.0,0.0,2.0670253630095169e-07,3141749.1124637323,1.5564791081705334,0.0004520685144102501,0.00011596803471204079,20052198.937525816,2.362595020240338e-06,0.0,0.044260054427445544,0.10859485513662044,0.18933254054304896,0.0035916272588868616,1,1.0049156263657766,0.6380948945555945,0.3749090689775641,0.005,0.019518575533146197,4.2336030516204344e-06,5.489393011971402e-06,718.9604920006241,143792.0984001248,logs/reacher_cdc_fixed_seed10\run_fixed_k_K240_rho0.005_Kmin20_Kmax320_Kstep10_gmin1e-06_seed000.npz
fixed_k,1,240,0.005,200,240.0,0.0,4.045848230770367e-07,2322677.8577707657,1.5303476547359032,0.0004993556236806581,0.00011455043034374658,20051026.156210113,2.328599609573683e-06,0.0,0.040266665488321564,0.09821764806408508,0.1845795350613701,0.0035930003199099963,1,1.269970310662018,1.0232249948357703,0.6305543328897402,0.0,0.016609125683345178,3.7189267350078213e-06,4.761172062065435e-06,746.1505630033207,149230.11260066414,logs/reacher_cdc_fixed_seed10\run_fixed_k_K240_rho0.005_Kmin20_Kmax320_Kstep10_gmin1e-06_seed001.npz
fixed_k,2,240,0.005,200,240.0,0.0,1.8919862886436224e-07,3114477.987380712,1.562873416606939,0.0004917902089637872,0.00011596159786656411,20053974.8052295,2.0923850626997393e-06,0.0,0.04433494365207173,0.10726601109580057,0.1965072841060796,0.003590648776570329,1,1.1056650691029781,0.49330364115194003,0.3146397539986999,0.0,0.019769413035397917,4.15491444607844e-06,5.3894275791422725e-06,691.3266600007773,138265.33200015547,logs/reacher_cdc_fixed_seed10\run_fixed_k_K240_rho0.005_Kmin20_Kmax320_Kstep10_gmin1e-06_seed002.npz
fixed_k,3,240,0.005,200,240.0,0.0,1.8989115178299404e-07,3130814.9279601066,1.5664368075355015,0.0005079329907108209,0.00011946866101299463,20054339.980368428,2.5429704707749723e-06,0.0,0.04485559268455502,0.10807427493372886,0.2005980452050341,0.003591006325050266,1,1.4143399670501275,1.269534583270315,0.7062593493013983,0.0,0.020218528397116825,4.209438328763293e-06,5.468253724036889e-06,680.8601259998977,136172.02519997954,logs/reacher_cdc_fixed_seed10\run_fixed_k_K240_rho0.005_Kmin20_Kmax320_Kstep10_gmin1e-06_seed003.npz
fixed_k,4,240,0.005,200,240.0,0.0,2.0834944449093845e-07,3112350.1985043166,1.5299283031470845,0.0004727999506085445,0.00011549647617988555,20050191.760561172,2.0345699151290296e-06,0.0,0.04292659086904073,0.10849218637461015,0.18075376050906805,0.003590945150240372,1,0.9661376845983218,0.4970067449305876,0.35995517147396044,0.0,0.01826850973121325,4.130972724833614e-06,5.337523147739763e-06,676.8966430006549,135379.32860013098,logs/reacher_cdc_fixed_seed10\run_fixed_k_K240_rho0.005_Kmin20_Kmax320_Kstep10_gmin1e-06_seed004.npz
fixed_k,5,240,0.005,200,240.0,0.0,1.774819745504589e-07,3107550.853464014,1.5306669526220955,0.00043636523266697344,0.00011579571656108923,20050483.01703701,2.48710064569228e-06,0.0,0.04205695100918741,0.10470784797494988,0.18032128630000863,0.0035938265621890987,1,0.9365471526045177,0.4451315126407768,0.43116514861162053,0.0,0.017675376274463132,4.000621248522285e-06,5.15830102603707e-06,672.1231825015275,134424.6365003055,logs/reacher_cdc_fixed_seed10\run_fixed_k_K240_rho0.005_Kmin20_Kmax320_Kstep10_gmin1e-06_seed005.npz
fixed_k,6,240,0.005,200,240.0,0.0,2.012812653116431e-07,3091205.3821040457,1.56029540843414,0.00044755493924049546,0.00011828424152898249,20052402.199025918,2.3409501100523803e-06,0.0,0.04343849490370369,0.10845109394541713,0.19056018734854613,0.0035904315074042543,1,0.982976877006855,0.534342272008733,0.4256816421065006,0.005,0.018989448815926055,4.061065086667836e-06,5.253929392499266e-06,669.2509405003511,133850.18810007023,logs/reacher_cdc_fixed_seed10\run_fixed_k_K240_rho0.005_Kmin20_Kmax320_Kstep10_gmin1e-06_seed006.npz
fixed_k,7,240,0.005,200,240.0,0.0,2.913215852504636e-07,2595881.9482808057,1.5309637959091136,0.0005048433691143869,0.00011440424794370609,20050958.40916825,1.959471740644247e-06,0.0,0.04082401067033086,0.09998599836113693,0.18291799181937143,0.0035913139265263284,1,0.9023247009307184,0.3407274231244955,0.2723535799387847,0.0,0.016899430937671125,3.7944639003891614e-06,4.862790368290779e-06,696.3259529980132,139265.19059960265,logs/reacher_cdc_fixed_seed10\run_fixed_k_K240_rho0.005_Kmin20_Kmax320_Kstep10_gmin1e-06_seed007.npz
fixed_k,8,240,0.005,200,240.0,0.0,4.6074667814700623e-07,2233396.2253726735,1.5358663971414626,0.0005021213669093843,0.00011343702038560589,20051719.567723192,2.6107799779738526e-06,0.0,0.04087287933248954,0.09942667029484861,0.18784995195697984,0.0035930239013780164,1,1.1494454375519265,0.4718835207602089,0.43410630051383586,0.005,0.01705382246519844,3.7830216222394104e-06,4.854941817836374e-06,690.0026189995697,138000.52379991394,logs/reacher_cdc_fixed_seed10\run_fixed_k_K240_rho0.005_Kmin20_Kmax320_Kstep10_gmin1e-06_seed008.npz
fixed_k,9,240,0.005,200,240.0,0.0,2.25772904423446e-07,3071750.0331154144,1.554219441046307,0.0004755736788708395,0.00011745056041433323,20051053.649903357,2.127236795520929e-06,0.0,0.0436034534370987,0.10848434771859782,0.1845092985691772,0.003591926944971656,1,1.06639574438414,0.5086907153662853,0.28868265415034233,0.005,0.01904065145273112,4.204928929676158e-06,5.46791492551524e-06,665.7135599988396,133142.71199976793,logs/reacher_cdc_fixed_seed10\run_fixed_k_K240_rho0.005_Kmin20_Kmax320_Kstep10_gmin1e-06_seed009.npz
fixed_k,0,250,0.005,200,250.0,0.0,2.133227572794067e-07,3231890.6848788406,1.5718094817681583,0.001053258928407688,0.0001238048775170866,20052826.91332467,3.1377808916132397e-06,0.005,0.04443405097275284,0.11065328657537915,0.18933254054304896,0.002380163946487423,1,1.0671287242525875,0.6717487633418072,0.4976937431448434,0.0,0.019700896061723924,4.151164924214433e-06,5.4192167108044284e-06,540.7939975021873,108158.79950043745,logs/reacher_cdc_fixed_seed10\run_fixed_k_K250_rho0.005_Kmin20_Kmax320_Kstep10_gmin1e-06_seed000.npz
fixed_k,1,250,0.005,200,250.0,0.0,4.0816061540639945e-07,2349582.829685958,1.5288798796887477,0.0014185519384869844,0.00011945932488750196,20051108.876380604,2.472438158916943e-06,0.005,0.04134969711987513,0.10270352512247598,0.1845795350613701,0.0023839477502913434,1,0.983227330838018,0.6598247237944838,0.5946651164043049,0.0,0.017091695920473587,3.776876149466526e-06,4.863062454045718e-06,544.5675879978808,108913.51759957615,logs/reacher_cdc_fixed_seed10\run_fixed_k_K250_rho0.005_Kmin20_Kmax320_Kstep10_gmin1e-06_seed001.npz
fixed_k,2,250,0.005,200,250.0,0.0,1.961380578596386e-07,3084492.74267463,1.5765697379552273,0.0004568038379213941,0.00011713660813027639,20054381.23720291,2.2914855656926117e-06,0.0,0.04435832309317263,0.10706644173552929,0.1965072841060796,0.0023903883973499206,1,1.191902886778751,0.63474356132053,0.4899442648994047,0.0,0.019819107603851426,4.103389772582503e-06,5.3660148827768185e-06,558.0792465017294,111615.84930034587,logs/reacher_cdc_fixed_seed10\run_fixed_k_K250_rho0.005_Kmin20_Kmax320_Kstep10_gmin1e-06_seed002.npz
fixed_k,3,250,0.005,200,250.0,0.0,1.9656996273457626e-07,3033998.5705753686,1.5850908433144293,0.0010607697530263895,0.00012823256716112575,20053882.578676607,3.1601511583857535e-06,0.01,0.04422556660194441,0.10743886541467712,0.2005980452050341,0.0023858096980612824,1,1.5700040928266192,0.7628147269398775,0.49424469586594605,0.005,0.019907832819206765,4.066360515401512e-06,5.326243059790344e-06,596.8465125033981,119369.30250067962,logs/reacher_cdc_fixed_seed10\run_fixed_k_K250_rho0.005_Kmin20_Kmax320_Kstep10_gmin1e-06_seed003.npz
fixed_k,4,250,0.005,200,250.0,0.0,2.1150049832777736e-07,3030160.567442393,1.5628848862186726,0.0010495025545623126,0.00012335687193842942,20050832.85716294,3.114129288777466e-06,0.005,0.041941227910883845,0.1043249130187892,0.18075376050906805,0.0023840898847437677,1,1.0573370926550962,0.6313142267256774,0.39789819241772156,0.0,0.017842650535593255,3.888638661991151e-06,5.063179909947852e-06,548.1594414979918,109631.88829959836,logs/reacher_cdc_fixed_seed10\run_fixed_k_K250_rho0.005_Kmin20_Kmax320_Kstep10_gmin1e-06_seed004.npz
fixed_k,5,250,0.005,200,250.0,0.0,1.8224973480235685e-07,3023053.700581522,1.538419572335564,0.001221342291381773,0.00012155573788048853,20050553.05260155,2.5397714093272463e-06,0.005,0.04196869981479471,0.1051840586986574,0.18032128630000863,0.0023842885868122117,1,0.8487176228994038,0.32626325491616487,0.33664880725257695,0.0,0.017553814942686683,3.902182226414252e-06,5.053634832556823e-06,545.3988265013322,109079.76530026644,logs/reacher_cdc_fixed_seed10\run_fixed_k_K250_rho0.005_Kmin20_Kmax320_Kstep10_gmin1e-06_seed005.npz
fixed_k,6,250,0.005,200,250.0,0.0,2.0643700498730907e-07,3070862.165295744,1.5780811037896691,0.001052451084827437,0.00012133207763169632,20052491.75337982,3.1358965854046472e-06,0.005,0.04279623416325145,0.10496438717716432,0.19056018734854613,0.002383763326287894,1,1.109637045668754,0.62610350402272,0.36571579043577035,0.0,0.018626005929381382,3.923427193704824e-06,5.10534974706017e-06,556.6430859986576,111328.61719973153,logs/reacher_cdc_fixed_seed10\run_fixed_k_K250_rho0.005_Kmin20_Kmax320_Kstep10_gmin1e-06_seed006.npz
fixed_k,7,250,0.005,200,250.0,0.0,2.9450260352013246e-07,2588839.524426997,1.5493737567208825,0.0017571756185372376,0.00012050472469478598,20050766.24684227,3.0233194385458025e-06,0.005,0.040525113939747226,0.10053395328960384,0.18291799181937143,0.0023851895330243037,1,1.0605045744863622,0.6170658915651064,0.5730398617315029,0.0,0.0167675147651292,3.6674598623634253e-06,4.72564725570951e-06,550.445153999608,110089.0307999216,logs/reacher_cdc_fixed_seed10\run_fixed_k_K250_rho0.005_Kmin20_Kmax320_Kstep10_gmin1e-06_seed007.npz
fixed_k,8,250,0.005,200,250.0,0.0,4.801379837234606e-07,2185230.675035694,1.5390379828585359,0.0011974000279068248,0.00012055732077595509,20051571.968355566,3.179487020180394e-06,0.005,0.04094686613035294,0.10050461562895074,0.18784995195697984,0.002384191989089723,1,1.1583353822030855,0.654782043200831,0.45257544039652287,0.0,0.01701071174837103,3.674870852499921e-06,4.7289070989527425e-06,557.2192869984428,111443.85739968857,logs/reacher_cdc_fixed_seed10\run_fixed_k_K250_rho0.005_Kmin20_Kmax320_Kstep10_gmin1e-06_seed008.npz
fixed_k,9,250,0.005,200,250.0,0.0,2.330254900671943e-07,2984466.87581238,1.5667422486379803,0.0016066271846641778,0.00012602555773810417,20050940.413804367,3.4670939711121104e-06,0.005,0.04362017751689795,0.10777174209425379,0.1845092985691772,0.0023839288807026297,1,1.1029132621733422,0.7022467744211324,0.31731191883649024,0.005,0.01905371218571254,4.141915901644452e-06,5.420825704452572e-06,551.0536490002414,110210.72980004828,logs/reacher_cdc_fixed_seed10\run_fixed_k_K250_rho0.005_Kmin20_Kmax320_Kstep10_gmin1e-06_seed009.npz
fixed_k,0,260,0.005,200,260.0,0.0,2.1620719565469714e-07,3133910.380559328,1.5710725664469294,0.0005154199696576853,0.00011468389250313723,20052767.47235882,2.788935564014556e-06,0.0,0.044513971577861244,0.10997819866321831,0.18933254054304896,0.0024883146838253233,1,1.073107746332196,0.7156377505998415,0.4184575590122411,0.0,0.019701002837106546,4.1796079892703465e-06,5.458481928783575e-06,529.278298500576,105855.65970011521,logs/reacher_cdc_fixed_seed10\run_fixed_k_K260_rho0.005_Kmin20_Kmax320_Kstep10_gmin1e-06_seed000.npz
fixed_k,1,260,0.005,200,260.0,0.0,4.2388991567025154e-07,2280281.22483152,1.5422471939497802,0.001145020871587178,0.0001192079246642995,20051017.364374015,4.3982367708541775e-06,0.005,0.041221399668978885,0.10140517373692114,0.1845795350613701,0.002471204634363952,1,0.926226965230746,0.460908683643552,0.3901931069921123,0.0,0.017086905068572293,3.75622474965051e-06,4.842414293700361e-06,550.4407264993642,110088.14529987285,logs/reacher_cdc_fixed_seed10\run_fixed_k_K260_rho0.005_Kmin20_Kmax320_Kstep10_gmin1e-06_seed001.npz
fixed_k,2,260,0.005,200,260.0,0.0,2.0202965435216777e-07,2993664.6443415396,1.5934139078873057,0.0008272221700857653,0.00012556991251040075,20054073.80578346,2.9906864559786027e-06,0.005,0.04393044255840269,0.1073561749398487,0.1965072841060796,0.0024810391301614723,1,1.4126867971659152,0.9490617487844337,0.6383456516624556,0.0,0.01963382495408636,4.014687850704972e-06,5.261012027550597e-06,542.3007454993785,108460.1490998757,logs/reacher_cdc_fixed_seed10\run_fixed_k_K260_rho0.005_Kmin20_Kmax320_Kstep10_gmin1e-06_seed002.npz
fixed_k,3,260,0.005,200,260.0,0.0,2.0390506694371413e-07,2954473.9157759077,1.6090029558050076,0.0005818395843235742,0.00012289448120662331,20053769.282997288,2.4946037704677275e-06,0.0,0.04394939982289722,0.10636846982077801,0.2005980452050341,0.00248300636276432,1,1.5502332364303295,0.5650227606104196,0.34287056128112703,0.0,0.0198688414287168,4.0176200570180195e-06,5.274554442257274e-06,541.5141040019807,108302.82080039615,logs/reacher_cdc_fixed_seed10\run_fixed_k_K260_rho0.005_Kmin20_Kmax320_Kstep10_gmin1e-06_seed003.npz
fixed_k,4,260,0.005,200,260.0,0.0,2.1413703606443102e-07,3035514.162290867,1.5546413221427509,0.0011632538425488644,0.00012099197957075378,20050343.513371613,4.325662105900529e-06,0.005,0.04305477051013857,0.10899281041583314,0.18075376050906805,0.0024860549988170453,1,1.1109699172597027,0.6734858905478239,0.39305146456278517,0.005,0.018417554603804343,4.076445862122147e-06,5.314467558453524e-06,529.5480755035533,105909.61510071065,logs/reacher_cdc_fixed_seed10\run_fixed_k_K260_rho0.005_Kmin20_Kmax320_Kstep10_gmin1e-06_seed004.npz
fixed_k,5,260,0.005,200,260.0,0.0,1.8501167014555913e-07,2952596.552554965,1.5455195408987004,0.00043120889652946534,0.00011331054181727789,20050274.869607117,2.24027828421674e-06,0.0,0.041488228856924325,0.1033514673423667,0.18032128630000863,0.0024579136492349934,1,0.8651336696830207,0.3547945324263122,0.35150043374336515,0.0,0.017248677069650345,3.8408086879916075e-06,4.982893376803936e-06,522.6488365014666,104529.76730029332,logs/reacher_cdc_fixed_seed10\run_fixed_k_K260_rho0.005_Kmin20_Kmax320_Kstep10_gmin1e-06_seed005.npz
fixed_k,6,260,0.005,200,260.0,0.0,2.078552841932707e-07,3008849.562600178,1.5700700565404415,0.0009740360538521641,0.00012039323606734346,20052349.4080584,3.6970684632579505e-06,0.0,0.04323826211108018,0.10688613682843032,0.19056018734854613,0.002446498972240234,1,1.1052081031918648,0.847818302394183,0.4687721234932483,0.0,0.018802631245688515,3.979341470505621e-06,5.174358194695931e-06,529.0260019979905,105805.2003995981,logs/reacher_cdc_fixed_seed10\run_fixed_k_K260_rho0.005_Kmin20_Kmax320_Kstep10_gmin1e-06_seed006.npz
fixed_k,7,260,0.005,200,260.0,0.0,3.3042516982924724e-07,2480705.1889463095,1.5609003850897745,0.0004817970170337034,0.00011344060268092211,20050786.85431822,2.5228804223906126e-06,0.0,0.040332326695240305,0.10021321550860178,0.18291799181937143,0.0024728889362460637,1,1.115479347863217,0.4665110970940036,0.42705305366035107,0.0,0.016681171686697527,3.644699858671181e-06,4.723816437390468e-06,521.5191279983264,104303.82559966529,logs/reacher_cdc_fixed_seed10\run_fixed_k_K260_rho0.005_Kmin20_Kmax320_Kstep10_gmin1e-06_seed007.npz
fixed_k,8,260,0.005,200,260.0,0.0,4.854854199262628e-07,2164146.694751529,1.5454476244392028,0.0005360587638391347,0.00011330748081776067,20051690.442270365,2.6717709874787903e-06,0.0,0.04124132599351878,0.1011128241838197,0.18784995195697984,0.0024549881616587853,1,1.0886694449809686,0.6792338697795854,0.5903660233948741,0.0,0.017182763271521503,3.711177489876084e-06,4.784355635768287e-06,517.8975849979906,103579.51699959813,logs/reacher_cdc_fixed_seed10\run_fixed_k_K260_rho0.005_Kmin20_Kmax320_Kstep10_gmin1e-06_seed008.npz
fixed_k,9,260,0.005,200,260.0,0.0,2.3646519119733787e-07,2938499.3379760124,1.586105144945755,0.0011733522267817346,0.00012366943081252703,20050953.417248458,4.317109176221807e-06,0.005,0.04268580033367756,0.1078559215227334,0.1845092985691772,0.002484841020847901,1,1.1679587425444353,0.6257654209777836,0.36879641096784205,0.0,0.01852413603651516,3.968316640766846e-06,5.190562995638078e-06,527.3780550004449,105475.61100008897,logs/reacher_cdc_fixed_seed10\run_fixed_k_K260_rho0.005_Kmin20_Kmax320_Kstep10_gmin1e-06_seed009.npz
fixed_k,0,270,0.005,200,270.0,0.0,2.394660876919439e-07,2940320.620598759,1.5825901504112463,0.00043809383481978586,0.00010968611498067282,20052192.282628305,2.2537043069323028e-06,0.0,0.043968527814164,0.10850793432498955,0.18933254054304896,0.0025929423780938414,1,0.9987260124364439,0.5799990582544199,0.3582684962178729,0.005,0.019288562678925588,4.117776696793191e-06,5.345448465256762e-06,588.0177899968112,117603.55799936224,logs/reacher_cdc_fixed_seed10\run_fixed_k_K270_rho0.005_Kmin20_Kmax320_Kstep10_gmin1e-06_seed000.npz
fixed_k,1,270,0.005,200,270.0,0.0,4.3414234041942415e-07,2209461.449127775,1.5557042989317955,0.0004913362388459658,0.00010798022849515566,20050947.431477025,2.5857921729429063e-06,0.0,0.04046519730876777,0.10057352177018394,0.1845795350613701,0.002662961538513001,1,1.0747649895538338,0.49876950983557056,0.3768136903376515,0.0,0.0166474623804261,3.661893363515768e-06,4.7014281154219275e-06,596.5964045003057,119319.28090006113,logs/reacher_cdc_fixed_seed10\run_fixed_k_K270_rho0.005_Kmin20_Kmax320_Kstep10_gmin1e-06_seed001.npz
fixed_k,2,270,0.005,200,270.0,0.0,2.2462779987769208e-07,2925456.7465593372,1.604375019955785,0.0004999126652357269,0.00011253815064770159,20054320.300415207,2.533903087694051e-06,0.0,0.04390122876738595,0.10662627829109943,0.1965072841060796,0.0025655639561970476,1,1.3055498804754797,0.7384600851933153,0.4180738587415126,0.0,0.019598943621060037,4.01062692093519e-06,5.24115430728837e-06,573.5345719990437,114706.91439980874,logs/reacher_cdc_fixed_seed10\run_fixed_k_K270_rho0.005_Kmin20_Kmax320_Kstep10_gmin1e-06_seed002.npz
fixed_k,3,270,0.005,200,270.0,0.0,2.0911514401161692e-07,2969443.488064214,1.6314969722436143,0.00053246798715372,0.00011115535507106401,20054111.201267235,2.457936411659055e-06,0.0,0.04389519493586585,0.10618968090832846,0.2005980452050341,0.002662550694744434,1,1.266316172333691,0.3971403892241118,0.33592498970161855,0.0,0.019863820818045146,3.96136083516741e-06,5.177394172228377e-06,598.0648159992415,119612.96319984831,logs/reacher_cdc_fixed_seed10\run_fixed_k_K270_rho0.005_Kmin20_Kmax320_Kstep10_gmin1e-06_seed003.npz
fixed_k,4,270,0.005,200,270.0,0.0,2.1709061957690182e-07,2959238.1870089644,1.5677605689841243,0.00043628602874233846,0.00011164796549293926,20050308.193032894,2.4470200757447166e-06,0.0,0.042496046931486446,0.10723823504006313,0.18075376050906805,0.0025626910623974242,1,1.0367927845073657,0.5774709350207845,0.4864264510242771,0.0,0.018058559464837073,4.007609265664293e-06,5.194703159299163e-06,557.5980899957358,111519.61799914716,logs/reacher_cdc_fixed_seed10\run_fixed_k_K270_rho0.005_Kmin20_Kmax320_Kstep10_gmin1e-06_seed004.npz
fixed_k,5,270,0.005,200,270.0,0.0,1.8919248517794394e-07,2906035.2322884225,1.563900592644378,0.0004578672427256361,0.00010923829419255312,20050542.90105269,2.17382387716484e-06,0.0,0.041425744889615715,0.10473601428426124,0.18032128630000863,0.002568470566455323,1,0.9520101092333451,0.4954926462132835,0.43320977518015436,0.0,0.017282476970372898,3.8104563473331337e-06,4.918128928246261e-06,579.3301555002108,115866.03110004216,logs/reacher_cdc_fixed_seed10\run_fixed_k_K270_rho0.005_Kmin20_Kmax320_Kstep10_gmin1e-06_seed005.npz
fixed_k,6,270,0.005,200,270.0,0.0,2.1168405174560647e-07,3024150.3273451235,1.5744875553810227,0.0003978974266977683,0.00010988821675858233,20052341.576466165,2.1034154428896005e-06,0.0,0.044475189479023326,0.10935108385306712,0.19056018734854613,0.0026618354995605023,1,0.8876471081598603,0.3640599204480032,0.25434053032956755,0.0,0.019550340928801084,4.184846649255001e-06,5.434431253571859e-06,590.3025594988139,118060.51189976279,logs/reacher_cdc_fixed_seed10\run_fixed_k_K270_rho0.005_Kmin20_Kmax320_Kstep10_gmin1e-06_seed006.npz
fixed_k,7,270,0.005,200,270.0,0.0,3.3733959657811417e-07,2468324.3816777426,1.564073929153721,0.0005179373965629361,0.00010744666167475374,20051075.497385733,2.955985741262477e-06,0.0,0.040545842782615915,0.100973596046482,0.18291799181937143,0.002625397589692104,1,1.236563290069402,0.7725055026003189,0.5701805457891399,0.0,0.01675844412843993,3.684777948960812e-06,4.732406174206736e-06,590.2794695002376,118055.89390004752,logs/reacher_cdc_fixed_seed10\run_fixed_k_K270_rho0.005_Kmin20_Kmax320_Kstep10_gmin1e-06_seed007.npz
fixed_k,8,270,0.005,200,270.0,0.0,5.054335747486826e-07,2118673.1622346686,1.5614766448144002,0.00047173554523303617,0.00010455173576143906,20051702.53731588,2.039641540480182e-06,0.0,0.04082158654655755,0.09891091973614073,0.18784995195697984,0.0026627364060516773,1,1.0647914628147948,0.32975855037868995,0.2967036872661651,0.0,0.016999920828423283,3.6916365821521774e-06,4.748142713773879e-06,593.0838794980082,118616.77589960163,logs/reacher_cdc_fixed_seed10\run_fixed_k_K270_rho0.005_Kmin20_Kmax320_Kstep10_gmin1e-06_seed008.npz
fixed_k,9,270,0.005,200,270.0,0.0,2.391859590938526e-07,3056962.596971065,1.590925664384359,0.0004901680343174187,0.00011017054465126789,20051322.0474964,2.5176460769637347e-06,0.0,0.04425177113877481,0.10986915491373442,0.1845092985691772,0.0026620186748597557,1,1.0345778862603459,0.4353155890936649,0.4351033049979907,0.0,0.0195330897708634,4.217190774400683e-06,5.495431574991402e-06,571.3869980000891,114277.39960001782,logs/reacher_cdc_fixed_seed10\run_fixed_k_K270_rho0.005_Kmin20_Kmax320_Kstep10_gmin1e-06_seed009.npz
fixed_k,0,280,0.005,200,280.0,0.0,2.4993966233908213e-07,2881206.2508626604,1.5949663197587622,0.007132968574810799,0.00020621739168363805,20052168.00773544,2.2359191555463603e-05,0.015,0.04322210694703837,0.10590068478105298,0.18933254054304896,0.0028738519533326626,1,1.1881735108744973,0.969779456641086,0.5497304627769548,0.0,0.01887170009401654,4.037318818710486e-06,5.24586686267528e-06,763.2347520024632,152646.95040049264,logs/reacher_cdc_fixed_seed10\run_fixed_k_K280_rho0.005_Kmin20_Kmax320_Kstep10_gmin1e-06_seed000.npz
fixed_k,1,280,0.005,200,280.0,0.0,4.3780131875158073e-07,2179468.4461331875,1.5632504538446546,0.005143457301068369,0.0001401973542739419,20051016.329292852,1.5921395545476695e-05,0.005,0.040548720496973174,0.10002699526602639,0.1845795350613701,0.0034098602205823738,1,1.0133773932206525,0.376218052000755,0.34353790903424647,0.005,0.016691199479600627,3.734076904289221e-06,4.8072875977723114e-06,664.1602979993331,132832.05959986662,logs/reacher_cdc_fixed_seed10\run_fixed_k_K280_rho0.005_Kmin20_Kmax320_Kstep10_gmin1e-06_seed001.npz
fixed_k,2,280,0.005,200,280.0,0.0,2.2964316390983297e-07,2877933.248378155,1.6082604603778048,0.007135540321192749,0.00020345640988298156,20053871.327357028,2.2331332616981352e-05,0.015,0.04402246367574248,0.10737654220828963,0.1965072841060796,0.0028737552671936014,1,1.197369270997793,0.9387673812107685,0.5807090776620271,0.0,0.019543440808037153,4.06781013247453e-06,5.282080259834609e-06,778.5965204969398,155719.30409938795,logs/reacher_cdc_fixed_seed10\run_fixed_k_K280_rho0.005_Kmin20_Kmax320_Kstep10_gmin1e-06_seed002.npz
fixed_k,3,280,0.005,200,280.0,0.0,2.4655715878391234e-07,2877307.6698870496,1.6131518954009936,0.007136093184383991,0.0002075551020540823,20053855.423260406,2.2326388202188273e-05,0.015,0.04488283475424328,0.11003058795212374,0.2005980452050341,0.002873831390601838,1,1.2988163520814584,0.7969121464534009,0.5081849543203708,0.005,0.02024227394017907,4.138059145919615e-06,5.389036007231336e-06,761.0473430002457,152209.46860004915,logs/reacher_cdc_fixed_seed10\run_fixed_k_K280_rho0.005_Kmin20_Kmax320_Kstep10_gmin1e-06_seed003.npz
fixed_k,4,280,0.005,200,280.0,0.0,2.2264770729726496e-07,2929753.8125509527,1.5818720215821176,0.00713708240629849,0.00020597847032127875,20050456.415101197,2.2295393467445755e-05,0.015,0.04183411187607816,0.10520703295535475,0.18075376050906805,0.0028719238508098646,1,0.8831717150463642,0.3553699776133768,0.3151714523052014,0.0,0.017630916612805348,3.906237973206799e-06,5.034976498015085e-06,766.3075669982936,153261.51339965872,logs/reacher_cdc_fixed_seed10\run_fixed_k_K280_rho0.005_Kmin20_Kmax320_Kstep10_gmin1e-06_seed004.npz
fixed_k,5,280,0.005,200,280.0,0.0,2.2917070656724415e-07,2708487.021677426,1.5740802184120182,0.00713706084335608,0.00020091969620597696,20050513.732011847,2.229571150414729e-05,0.015,0.04176423787027008,0.10325166682827651,0.18032128630000863,0.002871698631076587,1,1.0589560521177477,0.6007467347143094,0.42006376038420756,0.0,0.017529605353009403,3.908943038386502e-06,5.0435320881199445e-06,770.006071999378,154001.2143998756,logs/reacher_cdc_fixed_seed10\run_fixed_k_K280_rho0.005_Kmin20_Kmax320_Kstep10_gmin1e-06_seed005.npz
fixed_k,6,280,0.005,200,280.0,0.0,2.264927453003324e-07,2909581.530630914,1.605731239176253,0.007136093282478438,0.00020408369938303334,20052435.278716482,2.2326385615929016e-05,0.015,0.042375977415037375,0.10340070112211572,0.19056018734854613,0.0028743106713729678,1,1.179763587301183,0.7684331121214256,0.4486534729915043,0.0,0.018385406674195363,3.907350906369972e-06,5.052542874827305e-06,782.5887790016714,156517.75580033427,logs/reacher_cdc_fixed_seed10\run_fixed_k_K280_rho0.005_Kmin20_Kmax320_Kstep10_gmin1e-06_seed006.npz
fixed_k,7,280,0.005,200,280.0,0.0,3.40568780134606e-07,2489849.022500399,1.563183633888558,0.007137030465079444,0.00020019040276082433,20050719.056087866,2.229598977568599e-05,0.015,0.041591130930576155,0.10338945099096278,0.18291799181937143,0.002871913090827844,1,0.9417163746251391,0.5708549837144813,0.369779467345513,0.0,0.017316505469560314,3.862887407249346e-06,4.97984628307393e-06,775.1371619981364,155027.4323996273,logs/reacher_cdc_fixed_seed10\run_fixed_k_K280_rho0.005_Kmin20_Kmax320_Kstep10_gmin1e-06_seed007.npz
fixed_k,8,280,0.005,200,280.0,0.0,5.190895052910204e-07,2087138.1735926827,1.5687096529039453,0.007133323771822783,0.0002012899422127139,20051765.502909318,2.235506738895001e-05,0.015,0.040981999016695914,0.10046759290123697,0.18784995195697984,0.0028757637602466546,1,1.1469234245849802,0.41962178130213657,0.33383329900985087,0.0,0.017081635968269716,3.7414542831626603e-06,4.814646350366391e-06,781.7484014999354,156349.68029998709,logs/reacher_cdc_fixed_seed10\run_fixed_k_K280_rho0.005_Kmin20_Kmax320_Kstep10_gmin1e-06_seed008.npz
fixed_k,9,280,0.005,200,280.0,0.0,2.443776728531901e-07,2812330.8451099657,1.5948117642697304,0.007136765844584283,0.00020210882322435568,20051066.923498504,2.2299105886441174e-05,0.015,0.04212187409548775,0.1047012723404083,0.1845092985691772,0.002871639871591015,1,1.1793043673433083,0.7970700883764981,0.5472437472537777,0.01,0.01804279094716908,3.938965975917455e-06,5.100276857706121e-06,781.7595570013509,156351.91140027018,logs/reacher_cdc_fixed_seed10\run_fixed_k_K280_rho0.005_Kmin20_Kmax320_Kstep10_gmin1e-06_seed009.npz
fixed_k,0,290,0.005,200,290.0,0.0,2.5820166728023167e-07,2803494.9920502002,1.6083381814541693,0.00048514367860661296,0.00010889455931397913,20052197.30297804,2.70136131243454e-06,0.0,0.04300442713332772,0.10633321969808358,0.18933254054304896,0.00298958201851207,1,1.225488585223476,1.0578062629752476,0.6241650594322657,0.0,0.01877161536920958,4.011950751842765e-06,5.238440501968566e-06,495.2783040035865,99055.6608007173,logs/reacher_cdc_fixed_seed10\run_fixed_k_K290_rho0.005_Kmin20_Kmax320_Kstep10_gmin1e-06_seed000.npz
fixed_k,1,290,0.005,200,290.0,0.0,4.40809959966144e-07,2148667.0543600186,1.5724672218650741,0.0005092134653942205,0.00010326456336353812,20050773.13321091,2.532150174287344e-06,0.0,0.04023264062269528,0.09995961467374419,0.1845795350613701,0.002967428379518091,1,1.0034894898452444,0.3859969703452388,0.37219109350094415,0.0,0.016521013054502053,3.66364622251533e-06,4.734976821796537e-06,473.7838025021483,94756.76050042966,logs/reacher_cdc_fixed_seed10\run_fixed_k_K290_rho0.005_Kmin20_Kmax320_Kstep10_gmin1e-06_seed001.npz
fixed_k,2,290,0.005,200,290.0,0.0,2.3276357394939917e-07,2839839.0306274737,1.604327312907469,0.00044956677416871653,0.00010713764608958456,20053360.63186308,2.203670221878643e-06,0.0,0.04426622397943712,0.10695668679654766,0.1965072841060796,0.0030250936778377234,1,1.19870648332056,0.6031746389612224,0.36959468487215513,0.005,0.019655224136524475,4.1495763713094304e-06,5.435620367595209e-06,502.5997264988837,100519.94529977674,logs/reacher_cdc_fixed_seed10\run_fixed_k_K290_rho0.005_Kmin20_Kmax320_Kstep10_gmin1e-06_seed002.npz
fixed_k,3,290,0.005,200,290.0,0.0,2.512124104846162e-07,2813592.726641846,1.6403626662074844,0.0005270827624635382,0.00010815073701487595,20053933.209971886,2.5693835949422283e-06,0.0,0.04472503095557482,0.10875809772269467,0.2005980452050341,0.002968165509408321,1,1.346097804698332,0.6230455744322394,0.43075255423402486,0.0,0.02036790040915036,4.152026287500849e-06,5.463231789194704e-06,497.180551000929,99436.1102001858,logs/reacher_cdc_fixed_seed10\run_fixed_k_K290_rho0.005_Kmin20_Kmax320_Kstep10_gmin1e-06_seed003.npz
fixed_k,4,290,0.005,200,290.0,0.0,2.2496950221808396e-07,2911633.4170044237,1.5757745772159881,0.00047292004377357265,0.00010702331025672321,20050404.59642223,2.432114389082538e-06,0.0,0.04282387643940747,0.10776624529485049,0.18075376050906805,0.0030110531339457534,1,1.042569504761935,0.843059472001665,0.4350259348934423,0.0,0.018244849976473052,4.092941885733389e-06,5.339566192139683e-06,496.5116200002376,99302.32400004752,logs/reacher_cdc_fixed_seed10\run_fixed_k_K290_rho0.005_Kmin20_Kmax320_Kstep10_gmin1e-06_seed004.npz
fixed_k,5,290,0.005,200,290.0,0.0,2.616987423367575e-07,2623480.2533701984,1.5673968196357237,0.0004541363439218291,0.00010299508473754935,20050253.86139397,1.973952799822836e-06,0.0,0.04131638367404368,0.10388471724481835,0.18032128630000863,0.002994431417635223,1,0.8355462449826838,0.315424424544963,0.2762702637625557,0.0,0.01709448340562079,3.86385402458731e-06,4.996945246386629e-06,490.74108850065386,98148.21770013077,logs/reacher_cdc_fixed_seed10\run_fixed_k_K290_rho0.005_Kmin20_Kmax320_Kstep10_gmin1e-06_seed005.npz
fixed_k,6,290,0.005,200,290.0,0.0,2.331833060204322e-07,2869332.206472921,1.5965914073049867,0.0004790236181372587,0.00010623044768250232,20052240.36730318,2.1093490017848858e-06,0.0,0.04359477576315428,0.10689059297768172,0.19056018734854613,0.0029695504200949593,1,1.0696311889873393,0.5438300005598372,0.33161679595323185,0.0,0.01908992260838702,4.1101582858828805e-06,5.371336236478193e-06,495.44525450095534,99089.05090019107,logs/reacher_cdc_fixed_seed10\run_fixed_k_K290_rho0.005_Kmin20_Kmax320_Kstep10_gmin1e-06_seed006.npz
fixed_k,7,290,0.005,200,290.0,0.0,4.3747894689288e-07,2259348.3724031667,1.5719438296645194,0.00046002869688145783,0.0001045500024131517,20050711.78017362,2.1191841247887486e-06,0.0,0.04088753230675583,0.10195270823242196,0.18291799181937143,0.00305396022257119,1,0.9890305808643023,0.5494538998335075,0.43562754729652237,0.0,0.016899629357352987,3.775065189253588e-06,4.888751991146807e-06,488.42657600005623,97685.31520001125,logs/reacher_cdc_fixed_seed10\run_fixed_k_K290_rho0.005_Kmin20_Kmax320_Kstep10_gmin1e-06_seed007.npz
fixed_k,8,290,0.005,200,290.0,0.0,5.287356125482685e-07,2037804.821856852,1.5734700197321048,0.0005532808127787134,0.00010578788958765038,20051781.818061534,2.9931391148315034e-06,0.0,0.04074667970002813,0.09973745577243723,0.18784995195697984,0.0029812471141241535,1,1.1026655795554248,0.40430205102803213,0.3569641229267421,0.0,0.016954958340004687,3.6929081396867386e-06,4.787818650577242e-06,492.66294399887556,98532.58879977511,logs/reacher_cdc_fixed_seed10\run_fixed_k_K290_rho0.005_Kmin20_Kmax320_Kstep10_gmin1e-06_seed008.npz
fixed_k,9,290,0.005,200,290.0,0.0,2.491944631945509e-07,2788047.1938007004,1.6092102566161262,0.00045028844338038137,0.00010567807062200781,20051037.946386363,1.8752590752037893e-06,0.0,0.04238644422443268,0.10459169507926322,0.1845092985691772,0.0029807070296868727,1,1.067779802071277,0.4052921916407197,0.2766389059681066,0.0,0.018326873965088263,4.00639356134286e-06,5.245206339087203e-06,497.48544449947076,99497.08889989415,logs/reacher_cdc_fixed_seed10\run_fixed_k_K290_rho0.005_Kmin20_Kmax320_Kstep10_gmin1e-06_seed009.npz
fixed_k,0,300,0.005,200,300.0,0.0,2.6156425516997616e-07,2764326.1786719086,1.6050057254818269,0.0004502436397037933,0.00011674057983769869,20051878.58977648,2.4165934686176178e-06,0.0,0.04400438869591089,0.11010565366891903,0.18933254054304896,0.0023374863868652384,1,1.0203414982877166,0.4868929518142118,0.41015377903414185,0.005,0.01930147879866019,4.117682535143803e-06,5.343815101485413e-06,504.94517599901883,100989.03519980377,logs/reacher_cdc_fixed_seed10\run_fixed_k_K300_rho0.005_Kmin20_Kmax320_Kstep10_gmin1e-06_seed000.npz
fixed_k,1,300,0.005,200,300.0,0.0,4.435954251244024e-07,2135661.2873052065,1.572117154442559,0.00047531677804570316,0.00010961110641386292,20050847.09788844,2.1945216900355297e-06,0.0,0.04072151913426758,0.10100557990344573,0.1845795350613701,0.0025487865038310684,1,0.871551179160567,0.21756807406142456,0.2634380658948791,0.0,0.01673798359906046,3.6951822595828175e-06,4.7341217097248705e-06,571.7675734995282,114353.51469990565,logs/reacher_cdc_fixed_seed10\run_fixed_k_K300_rho0.005_Kmin20_Kmax320_Kstep10_gmin1e-06_seed001.npz
fixed_k,2,300,0.005,200,300.0,0.0,2.3862975566165256e-07,2795312.5585269607,1.6226442307049456,0.0004950455856648395,0.00011765362676315226,20053454.32970024,2.6632899452245436e-06,0.0,0.0439775148109449,0.106873240020466,0.1965072841060796,0.0023372112736214493,1,1.142639290288543,0.4330421005683148,0.3358698802484369,0.005,0.019582832576956033,4.03406536704992e-06,5.259101125591769e-06,508.5122129993397,101702.44259986794,logs/reacher_cdc_fixed_seed10\run_fixed_k_K300_rho0.005_Kmin20_Kmax320_Kstep10_gmin1e-06_seed002.npz
fixed_k,3,300,0.005,200,300.0,0.0,2.533197738777391e-07,2782962.793460093,1.6348290734852196,0.0005736303071602882,0.0001146744933922062,20053820.625206947,2.6773798713081153e-06,0.0,0.04474589998888899,0.10967801231504402,0.2005980452050341,0.0023373515647529025,1,1.3528211837423083,0.7610616903494307,0.5281032317326808,0.005,0.020223144774229825,4.101196083347835e-06,5.342743535991207e-06,522.7856785003678,104557.13570007356,logs/reacher_cdc_fixed_seed10\run_fixed_k_K300_rho0.005_Kmin20_Kmax320_Kstep10_gmin1e-06_seed003.npz
fixed_k,4,300,0.005,200,300.0,0.0,2.3182346488111765e-07,2899601.1665128134,1.5768322884188997,0.0005018266569071719,0.00011373383426990018,20050315.35835233,2.328619849170491e-06,0.0,0.04417018081818511,0.10896178916689304,0.18075376050906805,0.0023361320691509435,1,0.979459382746152,0.5757117983327664,0.4044552400424673,0.0,0.019122308366658392,4.274821303230335e-06,5.562929583568868e-06,515.3342449985212,103066.84899970423,logs/reacher_cdc_fixed_seed10\run_fixed_k_K300_rho0.005_Kmin20_Kmax320_Kstep10_gmin1e-06_seed004.npz
fixed_k,5,300,0.005,200,300.0,0.0,2.6673817976678756e-07,2565894.0707935314,1.5841234600762197,0.0004508504047839093,0.00011561023336741158,20050204.708714448,2.0429404602243724e-06,0.0,0.04121359756871105,0.10378877066692203,0.18032128630000863,0.0023376700807639862,1,1.0016844250730645,0.503010695159271,0.43604387311526166,0.0,0.017128055548577537,3.7967244910057116e-06,4.896499547885828e-06,512.3758050004835,102475.1610000967,logs/reacher_cdc_fixed_seed10\run_fixed_k_K300_rho0.005_Kmin20_Kmax320_Kstep10_gmin1e-06_seed005.npz
fixed_k,6,300,0.005,200,300.0,0.0,2.3953966703671676e-07,2839240.6889111237,1.603986011090895,0.00047363427467197837,0.00011569755723876162,20052223.58851065,2.10108484370027e-06,0.0,0.04323037137984189,0.10679812311623575,0.19056018734854613,0.0023386946263427816,1,1.058830728011692,0.6458269209204147,0.4189619161170971,0.0,0.018804663094559592,3.984071953445424e-06,5.164362566529232e-06,513.0578205006896,102611.56410013791,logs/reacher_cdc_fixed_seed10\run_fixed_k_K300_rho0.005_Kmin20_Kmax320_Kstep10_gmin1e-06_seed006.npz
fixed_k,7,300,0.005,200,300.0,0.0,4.467066198069612e-07,2262634.928965006,1.5875272830135299,0.0004693185643314116,0.00011267150015198753,20050770.447466027,2.621548605287704e-06,0.0,0.04063750893663991,0.10058787289980271,0.18291799181937143,0.002337572486056833,1,0.9877608348550831,0.352743488423791,0.3372911414187953,0.0,0.016825034771498302,3.692674662063074e-06,4.74792899790952e-06,515.9072809986537,103181.45619973075,logs/reacher_cdc_fixed_seed10\run_fixed_k_K300_rho0.005_Kmin20_Kmax320_Kstep10_gmin1e-06_seed007.npz
fixed_k,8,300,0.005,200,300.0,0.0,5.412565768992767e-07,2042198.4129992032,1.5858908328481527,0.0004923019692315863,0.0001121838598288666,20051707.396772142,2.56559024852114e-06,0.0,0.04127009398026436,0.10133860102764314,0.18784995195697984,0.0023375540644758257,1,1.0313560140732585,0.4795444430987475,0.459970989010409,0.0,0.017267923188766243,3.7206354077180648e-06,4.7805492457807255e-06,523.4449239994865,104688.9847998973,logs/reacher_cdc_fixed_seed10\run_fixed_k_K300_rho0.005_Kmin20_Kmax320_Kstep10_gmin1e-06_seed008.npz
fixed_k,9,300,0.005,200,300.0,0.0,2.5854602751591367e-07,2736416.3697359925,1.610603116195626,0.0004639696331964616,0.0001154377775189806,20050954.10982517,2.249878177908505e-06,0.0,0.042380264687456426,0.10572521447185547,0.1845092985691772,0.002337660881755671,1,1.0708567700336407,0.44250765965861416,0.28785508791628533,0.0,0.01825320211339222,3.941884423325976e-06,5.119261227313992e-06,511.95818099804455,102391.63619960891,logs/reacher_cdc_fixed_seed10\run_fixed_k_K300_rho0.005_Kmin20_Kmax320_Kstep10_gmin1e-06_seed009.npz
fixed_k,0,310,0.005,200,310.0,0.0,2.629699442654651e-07,2732439.8562805615,1.6124998024450976,0.00047736235891147644,0.00011983397599893296,20051927.990091875,2.256458012578368e-06,0.0,0.043386236835474656,0.10672592895856671,0.18933254054304896,0.0017643860818974055,1,1.0003929613457467,0.39973557423284667,0.3739095845413348,0.0,0.018935177143770313,3.991525341392661e-06,5.173442680443262e-06,642.0365280017722,128407.30560035445,logs/reacher_cdc_fixed_seed10\run_fixed_k_K310_rho0.005_Kmin20_Kmax320_Kstep10_gmin1e-06_seed000.npz
fixed_k,1,310,0.005,200,310.0,0.0,4.449542269701316e-07,2119099.5201315936,1.581546179828697,0.00045011530914273654,0.00011680957879444815,20050809.15495402,2.2510218920370915e-06,0.0,0.040600431864216364,0.10034397632699309,0.1845795350613701,0.0017311052332698348,1,0.9723962293490089,0.47375248659625957,0.3898270685647064,0.0,0.016703917636986063,3.6270722749606535e-06,4.645259936741295e-06,656.0371679998934,131207.43359997869,logs/reacher_cdc_fixed_seed10\run_fixed_k_K310_rho0.005_Kmin20_Kmax320_Kstep10_gmin1e-06_seed001.npz
fixed_k,2,310,0.005,200,310.0,0.0,2.5568175686037365e-07,2702616.414848762,1.6191559675195826,0.00048264963506606173,0.00012240926778054793,20053328.579341263,2.2715946652507785e-06,0.0,0.04416939881699033,0.10720358227825447,0.1965072841060796,0.0017535398150712923,1,1.0870181399662002,0.3971647329800424,0.30158071694033045,0.005,0.01962767796572633,4.022289776902724e-06,5.24416992719943e-06,632.8188134985976,126563.76269971952,logs/reacher_cdc_fixed_seed10\run_fixed_k_K310_rho0.005_Kmin20_Kmax320_Kstep10_gmin1e-06_seed002.npz
fixed_k,3,310,0.005,200,310.0,0.0,2.557684739277424e-07,2708756.0253184196,1.6388329342394794,0.0005601978882032463,0.00012334567736633863,20053792.18261422,2.9311276994295033e-06,0.0,0.0437028988171343,0.10631850847020517,0.2005980452050341,0.001764471100179641,1,1.5734220405955563,0.9515343999798017,0.6922995557921983,0.0,0.019561025602669112,3.92953264144637e-06,5.095023968850676e-06,635.5146625000634,127102.93250001268,logs/reacher_cdc_fixed_seed10\run_fixed_k_K310_rho0.005_Kmin20_Kmax320_Kstep10_gmin1e-06_seed003.npz
fixed_k,4,310,0.005,200,310.0,0.0,2.441183929545464e-07,2752177.144893676,1.599363689374892,0.00042985936141869867,0.00011849370366846611,20050415.046353523,1.9925467646047195e-06,0.0,0.041427714520096665,0.10358819947913077,0.18075376050906805,0.00174831558902537,1,0.988988235099593,0.40050225090348035,0.3401856649821488,0.0,0.017389925965468383,3.80544985581973e-06,4.906608446267028e-06,637.5581550016068,127511.63100032136,logs/reacher_cdc_fixed_seed10\run_fixed_k_K310_rho0.005_Kmin20_Kmax320_Kstep10_gmin1e-06_seed004.npz
fixed_k,5,310,0.005,200,310.0,0.0,2.81607662842804e-07,2530383.252616292,1.5841470963225692,0.0004339059361710796,0.00011817613941189284,20050343.167951472,2.1318992831225694e-06,0.0,0.04158728793010859,0.10414744704126695,0.18032128630000863,0.0017482963990895083,1,0.9421831535215207,0.5353162804491071,0.3924113136940118,0.0,0.01733151372306732,3.8136454475798584e-06,4.919694593169701e-06,640.6376300024567,128127.52600049134,logs/reacher_cdc_fixed_seed10\run_fixed_k_K310_rho0.005_Kmin20_Kmax320_Kstep10_gmin1e-06_seed005.npz
fixed_k,6,310,0.005,200,310.0,0.0,2.4396045142427474e-07,2798214.9883231116,1.613611635184883,0.0004489712326426779,0.00011830789598670007,20052185.42825737,2.0934957739964895e-06,0.0,0.04334378119237983,0.10741275754085665,0.19056018734854613,0.0017644597627092006,1,1.0010971558172823,0.4638481813584527,0.30335884692495035,0.005,0.0189071280188139,3.9464420538785544e-06,5.117619216622767e-06,632.585225503426,126517.04510068521,logs/reacher_cdc_fixed_seed10\run_fixed_k_K310_rho0.005_Kmin20_Kmax320_Kstep10_gmin1e-06_seed006.npz
fixed_k,7,310,0.005,200,310.0,0.0,4.5198097099495145e-07,2223297.8901188164,1.5965002503943695,0.00045593546880224624,0.00011733987371388607,20050764.17747721,2.32224525378336e-06,0.0,0.04089195518638748,0.1016243631096366,0.18291799181937143,0.0017483220157729035,1,1.0116569069690753,0.5694976418956235,0.49508858410957024,0.0,0.01697401631912262,3.693150643538795e-06,4.735747073747659e-06,634.1498305017012,126829.96610034024,logs/reacher_cdc_fixed_seed10\run_fixed_k_K310_rho0.005_Kmin20_Kmax320_Kstep10_gmin1e-06_seed007.npz
fixed_k,8,310,0.005,200,310.0,0.0,5.506161472929093e-07,2013379.8761999053,1.5920586491513262,0.0004590520174736417,0.00011606599303729304,20051744.46577961,2.1660868830996334e-06,0.0,0.0411975676177266,0.10072625255558458,0.18784995195697984,0.0017482279897577625,1,1.055648326533587,0.5243854965670717,0.409017519560059,0.0,0.017222265634171702,3.6726131820582373e-06,4.720901969032439e-06,644.2964489993756,128859.28979987511,logs/reacher_cdc_fixed_seed10\run_fixed_k_K310_rho0.005_Kmin20_Kmax320_Kstep10_gmin1e-06_seed008.npz
fixed_k,9,310,0.005,200,310.0,0.0,2.6191631522823237e-07,2738580.718245455,1.6173711822550336,0.00043618494176186104,0.0001185963183642887,20050943.361069504,2.116335127028024e-06,0.0,0.042684279990569354,0.10506585265630426,0.1845092985691772,0.001758509778546725,1,1.1838349372374661,0.38112079622863404,0.3779271857179494,0.0,0.01849400196638727,3.970690518037583e-06,5.169759147388793e-06,632.5089769999613,126501.79539999226,logs/reacher_cdc_fixed_seed10\run_fixed_k_K310_rho0.005_Kmin20_Kmax320_Kstep10_gmin1e-06_seed009.npz
fixed_k,0,320,0.005,200,320.0,0.0,2.6448604973676765e-07,2783987.0195554076,1.6060837409201625,0.0004777144430443223,0.00010995708059016096,20051807.88549077,2.7238269611864196e-06,0.0,0.04519857661241653,0.11040640074025734,0.18933254054304896,0.001918362647819735,1,1.0671201649863258,0.5477129467080412,0.42448850255779735,0.0,0.020093226357710825,4.308819586119131e-06,5.62241973969785e-06,554.3089700007113,110861.79400014225,logs/reacher_cdc_fixed_seed10\run_fixed_k_K320_rho0.005_Kmin20_Kmax320_Kstep10_gmin1e-06_seed000.npz
fixed_k,1,320,0.005,200,320.0,0.0,4.6398351123315273e-07,2123417.434092745,1.5881201891820382,0.00046606468084531955,0.00010565404784963639,20050927.241724223,2.312583998191307e-06,0.0,0.041182229536081055,0.10223535509532158,0.1845795350613701,0.0019191719671395127,1,0.9122035022316669,0.5409313491207784,0.41703071952246035,0.0,0.01703063019645972,3.697559142897155e-06,4.740256028991571e-06,547.2942419961328,109458.84839922655,logs/reacher_cdc_fixed_seed10\run_fixed_k_K320_rho0.005_Kmin20_Kmax320_Kstep10_gmin1e-06_seed001.npz
fixed_k,2,320,0.005,200,320.0,0.0,2.71747264344476e-07,2689991.8844554033,1.6251113648068936,0.0004476260584149915,0.0001078991746164808,20053329.3959007,2.1537341745183654e-06,0.0,0.044156503128732295,0.10844844818868846,0.1965072841060796,0.001918715135654812,1,1.1599039582105364,0.4627337930848471,0.3580542452355115,0.0,0.019551930182158162,4.036819067548327e-06,5.241757299537923e-06,554.9838129986892,110996.76259973785,logs/reacher_cdc_fixed_seed10\run_fixed_k_K320_rho0.005_Kmin20_Kmax320_Kstep10_gmin1e-06_seed002.npz
fixed_k,3,320,0.005,200,320.0,0.0,2.578707401148784e-07,2708694.1289828056,1.6425414969881527,0.0005379917772178365,0.00011032243627744874,20053994.547169033,2.6835609496129466e-06,0.0,0.044052535098673545,0.10757994072512332,0.2005980452050341,0.001919044406527677,1,1.3093829849649081,0.7133390049133627,0.48903315153747706,0.0,0.019749487373674067,3.955689246602474e-06,5.148102375076124e-06,560.6266869988758,112125.33739977516,logs/reacher_cdc_fixed_seed10\run_fixed_k_K320_rho0.005_Kmin20_Kmax320_Kstep10_gmin1e-06_seed003.npz
fixed_k,4,320,0.005,200,320.0,0.0,2.514958127046302e-07,2796835.6771433013,1.615927257806497,0.0004965855084901695,0.00010875489260616076,20050801.285476223,2.383819831855714e-06,0.0,0.042617568222885975,0.1059493289960417,0.18075376050906805,0.0019188549342717992,1,0.9877660190659875,0.33164804097688294,0.3310546491892042,0.0,0.018297062804774996,3.96637177899154e-06,5.160263777672664e-06,530.4666574989096,106093.33149978193,logs/reacher_cdc_fixed_seed10\run_fixed_k_K320_rho0.005_Kmin20_Kmax320_Kstep10_gmin1e-06_seed004.npz
fixed_k,5,320,0.005,200,320.0,0.0,2.855934614836189e-07,2537067.6579332855,1.5838673079639012,0.0004365908778727524,0.00010567489415466008,20050397.564076535,1.8675410515033716e-06,0.0,0.041620676616649865,0.10368845887881392,0.18032128630000863,0.0019190940284795081,1,0.8040924500774261,0.35769570486572083,0.23932447337512705,0.0,0.017271661987575564,3.823079062963383e-06,4.921467153998919e-06,545.2339164994191,109046.78329988383,logs/reacher_cdc_fixed_seed10\run_fixed_k_K320_rho0.005_Kmin20_Kmax320_Kstep10_gmin1e-06_seed005.npz
fixed_k,6,320,0.005,200,320.0,0.0,2.7178792896617525e-07,2667543.678786279,1.62056053854407,0.00047159106079565236,0.00010883091784582586,20052151.973641794,2.5313692965602577e-06,0.0,0.043259910161949466,0.10662543118893149,0.19056018734854613,0.0019187212469868352,1,1.082679501083045,0.6410497431577271,0.4463079549459228,0.005,0.01884633611247733,3.959637889544928e-06,5.128900794215161e-06,547.9134950015577,109582.69900031155,logs/reacher_cdc_fixed_seed10\run_fixed_k_K320_rho0.005_Kmin20_Kmax320_Kstep10_gmin1e-06_seed006.npz
fixed_k,7,320,0.005,200,320.0,0.0,4.5691245238491044e-07,2230814.4359291415,1.584109668263737,0.0004352534099779844,0.00010574967557624743,20050780.47741605,2.266183808006617e-06,0.0,0.04183911527525904,0.10411532860484292,0.18291799181937143,0.0019189256705636668,1,0.9108714707043791,0.44110787947620134,0.43982111845070815,0.0,0.017424405795773826,3.843721250703695e-06,4.958269839792909e-06,555.7258634993923,111145.17269987846,logs/reacher_cdc_fixed_seed10\run_fixed_k_K320_rho0.005_Kmin20_Kmax320_Kstep10_gmin1e-06_seed007.npz
fixed_k,8,320,0.005,200,320.0,0.0,5.528348520274038e-07,2007676.7229791253,1.5944586486230374,0.0004888355043833584,0.00010388650307306364,20051502.20176914,2.3559472749588124e-06,0.0,0.041126676402647,0.1012095713607066,0.18784995195697984,0.0019193234514591924,1,1.0987131887297132,0.6565039883566752,0.5681778684570589,0.0,0.01712157093738661,3.672554351136152e-06,4.725716804806238e-06,545.8312634981121,109166.25269962242,logs/reacher_cdc_fixed_seed10\run_fixed_k_K320_rho0.005_Kmin20_Kmax320_Kstep10_gmin1e-06_seed008.npz
fixed_k,9,320,0.005,200,320.0,0.0,2.624491942990552e-07,2763901.6695954506,1.6171727891248044,0.00046532482656761425,0.00010787409405172945,20050902.24803769,2.2451698899511406e-06,0.0,0.04315026470293934,0.10644151944122156,0.1845092985691772,0.001918476143574383,1,1.0721226979428338,0.31732666943879617,0.3634248961493487,0.005,0.018727674107697715,4.058690800962194e-06,5.2842224293218896e-06,552.8793509985553,110575.87019971106,logs/reacher_cdc_fixed_seed10\run_fixed_k_K320_rho0.005_Kmin20_Kmax320_Kstep10_gmin1e-06_seed009.npz
