K,sigma_mk_min_median,sigma_mk_min_p10,sigma_mk_min_p90,sigma_mk_min_min,sigma_mk_min_max,cost_median,cost_p10,cost_p90,cost_min,cost_max,solve_mean_median,solve_mean_p10,solve_mean_p90,solve_mean_min,solve_mean_max,K_opt_mean_median,K_opt_mean_p10,K_opt_mean_p90,K_opt_mean_min,K_opt_mean_max,rmse_median,rmse_p10,rmse_p90,rmse_min,rmse_max,ISE_median,ISE_p10,ISE_p90,ISE_min,ISE_max,IAE_median,IAE_p10,IAE_p90,IAE_min,IAE_max,slack_max_median,slack_max_p10,slack_max_p90,slack_max_min,slack_max_max,solver_opt_rate_median,solver_opt_rate_p10,solver_opt_rate_p90,solver_opt_rate_min,solver_opt_rate_max
15,0.11330024124796481,0.10720142515231529,0.11939905734361432,0.10567672112840291,0.1209237613675267,0.23326793974691754,0.20410631850164104,0.262429560992194,0.19681591319032193,0.26971996630351314,122.18865719856694,119.94165265792981,124.43566173920408,119.37990152277052,124.99741287436336,19.630000000000003,19.422,19.838,19.37,19.89,0.14421083335761553,0.14010528532743033,0.14831638138780073,0.13907889831988401,0.14934276839534705,2.7961663152748683e-05,2.6918789310944454e-05,2.900453699455291e-05,2.6658070850493398e-05,2.9265255455003964e-05,3.7030010676963534e-05,3.6038472529240925e-05,3.802154882468614e-05,3.579058799231027e-05,3.826943336161679e-05,12.452992299221144,7.33406840372917,17.57191619471312,6.054337429856177,18.851647168586112,0.5575,0.4955,0.6195,0.48,0.635
20,0.11637649613799031,0.1078166761303204,0.12493631614566021,0.10567672112840291,0.1270762711475777,1.62801865148265,0.48305646084878756,2.7729808421165125,0.19681591319032193,3.059221389774978,118.76444738358259,118.2805395834148,119.24835518375039,118.15956263337284,119.36933213379234,19.630000000000003,19.422,19.838,19.37,19.89,0.15013819074799645,0.1412907568055065,0.15898562469048638,0.13907889831988401,0.16119748317610885,2.8517177265267154e-05,2.702989213344815e-05,3.0004462397086162e-05,2.6658070850493398e-05,3.0376283680040913e-05,3.751446058920316e-05,3.613536251168885e-05,3.889355866671746e-05,3.579058799231027e-05,3.923833318609604e-05,40.19398316203081,12.882266576291105,67.50569974777052,6.054337429856177,74.33362889420545,0.5825,0.5405,0.6245,0.53,0.635
25,0.11637649613799031,0.1078166761303204,0.12493631614566021,0.10567672112840291,0.1270762711475777,1.62801865148265,0.48305646084878756,2.7729808421165125,0.19681591319032193,3.059221389774978,118.29515459248796,117.28446686314419,119.30584232183173,117.03179493080825,119.55851425416768,19.630000000000003,19.422,19.838,19.37,19.89,0.15013819074799645,0.1412907568055065,0.15898562469048638,0.13907889831988401,0.16119748317610885,2.8517177265267154e-05,2.702989213344815e-05,3.0004462397086162e-05,2.6658070850493398e-05,3.0376283680040913e-05,3.751446058920316e-05,3.613536251168885e-05,3.889355866671746e-05,3.579058799231027e-05,3.923833318609604e-05,40.19398316203081,12.882266576291105,67.50569974777052,6.054337429856177,74.33362889420545,0.5825,0.5405,0.6245,0.53,0.635
30,0.11637649613799031,0.1078166761303204,0.12493631614566021,0.10567672112840291,0.1270762711475777,1.62801865148265,0.48305646084878756,2.7729808421165125,0.19681591319032193,3.059221389774978,128.43720466829836,120.95818707160652,135.9162222649902,119.08843267243356,137.78597666416317,19.630000000000003,19.422,19.838,19.37,19.89,0.15013819074799645,0.1412907568055065,0.15898562469048638,0.13907889831988401,0.16119748317610885,2.8517177265267154e-05,2.702989213344815e-05,3.0004462397086162e-05,2.6658070850493398e-05,3.0376283680040913e-05,3.751446058920316e-05,3.613536251168885e-05,3.889355866671746e-05,3.579058799231027e-05,3.923833318609604e-05,40.19398316203081,12.882266576291105,67.50569974777052,6.054337429856177,74.33362889420545,0.5825,0.5405,0.6245,0.53,0.635
35,0.11637649613799031,0.1078166761303204,0.12493631614566021,0.10567672112840291,0.1270762711475777,1.62801865148265,0.48305646084878756,2.7729808421165125,0.19681591319032193,3.059221389774978,129.0100834146142,121.21425644680858,136.80591038241982,119.26529970485717,138.75486712437123,19.630000000000003,19.422,19.838,19.37,19.89,0.15013819074799645,0.1412907568055065,0.15898562469048638,0.13907889831988401,0.16119748317610885,2.8517177265267154e-05,2.702989213344815e-05,3.0004462397086162e-05,2.6658070850493398e-05,3.0376283680040913e-05,3.751446058920316e-05,3.613536251168885e-05,3.889355866671746e-05,3.579058799231027e-05,3.923833318609604e-05,40.19398316203081,12.882266576291105,67.50569974777052,6.054337429856177,74.33362889420545,0.5825,0.5405,0.6245,0.53,0.635
40,0.11637649613799031,0.1078166761303204,0.12493631614566021,0.10567672112840291,0.1270762711475777,1.62801865148265,0.48305646084878756,2.7729808421165125,0.19681591319032193,3.059221389774978,126.85947932070121,121.37542055128142,132.343538090121,120.00440585892648,133.71455278247595,19.630000000000003,19.422,19.838,19.37,19.89,0.15013819074799645,0.1412907568055065,0.15898562469048638,0.13907889831988401,0.16119748317610885,2.8517177265267154e-05,2.702989213344815e-05,3.0004462397086162e-05,2.6658070850493398e-05,3.0376283680040913e-05,3.751446058920316e-05,3.613536251168885e-05,3.889355866671746e-05,3.579058799231027e-05,3.923833318609604e-05,40.19398316203081,12.882266576291105,67.50569974777052,6.054337429856177,74.33362889420545,0.5825,0.5405,0.6245,0.53,0.635
45,0.11637649613799031,0.1078166761303204,0.12493631614566021,0.10567672112840291,0.1270762711475777,1.62801865148265,0.48305646084878756,2.7729808421165125,0.19681591319032193,3.059221389774978,123.57598900096491,120.60018239775673,126.5517956041731,119.85623074695468,127.29574725497514,19.630000000000003,19.422,19.838,19.37,19.89,0.15013819074799645,0.1412907568055065,0.15898562469048638,0.13907889831988401,0.16119748317610885,2.8517177265267154e-05,2.702989213344815e-05,3.0004462397086162e-05,2.6658070850493398e-05,3.0376283680040913e-05,3.751446058920316e-05,3.613536251168885e-05,3.889355866671746e-05,3.579058799231027e-05,3.923833318609604e-05,40.19398316203081,12.882266576291105,67.50569974777052,6.054337429856177,74.33362889420545,0.5825,0.5405,0.6245,0.53,0.635
50,0.11637649613799031,0.1078166761303204,0.12493631614566021,0.10567672112840291,0.1270762711475777,1.62801865148265,0.48305646084878756,2.7729808421165125,0.19681591319032193,3.059221389774978,125.56511705042794,120.85064808139578,130.2795860194601,119.67203083913773,131.45820326171815,19.630000000000003,19.422,19.838,19.37,19.89,0.15013819074799645,0.1412907568055065,0.15898562469048638,0.13907889831988401,0.16119748317610885,2.8517177265267154e-05,2.702989213344815e-05,3.0004462397086162e-05,2.6658070850493398e-05,3.0376283680040913e-05,3.751446058920316e-05,3.613536251168885e-05,3.889355866671746e-05,3.579058799231027e-05,3.923833318609604e-05,40.19398316203081,12.882266576291105,67.50569974777052,6.054337429856177,74.33362889420545,0.5825,0.5405,0.6245,0.53,0.635
55,0.11637649613799031,0.1078166761303204,0.12493631614566021,0.10567672112840291,0.1270762711475777,1.62801865148265,0.48305646084878756,2.7729808421165125,0.19681591319032193,3.059221389774978,122.45863139396533,119.9700588430278,124.94720394490287,119.34791570529342,125.56934708263725,19.630000000000003,19.422,19.838,19.37,19.89,0.15013819074799645,0.1412907568055065,0.15898562469048638,0.13907889831988401,0.16119748317610885,2.8517177265267154e-05,2.702989213344815e-05,3.0004462397086162e-05,2.6658070850493398e-05,3.0376283680040913e-05,3.751446058920316e-05,3.613536251168885e-05,3.889355866671746e-05,3.579058799231027e-05,3.923833318609604e-05,40.19398316203081,12.882266576291105,67.50569974777052,6.054337429856177,74.33362889420545,0.5825,0.5405,0.6245,0.53,0.635
60,0.11637649613799031,0.1078166761303204,0.12493631614566021,0.10567672112840291,0.1270762711475777,1.62801865148265,0.48305646084878756,2.7729808421165125,0.19681591319032193,3.059221389774978,131.33739550597966,121.66997247748077,141.00481853447855,119.25311672035605,143.42167429160327,19.630000000000003,19.422,19.838,19.37,19.89,0.15013819074799645,0.1412907568055065,0.15898562469048638,0.13907889831988401,0.16119748317610885,2.8517177265267154e-05,2.702989213344815e-05,3.0004462397086162e-05,2.6658070850493398e-05,3.0376283680040913e-05,3.751446058920316e-05,3.613536251168885e-05,3.889355866671746e-05,3.579058799231027e-05,3.923833318609604e-05,40.19398316203081,12.882266576291105,67.50569974777052,6.054337429856177,74.33362889420545,0.5825,0.5405,0.6245,0.53,0.635
65,0.11637649613799031,0.1078166761303204,0.12493631614566021,0.10567672112840291,0.1270762711475777,1.62801865148265,0.48305646084878756,2.7729808421165125,0.19681591319032193,3.059221389774978,130.31407554866746,121.49181492859498,139.13633616873994,119.28624977357686,141.34190132375807,19.630000000000003,19.422,19.838,19.37,19.89,0.15013819074799645,0.1412907568055065,0.15898562469048638,0.13907889831988401,0.16119748317610885,2.8517177265267154e-05,2.702989213344815e-05,3.0004462397086162e-05,2.6658070850493398e-05,3.0376283680040913e-05,3.751446058920316e-05,3.613536251168885e-05,3.889355866671746e-05,3.579058799231027e-05,3.923833318609604e-05,40.19398316203081,12.882266576291105,67.50569974777052,6.054337429856177,74.33362889420545,0.5825,0.5405,0.6245,0.53,0.635
70,0.11637649613799031,0.1078166761303204,0.12493631614566021,0.10567672112840291,0.1270762711475777,1.62801865148265,0.48305646084878756,2.7729808421165125,0.19681591319032193,3.059221389774978,133.10027626575902,122.22918429831043,143.9713682332076,119.51141130644828,146.68914122506976,19.630000000000003,19.422,19.838,19.37,19.89,0.15013819074799645,0.1412907568055065,0.15898562469048638,0.13907889831988401,0.16119748317610885,2.8517177265267154e-05,2.702989213344815e-05,3.0004462397086162e-05,2.6658070850493398e-05,3.0376283680040913e-05,3.751446058920316e-05,3.613536251168885e-05,3.889355866671746e-05,3.579058799231027e-05,3.923833318609604e-05,40.19398316203081,12.882266576291105,67.50569974777052,6.054337429856177,74.33362889420545,0.5825,0.5405,0.6245,0.53,0.635
75,0.11637649613799031,0.1078166761303204,0.12493631614566021,0.10567672112840291,0.1270762711475777,1.62801865148265,0.48305646084878756,2.7729808421165125,0.19681591319032193,3.059221389774978,127.19455598155037,121.2376602482982,133.15145171480253,119.74843631498516,134.64067564811558,19.630000000000003,19.422,19.838,19.37,19.89,0.15013819074799645,0.1412907568055065,0.15898562469048638,0.13907889831988401,0.16119748317610885,2.8517177265267154e-05,2.702989213344815e-05,3.0004462397086162e-05,2.6658070850493398e-05,3.0376283680040913e-05,3.751446058920316e-05,3.613536251168885e-05,3.889355866671746e-05,3.579058799231027e-05,3.923833318609604e-05,40.19398316203081,12.882266576291105,67.50569974777052,6.054337429856177,74.33362889420545,0.5825,0.5405,0.6245,0.53,0.635
80,0.11637649613799031,0.1078166761303204,0.12493631614566021,0.10567672112840291,0.1270762711475777,1.62801865148265,0.48305646084878756,2.7729808421165125,0.19681591319032193,3.059221389774978,127.13489591376856,121.11155697563663,133.1582348519005,119.60572224110365,134.66406958643347,19.630000000000003,19.422,19.838,19.37,19.89,0.15013819074799645,0.1412907568055065,0.15898562469048638,0.13907889831988401,0.16119748317610885,2.8517177265267154e-05,2.702989213344815e-05,3.0004462397086162e-05,2.6658070850493398e-05,3.0376283680040913e-05,3.751446058920316e-05,3.613536251168885e-05,3.889355866671746e-05,3.579058799231027e-05,3.923833318609604e-05,40.19398316203081,12.882266576291105,67.50569974777052,6.054337429856177,74.33362889420545,0.5825,0.5405,0.6245,0.53,0.635
85,0.11637649613799031,0.1078166761303204,0.12493631614566021,0.10567672112840291,0.1270762711475777,1.62801865148265,0.48305646084878756,2.7729808421165125,0.19681591319032193,3.059221389774978,125.72969898814335,120.74220482306555,130.71719315322116,119.4953312817961,131.9640666944906,19.630000000000003,19.422,19.838,19.37,19.89,0.15013819074799645,0.1412907568055065,0.15898562469048638,0.13907889831988401,0.16119748317610885,2.8517177265267154e-05,2.702989213344815e-05,3.0004462397086162e-05,2.6658070850493398e-05,3.0376283680040913e-05,3.751446058920316e-05,3.613536251168885e-05,3.889355866671746e-05,3.579058799231027e-05,3.923833318609604e-05,40.19398316203081,12.882266576291105,67.50569974777052,6.054337429856177,74.33362889420545,0.5825,0.5405,0.6245,0.53,0.635
90,0.11637649613799031,0.1078166761303204,0.12493631614566021,0.10567672112840291,0.1270762711475777,1.62801865148265,0.48305646084878756,2.7729808421165125,0.19681591319032193,3.059221389774978,125.60070892330259,123.26709430199116,127.93432354461402,122.68369064666331,128.51772719994187,19.630000000000003,19.422,19.838,19.37,19.89,0.15013819074799645,0.1412907568055065,0.15898562469048638,0.13907889831988401,0.16119748317610885,2.8517177265267154e-05,2.702989213344815e-05,3.0004462397086162e-05,2.6658070850493398e-05,3.0376283680040913e-05,3.751446058920316e-05,3.613536251168885e-05,3.889355866671746e-05,3.579058799231027e-05,3.923833318609604e-05,40.19398316203081,12.882266576291105,67.50569974777052,6.054337429856177,74.33362889420545,0.5825,0.5405,0.6245,0.53,0.635
95,0.11637649613799031,0.1078166761303204,0.12493631614566021,0.10567672112840291,0.1270762711475777,1.62801865148265,0.48305646084878756,2.7729808421165125,0.19681591319032193,3.059221389774978,129.50395566876978,122.77784186508507,136.2300694724545,121.09631341416389,137.91159792337567,19.630000000000003,19.422,19.838,19.37,19.89,0.15013819074799645,0.1412907568055065,0.15898562469048638,0.13907889831988401,0.16119748317610885,2.8517177265267154e-05,2.702989213344815e-05,3.0004462397086162e-05,2.6658070850493398e-05,3.0376283680040913e-05,3.751446058920316e-05,3.613536251168885e-05,3.889355866671746e-05,3.579058799231027e-05,3.923833318609604e-05,40.19398316203081,12.882266576291105,67.50569974777052,6.054337429856177,74.33362889420545,0.5825,0.5405,0.6245,0.53,0.635
100,0.11637649613799031,0.1078166761303204,0.12493631614566021,0.10567672112840291,0.1270762711475777,1.62801865148265,0.48305646084878756,2.7729808421165125,0.19681591319032193,3.059221389774978,126.62796987919137,120.89110898738727,132.36483077099547,119.45689376443624,133.7990459939465,19.630000000000003,19.422,19.838,19.37,19.89,0.15013819074799645,0.1412907568055065,0.15898562469048638,0.13907889831988401,0.16119748317610885,2.8517177265267154e-05,2.702989213344815e-05,3.0004462397086162e-05,2.6658070850493398e-05,3.0376283680040913e-05,3.751446058920316e-05,3.613536251168885e-05,3.889355866671746e-05,3.579058799231027e-05,3.923833318609604e-05,40.19398316203081,12.882266576291105,67.50569974777052,6.054337429856177,74.33362889420545,0.5825,0.5405,0.6245,0.53,0.635
105,0.11637649613799031,0.1078166761303204,0.12493631614566021,0.10567672112840291,0.1270762711475777,1.62801865148265,0.48305646084878756,2.7729808421165125,0.19681591319032193,3.059221389774978,126.5586935239844,121.47375738015398,131.64362966781482,120.20252334419638,132.91486370377243,19.630000000000003,19.422,19.838,19.37,19.89,0.15013819074799645,0.1412907568055065,0.15898562469048638,0.13907889831988401,0.16119748317610885,2.8517177265267154e-05,2.702989213344815e-05,3.0004462397086162e-05,2.6658070850493398e-05,3.0376283680040913e-05,3.751446058920316e-05,3.613536251168885e-05,3.889355866671746e-05,3.579058799231027e-05,3.923833318609604e-05,40.19398316203081,12.882266576291105,67.50569974777052,6.054337429856177,74.33362889420545,0.5825,0.5405,0.6245,0.53,0.635
110,0.11637649613799031,0.1078166761303204,0.12493631614566021,0.10567672112840291,0.1270762711475777,1.62801865148265,0.48305646084878756,2.7729808421165125,0.19681591319032193,3.059221389774978,128.24361697770655,121.24223518557847,135.24499876983464,119.49188973754644,136.99534421786666,19.630000000000003,19.422,19.838,19.37,19.89,0.15013819074799645,0.1412907568055065,0.15898562469048638,0.13907889831988401,0.16119748317610885,2.8517177265267154e-05,2.702989213344815e-05,3.0004462397086162e-05,2.6658070850493398e-05,3.0376283680040913e-05,3.751446058920316e-05,3.613536251168885e-05,3.889355866671746e-05,3.579058799231027e-05,3.923833318609604e-05,40.19398316203081,12.882266576291105,67.50569974777052,6.054337429856177,74.33362889420545,0.5825,0.5405,0.6245,0.53,0.635
115,0.11637649613799031,0.1078166761303204,0.12493631614566021,0.10567672112840291,0.1270762711475777,1.62801865148265,0.48305646084878756,2.7729808421165125,0.19681591319032193,3.059221389774978,129.08106791088358,122.05421348335221,136.10792233841494,120.29749987646937,137.86463594529778,19.630000000000003,19.422,19.838,19.37,19.89,0.15013819074799645,0.1412907568055065,0.15898562469048638,0.13907889831988401,0.16119748317610885,2.8517177265267154e-05,2.702989213344815e-05,3.0004462397086162e-05,2.6658070850493398e-05,3.0376283680040913e-05,3.751446058920316e-05,3.613536251168885e-05,3.889355866671746e-05,3.579058799231027e-05,3.923833318609604e-05,40.19398316203081,12.882266576291105,67.50569974777052,6.054337429856177,74.33362889420545,0.5825,0.5405,0.6245,0.53,0.635
120,0.11637649613799031,0.1078166761303204,0.12493631614566021,0.10567672112840291,0.1270762711475777,1.62801865148265,0.48305646084878756,2.7729808421165125,0.19681591319032193,3.059221389774978,124.87243879586458,120.4060186073184,129.33885898441076,119.28941356018186,130.4554640315473,19.630000000000003,19.422,19.838,19.37,19.89,0.15013819074799645,0.1412907568055065,0.15898562469048638,0.13907889831988401,0.16119748317610885,2.8517177265267154e-05,2.702989213344815e-05,3.0004462397086162e-05,2.6658070850493398e-05,3.0376283680040913e-05,3.751446058920316e-05,3.613536251168885e-05,3.889355866671746e-05,3.579058799231027e-05,3.923833318609604e-05,40.19398316203081,12.882266576291105,67.50569974777052,6.054337429856177,74.33362889420545,0.5825,0.5405,0.6245,0.53,0.635
125,0.11637649613799031,0.1078166761303204,0.12493631614566021,0.10567672112840291,0.1270762711475777,1.62801865148265,0.48305646084878756,2.7729808421165125,0.19681591319032193,3.059221389774978,122.87732435157523,119.38350435299799,126.37114435015246,118.51004935335368,127.24459934979677,19.630000000000003,19.422,19.838,19.37,19.89,0.15013819074799645,0.1412907568055065,0.15898562469048638,0.13907889831988401,0.16119748317610885,2.8517177265267154e-05,2.702989213344815e-05,3.0004462397086162e-05,2.6658070850493398e-05,3.0376283680040913e-05,3.751446058920316e-05,3.613536251168885e-05,3.889355866671746e-05,3.579058799231027e-05,3.923833318609604e-05,40.19398316203081,12.882266576291105,67.50569974777052,6.054337429856177,74.33362889420545,0.5825,0.5405,0.6245,0.53,0.635
130,0.11637649613799031,0.1078166761303204,0.12493631614566021,0.10567672112840291,0.1270762711475777,1.62801865148265,0.48305646084878756,2.7729808421165125,0.19681591319032193,3.059221389774978,124.40926895709708,122.031626353506,126.78691156068817,121.43721570260823,127.38132221158594,19.630000000000003,19.422,19.838,19.37,19.89,0.15013819074799645,0.1412907568055065,0.15898562469048638,0.13907889831988401,0.16119748317610885,2.8517177265267154e-05,2.702989213344815e-05,3.0004462397086162e-05,2.6658070850493398e-05,3.0376283680040913e-05,3.751446058920316e-05,3.613536251168885e-05,3.889355866671746e-05,3.579058799231027e-05,3.923833318609604e-05,40.19398316203081,12.882266576291105,67.50569974777052,6.054337429856177,74.33362889420545,0.5825,0.5405,0.6245,0.53,0.635
135,0.11637649613799031,0.1078166761303204,0.12493631614566021,0.10567672112840291,0.1270762711475777,1.62801865148265,0.48305646084878756,2.7729808421165125,0.19681591319032193,3.059221389774978,125.41727367090061,120.52689718315378,130.30765015864745,119.30430306121707,131.53024428058416,19.630000000000003,19.422,19.838,19.37,19.89,0.15013819074799645,0.1412907568055065,0.15898562469048638,0.13907889831988401,0.16119748317610885,2.8517177265267154e-05,2.702989213344815e-05,3.0004462397086162e-05,2.6658070850493398e-05,3.0376283680040913e-05,3.751446058920316e-05,3.613536251168885e-05,3.889355866671746e-05,3.579058799231027e-05,3.923833318609604e-05,40.19398316203081,12.882266576291105,67.50569974777052,6.054337429856177,74.33362889420545,0.5825,0.5405,0.6245,0.53,0.635
140,0.11637649613799031,0.1078166761303204,0.12493631614566021,0.10567672112840291,0.1270762711475777,1.62801865148265,0.48305646084878756,2.7729808421165125,0.19681591319032193,3.059221389774978,122.8749763709493,120.53729629004374,125.21265645185485,119.95287626981735,125.79707647208124,19.630000000000003,19.422,19.838,19.37,19.89,0.15013819074799645,0.1412907568055065,0.15898562469048638,0.13907889831988401,0.16119748317610885,2.8517177265267154e-05,2.702989213344815e-05,3.0004462397086162e-05,2.6658070850493398e-05,3.0376283680040913e-05,3.751446058920316e-05,3.613536251168885e-05,3.889355866671746e-05,3.579058799231027e-05,3.923833318609604e-05,40.19398316203081,12.882266576291105,67.50569974777052,6.054337429856177,74.33362889420545,0.5825,0.5405,0.6245,0.53,0.635
145,0.11637649613799031,0.1078166761303204,0.12493631614566021,0.10567672112840291,0.1270762711475777,1.62801865148265,0.48305646084878756,2.7729808421165125,0.19681591319032193,3.059221389774978,124.64812505058944,121.84267789684236,127.45357220433652,121.14131610840559,128.1549339927733,19.630000000000003,19.422,19.838,19.37,19.89,0.15013819074799645,0.1412907568055065,0.15898562469048638,0.13907889831988401,0.16119748317610885,2.8517177265267154e-05,2.702989213344815e-05,3.0004462397086162e-05,2.6658070850493398e-05,3.0376283680040913e-05,3.751446058920316e-05,3.613536251168885e-05,3.889355866671746e-05,3.579058799231027e-05,3.923833318609604e-05,40.19398316203081,12.882266576291105,67.50569974777052,6.054337429856177,74.33362889420545,0.5825,0.5405,0.6245,0.53,0.635
150,0.11637649613799031,0.1078166761303204,0.12493631614566021,0.10567672112840291,0.1270762711475777,1.62801865148265,0.48305646084878756,2.7729808421165125,0.19681591319032193,3.059221389774978,123.149198833853,119.79681631550193,126.50158135220408,118.95872068591416,127.33967698179185,19.630000000000003,19.422,19.838,19.37,19.89,0.15013819074799645,0.1412907568055065,0.15898562469048638,0.13907889831988401,0.16119748317610885,2.8517177265267154e-05,2.702989213344815e-05,3.0004462397086162e-05,2.6658070850493398e-05,3.0376283680040913e-05,3.751446058920316e-05,3.613536251168885e-05,3.889355866671746e-05,3.579058799231027e-05,3.923833318609604e-05,40.19398316203081,12.882266576291105,67.50569974777052,6.054337429856177,74.33362889420545,0.5825,0.5405,0.6245,0.53,0.635
155,0.11637649613799031,0.1078166761303204,0.12493631614566021,0.10567672112840291,0.1270762711475777,1.62801865148265,0.48305646084878756,2.7729808421165125,0.19681591319032193,3.059221389774978,123.41745140729472,120.17205350613222,126.66284930845723,119.36070403084159,127.47419878374785,19.630000000000003,19.422,19.838,19.37,19.89,0.15013819074799645,0.1412907568055065,0.15898562469048638,0.13907889831988401,0.16119748317610885,2.8517177265267154e-05,2.702989213344815e-05,3.0004462397086162e-05,2.6658070850493398e-05,3.0376283680040913e-05,3.751446058920316e-05,3.613536251168885e-05,3.889355866671746e-05,3.579058799231027e-05,3.923833318609604e-05,40.19398316203081,12.882266576291105,67.50569974777052,6.054337429856177,74.33362889420545,0.5825,0.5405,0.6245,0.53,0.635
160,0.11637649613799031,0.1078166761303204,0.12493631614566021,0.10567672112840291,0.1270762711475777,1.62801865148265,0.48305646084878756,2.7729808421165125,0.19681591319032193,3.059221389774978,126.99598143808544,121.15641357935965,132.83554929681122,119.6965216146782,134.29544126149267,19.630000000000003,19.422,19.838,19.37,19.89,0.15013819074799645,0.1412907568055065,0.15898562469048638,0.13907889831988401,0.16119748317610885,2.8517177265267154e-05,2.702989213344815e-05,3.0004462397086162e-05,2.6658070850493398e-05,3.0376283680040913e-05,3.751446058920316e-05,3.613536251168885e-05,3.889355866671746e-05,3.579058799231027e-05,3.923833318609604e-05,40.19398316203081,12.882266576291105,67.50569974777052,6.054337429856177,74.33362889420545,0.5825,0.5405,0.6245,0.53,0.635
165,0.11637649613799031,0.1078166761303204,0.12493631614566021,0.10567672112840291,0.1270762711475777,1.62801865148265,0.48305646084878756,2.7729808421165125,0.19681591319032193,3.059221389774978,132.68387980759144,122.99779944121838,142.3699601739645,120.57627934962511,144.79148026555777,19.630000000000003,19.422,19.838,19.37,19.89,0.15013819074799645,0.1412907568055065,0.15898562469048638,0.13907889831988401,0.16119748317610885,2.8517177265267154e-05,2.702989213344815e-05,3.0004462397086162e-05,2.6658070850493398e-05,3.0376283680040913e-05,3.751446058920316e-05,3.613536251168885e-05,3.889355866671746e-05,3.579058799231027e-05,3.923833318609604e-05,40.19398316203081,12.882266576291105,67.50569974777052,6.054337429856177,74.33362889420545,0.5825,0.5405,0.6245,0.53,0.635
170,0.11637649613799031,0.1078166761303204,0.12493631614566021,0.10567672112840291,0.1270762711475777,1.62801865148265,0.48305646084878756,2.7729808421165125,0.19681591319032193,3.059221389774978,128.77098909579217,122.9906897265464,134.55128846503794,121.54561488423496,135.99636330734938,19.630000000000003,19.422,19.838,19.37,19.89,0.15013819074799645,0.1412907568055065,0.15898562469048638,0.13907889831988401,0.16119748317610885,2.8517177265267154e-05,2.702989213344815e-05,3.0004462397086162e-05,2.6658070850493398e-05,3.0376283680040913e-05,3.751446058920316e-05,3.613536251168885e-05,3.889355866671746e-05,3.579058799231027e-05,3.923833318609604e-05,40.19398316203081,12.882266576291105,67.50569974777052,6.054337429856177,74.33362889420545,0.5825,0.5405,0.6245,0.53,0.635
175,0.11637649613799031,0.1078166761303204,0.12493631614566021,0.10567672112840291,0.1270762711475777,1.62801865148265,0.48305646084878756,2.7729808421165125,0.19681591319032193,3.059221389774978,129.58110722713172,121.43197760917246,137.73023684509099,119.39469520468265,139.7675192495808,19.630000000000003,19.422,19.838,19.37,19.89,0.15013819074799645,0.1412907568055065,0.15898562469048638,0.13907889831988401,0.16119748317610885,2.8517177265267154e-05,2.702989213344815e-05,3.0004462397086162e-05,2.6658070850493398e-05,3.0376283680040913e-05,3.751446058920316e-05,3.613536251168885e-05,3.889355866671746e-05,3.579058799231027e-05,3.923833318609604e-05,40.19398316203081,12.882266576291105,67.50569974777052,6.054337429856177,74.33362889420545,0.5825,0.5405,0.6245,0.53,0.635
180,0.11637649613799031,0.1078166761303204,0.12493631614566021,0.10567672112840291,0.1270762711475777,1.62801865148265,0.48305646084878756,2.7729808421165125,0.19681591319032193,3.059221389774978,131.1122920596972,123.20345241297036,139.02113170642406,121.22624250128865,140.99834161810577,19.630000000000003,19.422,19.838,19.37,19.89,0.15013819074799645,0.1412907568055065,0.15898562469048638,0.13907889831988401,0.16119748317610885,2.8517177265267154e-05,2.702989213344815e-05,3.0004462397086162e-05,2.6658070850493398e-05,3.0376283680040913e-05,3.751446058920316e-05,3.613536251168885e-05,3.889355866671746e-05,3.579058799231027e-05,3.923833318609604e-05,40.19398316203081,12.882266576291105,67.50569974777052,6.054337429856177,74.33362889420545,0.5825,0.5405,0.6245,0.53,0.635
185,0.11637649613799031,0.1078166761303204,0.12493631614566021,0.10567672112840291,0.1270762711475777,1.62801865148265,0.48305646084878756,2.7729808421165125,0.19681591319032193,3.059221389774978,132.18767385929823,121.91611007973552,142.45923763886094,119.34821913484484,145.02712858375162,19.630000000000003,19.422,19.838,19.37,19.89,0.15013819074799645,0.1412907568055065,0.15898562469048638,0.13907889831988401,0.16119748317610885,2.8517177265267154e-05,2.702989213344815e-05,3.0004462397086162e-05,2.6658070850493398e-05,3.0376283680040913e-05,3.751446058920316e-05,3.613536251168885e-05,3.889355866671746e-05,3.579058799231027e-05,3.923833318609604e-05,40.19398316203081,12.882266576291105,67.50569974777052,6.054337429856177,74.33362889420545,0.5825,0.5405,0.6245,0.53,0.635
190,0.11637649613799031,0.1078166761303204,0.12493631614566021,0.10567672112840291,0.1270762711475777,1.62801865148265,0.48305646084878756,2.7729808421165125,0.19681591319032193,3.059221389774978,122.95121910283342,120.84691597195342,125.05552223371342,120.32084018923342,125.58159801643342,19.630000000000003,19.422,19.838,19.37,19.89,0.15013819074799645,0.1412907568055065,0.15898562469048638,0.13907889831988401,0.16119748317610885,2.8517177265267154e-05,2.702989213344815e-05,3.0004462397086162e-05,2.6658070850493398e-05,3.0376283680040913e-05,3.751446058920316e-05,3.613536251168885e-05,3.889355866671746e-05,3.579058799231027e-05,3.923833318609604e-05,40.19398316203081,12.882266576291105,67.50569974777052,6.054337429856177,74.33362889420545,0.5825,0.5405,0.6245,0.53,0.635
195,0.11637649613799031,0.1078166761303204,0.12493631614566021,0.10567672112840291,0.1270762711475777,1.62801865148265,0.48305646084878756,2.7729808421165125,0.19681591319032193,3.059221389774978,125.14990750700235,121.61515650525689,128.68465850874782,120.73146875482053,129.56834625918418,19.630000000000003,19.422,19.838,19.37,19.89,0.15013819074799645,0.1412907568055065,0.15898562469048638,0.13907889831988401,0.16119748317610885,2.8517177265267154e-05,2.702989213344815e-05,3.0004462397086162e-05,2.6658070850493398e-05,3.0376283680040913e-05,3.751446058920316e-05,3.613536251168885e-05,3.889355866671746e-05,3.579058799231027e-05,3.923833318609604e-05,40.19398316203081,12.882266576291105,67.50569974777052,6.054337429856177,74.33362889420545,0.5825,0.5405,0.6245,0.53,0.635
200,0.11637649613799031,0.1078166761303204,0.12493631614566021,0.10567672112840291,0.1270762711475777,1.62801865148265,0.48305646084878756,2.7729808421165125,0.19681591319032193,3.059221389774978,123.69685487588868,120.35479606641456,127.03891368536279,119.51928136404604,127.87442838773131,19.630000000000003,19.422,19.838,19.37,19.89,0.15013819074799645,0.1412907568055065,0.15898562469048638,0.13907889831988401,0.16119748317610885,2.8517177265267154e-05,2.702989213344815e-05,3.0004462397086162e-05,2.6658070850493398e-05,3.0376283680040913e-05,3.751446058920316e-05,3.613536251168885e-05,3.889355866671746e-05,3.579058799231027e-05,3.923833318609604e-05,40.19398316203081,12.882266576291105,67.50569974777052,6.054337429856177,74.33362889420545,0.5825,0.5405,0.6245,0.53,0.635
205,0.11637649613799031,0.1078166761303204,0.12493631614566021,0.10567672112840291,0.1270762711475777,1.62801865148265,0.48305646084878756,2.7729808421165125,0.19681591319032193,3.059221389774978,122.86897715879604,120.24547796463594,125.49247635295615,119.58960316609591,126.14835115149617,19.630000000000003,19.422,19.838,19.37,19.89,0.15013819074799645,0.1412907568055065,0.15898562469048638,0.13907889831988401,0.16119748317610885,2.8517177265267154e-05,2.702989213344815e-05,3.0004462397086162e-05,2.6658070850493398e-05,3.0376283680040913e-05,3.751446058920316e-05,3.613536251168885e-05,3.889355866671746e-05,3.579058799231027e-05,3.923833318609604e-05,40.19398316203081,12.882266576291105,67.50569974777052,6.054337429856177,74.33362889420545,0.5825,0.5405,0.6245,0.53,0.635
210,0.11637649613799031,0.1078166761303204,0.12493631614566021,0.10567672112840291,0.1270762711475777,1.62801865148265,0.48305646084878756,2.7729808421165125,0.19681591319032193,3.059221389774978,122.76963201584294,120.64676844561473,124.89249558607116,120.11605255305767,125.42321147862822,19.630000000000003,19.422,19.838,19.37,19.89,0.15013819074799645,0.1412907568055065,0.15898562469048638,0.13907889831988401,0.16119748317610885,2.8517177265267154e-05,2.702989213344815e-05,3.0004462397086162e-05,2.6658070850493398e-05,3.0376283680040913e-05,3.751446058920316e-05,3.613536251168885e-05,3.889355866671746e-05,3.579058799231027e-05,3.923833318609604e-05,40.19398316203081,12.882266576291105,67.50569974777052,6.054337429856177,74.33362889420545,0.5825,0.5405,0.6245,0.53,0.635
215,0.11637649613799031,0.1078166761303204,0.12493631614566021,0.10567672112840291,0.1270762711475777,1.62801865148265,0.48305646084878756,2.7729808421165125,0.19681591319032193,3.059221389774978,125.18969382392243,120.57391368458048,129.80547396326438,119.41996864974499,130.95941899809986,19.630000000000003,19.422,19.838,19.37,19.89,0.15013819074799645,0.1412907568055065,0.15898562469048638,0.13907889831988401,0.16119748317610885,2.8517177265267154e-05,2.702989213344815e-05,3.0004462397086162e-05,2.6658070850493398e-05,3.0376283680040913e-05,3.751446058920316e-05,3.613536251168885e-05,3.889355866671746e-05,3.579058799231027e-05,3.923833318609604e-05,40.19398316203081,12.882266576291105,67.50569974777052,6.054337429856177,74.33362889420545,0.5825,0.5405,0.6245,0.53,0.635
220,0.11637649613799031,0.1078166761303204,0.12493631614566021,0.10567672112840291,0.1270762711475777,1.62801865148265,0.48305646084878756,2.7729808421165125,0.19681591319032193,3.059221389774978,123.77131961518899,120.7856089216657,126.75703030871227,120.03918124828488,127.5034579820931,19.630000000000003,19.422,19.838,19.37,19.89,0.15013819074799645,0.1412907568055065,0.15898562469048638,0.13907889831988401,0.16119748317610885,2.8517177265267154e-05,2.702989213344815e-05,3.0004462397086162e-05,2.6658070850493398e-05,3.0376283680040913e-05,3.751446058920316e-05,3.613536251168885e-05,3.889355866671746e-05,3.579058799231027e-05,3.923833318609604e-05,40.19398316203081,12.882266576291105,67.50569974777052,6.054337429856177,74.33362889420545,0.5825,0.5405,0.6245,0.53,0.635
225,0.11637649613799031,0.1078166761303204,0.12493631614566021,0.10567672112840291,0.1270762711475777,1.62801865148265,0.48305646084878756,2.7729808421165125,0.19681591319032193,3.059221389774978,125.42330516502261,120.53047598525882,130.3161343447864,119.30726869031787,131.53934163972735,19.630000000000003,19.422,19.838,19.37,19.89,0.15013819074799645,0.1412907568055065,0.15898562469048638,0.13907889831988401,0.16119748317610885,2.8517177265267154e-05,2.702989213344815e-05,3.0004462397086162e-05,2.6658070850493398e-05,3.0376283680040913e-05,3.751446058920316e-05,3.613536251168885e-05,3.889355866671746e-05,3.579058799231027e-05,3.923833318609604e-05,40.19398316203081,12.882266576291105,67.50569974777052,6.054337429856177,74.33362889420545,0.5825,0.5405,0.6245,0.53,0.635
230,0.11637649613799031,0.1078166761303204,0.12493631614566021,0.10567672112840291,0.1270762711475777,1.62801865148265,0.48305646084878756,2.7729808421165125,0.19681591319032193,3.059221389774978,122.63184348586947,120.60276027116925,124.66092670056969,120.09548946749419,125.16819750424474,19.630000000000003,19.422,19.838,19.37,19.89,0.15013819074799645,0.1412907568055065,0.15898562469048638,0.13907889831988401,0.16119748317610885,2.8517177265267154e-05,2.702989213344815e-05,3.0004462397086162e-05,2.6658070850493398e-05,3.0376283680040913e-05,3.751446058920316e-05,3.613536251168885e-05,3.889355866671746e-05,3.579058799231027e-05,3.923833318609604e-05,40.19398316203081,12.882266576291105,67.50569974777052,6.054337429856177,74.33362889420545,0.5825,0.5405,0.6245,0.53,0.635
235,0.11637649613799031,0.1078166761303204,0.12493631614566021,0.10567672112840291,0.1270762711475777,1.62801865148265,0.48305646084878756,2.7729808421165125,0.19681591319032193,3.059221389774978,126.67296085273847,120.78650393290445,132.5594177725725,119.31488970294595,134.031032002531,19.630000000000003,19.422,19.838,19.37,19.89,0.15013819074799645,0.1412907568055065,0.15898562469048638,0.13907889831988401,0.16119748317610885,2.8517177265267154e-05,2.702989213344815e-05,3.0004462397086162e-05,2.6658070850493398e-05,3.0376283680040913e-05,3.751446058920316e-05,3.613536251168885e-05,3.889355866671746e-05,3.579058799231027e-05,3.923833318609604e-05,40.19398316203081,12.882266576291105,67.50569974777052,6.054337429856177,74.33362889420545,0.5825,0.5405,0.6245,0.53,0.635
240,0.11637649613799031,0.1078166761303204,0.12493631614566021,0.10567672112840291,0.1270762711475777,1.62801865148265,0.48305646084878756,2.7729808421165125,0.19681591319032193,3.059221389774978,121.8638468021527,118.78101743105799,124.9466761732474,118.01031008828431,125.71738351602107,19.630000000000003,19.422,19.838,19.37,19.89,0.15013819074799645,0.1412907568055065,0.15898562469048638,0.13907889831988401,0.16119748317610885,2.8517177265267154e-05,2.702989213344815e-05,3.0004462397086162e-05,2.6658070850493398e-05,3.0376283680040913e-05,3.751446058920316e-05,3.613536251168885e-05,3.889355866671746e-05,3.579058799231027e-05,3.923833318609604e-05,40.19398316203081,12.882266576291105,67.50569974777052,6.054337429856177,74.33362889420545,0.5825,0.5405,0.6245,0.53,0.635
245,0.11637649613799031,0.1078166761303204,0.12493631614566021,0.10567672112840291,0.1270762711475777,1.62801865148265,0.48305646084878756,2.7729808421165125,0.19681591319032193,3.059221389774978,120.92686770949513,117.99460869748145,123.8591267215088,117.26154394447803,124.59219147451222,19.630000000000003,19.422,19.838,19.37,19.89,0.15013819074799645,0.1412907568055065,0.15898562469048638,0.13907889831988401,0.16119748317610885,2.8517177265267154e-05,2.702989213344815e-05,3.0004462397086162e-05,2.6658070850493398e-05,3.0376283680040913e-05,3.751446058920316e-05,3.613536251168885e-05,3.889355866671746e-05,3.579058799231027e-05,3.923833318609604e-05,40.19398316203081,12.882266576291105,67.50569974777052,6.054337429856177,74.33362889420545,0.5825,0.5405,0.6245,0.53,0.635
250,0.11637649613799031,0.1078166761303204,0.12493631614566021,0.10567672112840291,0.1270762711475777,1.62801865148265,0.48305646084878756,2.7729808421165125,0.19681591319032193,3.059221389774978,123.65740169305354,118.4998462582007,128.81495712790638,117.2104573994875,130.1043459866196,19.630000000000003,19.422,19.838,19.37,19.89,0.15013819074799645,0.1412907568055065,0.15898562469048638,0.13907889831988401,0.16119748317610885,2.8517177265267154e-05,2.702989213344815e-05,3.0004462397086162e-05,2.6658070850493398e-05,3.0376283680040913e-05,3.751446058920316e-05,3.613536251168885e-05,3.889355866671746e-05,3.579058799231027e-05,3.923833318609604e-05,40.19398316203081,12.882266576291105,67.50569974777052,6.054337429856177,74.33362889420545,0.5825,0.5405,0.6245,0.53,0.635
255,0.11637649613799031,0.1078166761303204,0.12493631614566021,0.10567672112840291,0.1270762711475777,1.62801865148265,0.48305646084878756,2.7729808421165125,0.19681591319032193,3.059221389774978,123.86173233389854,118.64646053686738,129.0770041309297,117.34264258760959,130.3808220801875,19.630000000000003,19.422,19.838,19.37,19.89,0.15013819074799645,0.1412907568055065,0.15898562469048638,0.13907889831988401,0.16119748317610885,2.8517177265267154e-05,2.702989213344815e-05,3.0004462397086162e-05,2.6658070850493398e-05,3.0376283680040913e-05,3.751446058920316e-05,3.613536251168885e-05,3.889355866671746e-05,3.579058799231027e-05,3.923833318609604e-05,40.19398316203081,12.882266576291105,67.50569974777052,6.054337429856177,74.33362889420545,0.5825,0.5405,0.6245,0.53,0.635
260,0.11637649613799031,0.1078166761303204,0.12493631614566021,0.10567672112840291,0.1270762711475777,1.62801865148265,0.48305646084878756,2.7729808421165125,0.19681591319032193,3.059221389774978,118.68282880168408,112.73557518702,124.63008241634816,111.24876178335398,126.11689582001418,19.630000000000003,19.422,19.838,19.37,19.89,0.15013819074799645,0.1412907568055065,0.15898562469048638,0.13907889831988401,0.16119748317610885,2.8517177265267154e-05,2.702989213344815e-05,3.0004462397086162e-05,2.6658070850493398e-05,3.0376283680040913e-05,3.751446058920316e-05,3.613536251168885e-05,3.889355866671746e-05,3.579058799231027e-05,3.923833318609604e-05,40.19398316203081,12.882266576291105,67.50569974777052,6.054337429856177,74.33362889420545,0.5825,0.5405,0.6245,0.53,0.635
265,0.11637649613799031,0.1078166761303204,0.12493631614566021,0.10567672112840291,0.1270762711475777,1.62801865148265,0.48305646084878756,2.7729808421165125,0.19681591319032193,3.059221389774978,122.48097282135859,118.2212215741165,126.74072406860068,117.15628376230597,127.80566188041121,19.630000000000003,19.422,19.838,19.37,19.89,0.15013819074799645,0.1412907568055065,0.15898562469048638,0.13907889831988401,0.16119748317610885,2.8517177265267154e-05,2.702989213344815e-05,3.0004462397086162e-05,2.6658070850493398e-05,3.0376283680040913e-05,3.751446058920316e-05,3.613536251168885e-05,3.889355866671746e-05,3.579058799231027e-05,3.923833318609604e-05,40.19398316203081,12.882266576291105,67.50569974777052,6.054337429856177,74.33362889420545,0.5825,0.5405,0.6245,0.53,0.635
270,0.11637649613799031,0.1078166761303204,0.12493631614566021,0.10567672112840291,0.1270762711475777,1.62801865148265,0.48305646084878756,2.7729808421165125,0.19681591319032193,3.059221389774978,122.21005979459733,118.1859788550064,126.23414073418826,117.17995862010866,127.24016096908599,19.630000000000003,19.422,19.838,19.37,19.89,0.15013819074799645,0.1412907568055065,0.15898562469048638,0.13907889831988401,0.16119748317610885,2.8517177265267154e-05,2.702989213344815e-05,3.0004462397086162e-05,2.6658070850493398e-05,3.0376283680040913e-05,3.751446058920316e-05,3.613536251168885e-05,3.889355866671746e-05,3.579058799231027e-05,3.923833318609604e-05,40.19398316203081,12.882266576291105,67.50569974777052,6.054337429856177,74.33362889420545,0.5825,0.5405,0.6245,0.53,0.635
275,0.11637649613799031,0.1078166761303204,0.12493631614566021,0.10567672112840291,0.1270762711475777,1.62801865148265,0.48305646084878756,2.7729808421165125,0.19681591319032193,3.059221389774978,123.44036009628326,118.3563940236345,128.52432616893202,117.0854025054723,129.7953176870942,19.630000000000003,19.422,19.838,19.37,19.89,0.15013819074799645,0.1412907568055065,0.15898562469048638,0.13907889831988401,0.16119748317610885,2.8517177265267154e-05,2.702989213344815e-05,3.0004462397086162e-05,2.6658070850493398e-05,3.0376283680040913e-05,3.751446058920316e-05,3.613536251168885e-05,3.889355866671746e-05,3.579058799231027e-05,3.923833318609604e-05,40.19398316203081,12.882266576291105,67.50569974777052,6.054337429856177,74.33362889420545,0.5825,0.5405,0.6245,0.53,0.635
280,0.11637649613799031,0.1078166761303204,0.12493631614566021,0.10567672112840291,0.1270762711475777,1.62801865148265,0.48305646084878756,2.7729808421165125,0.19681591319032193,3.059221389774978,121.76852211588994,119.13736496167257,124.3996792701073,118.47957567311823,125.05746855866164,19.630000000000003,19.422,19.838,19.37,19.89,0.15013819074799645,0.1412907568055065,0.15898562469048638,0.13907889831988401,0.16119748317610885,2.8517177265267154e-05,2.702989213344815e-05,3.0004462397086162e-05,2.6658070850493398e-05,3.0376283680040913e-05,3.751446058920316e-05,3.613536251168885e-05,3.889355866671746e-05,3.579058799231027e-05,3.923833318609604e-05,40.19398316203081,12.882266576291105,67.50569974777052,6.054337429856177,74.33362889420545,0.5825,0.5405,0.6245,0.53,0.635
285,0.11637649613799031,0.1078166761303204,0.12493631614566021,0.10567672112840291,0.1270762711475777,1.62801865148265,0.48305646084878756,2.7729808421165125,0.19681591319032193,3.059221389774978,123.51344725349918,118.54642951162532,128.48046499537304,117.30467507615685,129.7222194308415,19.630000000000003,19.422,19.838,19.37,19.89,0.15013819074799645,0.1412907568055065,0.15898562469048638,0.13907889831988401,0.16119748317610885,2.8517177265267154e-05,2.702989213344815e-05,3.0004462397086162e-05,2.6658070850493398e-05,3.0376283680040913e-05,3.751446058920316e-05,3.613536251168885e-05,3.889355866671746e-05,3.579058799231027e-05,3.923833318609604e-05,40.19398316203081,12.882266576291105,67.50569974777052,6.054337429856177,74.33362889420545,0.5825,0.5405,0.6245,0.53,0.635
290,0.11637649613799031,0.1078166761303204,0.12493631614566021,0.10567672112840291,0.1270762711475777,1.62801865148265,0.48305646084878756,2.7729808421165125,0.19681591319032193,3.059221389774978,120.30836995923892,119.04696131544188,121.56977860303596,118.73160915449262,121.88513076398522,19.630000000000003,19.422,19.838,19.37,19.89,0.15013819074799645,0.1412907568055065,0.15898562469048638,0.13907889831988401,0.16119748317610885,2.8517177265267154e-05,2.702989213344815e-05,3.0004462397086162e-05,2.6658070850493398e-05,3.0376283680040913e-05,3.751446058920316e-05,3.613536251168885e-05,3.889355866671746e-05,3.579058799231027e-05,3.923833318609604e-05,40.19398316203081,12.882266576291105,67.50569974777052,6.054337429856177,74.33362889420545,0.5825,0.5405,0.6245,0.53,0.635
295,0.11637649613799031,0.1078166761303204,0.12493631614566021,0.10567672112840291,0.1270762711475777,1.62801865148265,0.48305646084878756,2.7729808421165125,0.19681591319032193,3.059221389774978,118.42707614414394,117.78632582910359,119.06782645918429,117.6261382503435,119.22801403794438,19.630000000000003,19.422,19.838,19.37,19.89,0.15013819074799645,0.1412907568055065,0.15898562469048638,0.13907889831988401,0.16119748317610885,2.8517177265267154e-05,2.702989213344815e-05,3.0004462397086162e-05,2.6658070850493398e-05,3.0376283680040913e-05,3.751446058920316e-05,3.613536251168885e-05,3.889355866671746e-05,3.579058799231027e-05,3.923833318609604e-05,40.19398316203081,12.882266576291105,67.50569974777052,6.054337429856177,74.33362889420545,0.5825,0.5405,0.6245,0.53,0.635
300,0.11637649613799031,0.1078166761303204,0.12493631614566021,0.10567672112840291,0.1270762711475777,1.62801865148265,0.48305646084878756,2.7729808421165125,0.19681591319032193,3.059221389774978,117.38845984218642,117.14096767595038,117.63595200842246,117.07909463439137,117.69782504998147,19.630000000000003,19.422,19.838,19.37,19.89,0.15013819074799645,0.1412907568055065,0.15898562469048638,0.13907889831988401,0.16119748317610885,2.8517177265267154e-05,2.702989213344815e-05,3.0004462397086162e-05,2.6658070850493398e-05,3.0376283680040913e-05,3.751446058920316e-05,3.613536251168885e-05,3.889355866671746e-05,3.579058799231027e-05,3.923833318609604e-05,40.19398316203081,12.882266576291105,67.50569974777052,6.054337429856177,74.33362889420545,0.5825,0.5405,0.6245,0.53,0.635
305,0.11637649613799031,0.1078166761303204,0.12493631614566021,0.10567672112840291,0.1270762711475777,1.62801865148265,0.48305646084878756,2.7729808421165125,0.19681591319032193,3.059221389774978,116.53907441766933,115.9913841621019,117.08676467323676,115.85446159821004,117.22368723712862,19.630000000000003,19.422,19.838,19.37,19.89,0.15013819074799645,0.1412907568055065,0.15898562469048638,0.13907889831988401,0.16119748317610885,2.8517177265267154e-05,2.702989213344815e-05,3.0004462397086162e-05,2.6658070850493398e-05,3.0376283680040913e-05,3.751446058920316e-05,3.613536251168885e-05,3.889355866671746e-05,3.579058799231027e-05,3.923833318609604e-05,40.19398316203081,12.882266576291105,67.50569974777052,6.054337429856177,74.33362889420545,0.5825,0.5405,0.6245,0.53,0.635
310,0.11637649613799031,0.1078166761303204,0.12493631614566021,0.10567672112840291,0.1270762711475777,1.62801865148265,0.48305646084878756,2.7729808421165125,0.19681591319032193,3.059221389774978,116.89552200725302,115.51906027225778,118.27198374224827,115.17494483850896,118.61609917599708,19.630000000000003,19.422,19.838,19.37,19.89,0.15013819074799645,0.1412907568055065,0.15898562469048638,0.13907889831988401,0.16119748317610885,2.8517177265267154e-05,2.702989213344815e-05,3.0004462397086162e-05,2.6658070850493398e-05,3.0376283680040913e-05,3.751446058920316e-05,3.613536251168885e-05,3.889355866671746e-05,3.579058799231027e-05,3.923833318609604e-05,40.19398316203081,12.882266576291105,67.50569974777052,6.054337429856177,74.33362889420545,0.5825,0.5405,0.6245,0.53,0.635
315,0.11637649613799031,0.1078166761303204,0.12493631614566021,0.10567672112840291,0.1270762711475777,1.62801865148265,0.48305646084878756,2.7729808421165125,0.19681591319032193,3.059221389774978,115.91226503718644,113.13149219099432,118.69303788337857,112.43629897944629,119.3882310949266,19.630000000000003,19.422,19.838,19.37,19.89,0.15013819074799645,0.1412907568055065,0.15898562469048638,0.13907889831988401,0.16119748317610885,2.8517177265267154e-05,2.702989213344815e-05,3.0004462397086162e-05,2.6658070850493398e-05,3.0376283680040913e-05,3.751446058920316e-05,3.613536251168885e-05,3.889355866671746e-05,3.579058799231027e-05,3.923833318609604e-05,40.19398316203081,12.882266576291105,67.50569974777052,6.054337429856177,74.33362889420545,0.5825,0.5405,0.6245,0.53,0.635
320,0.11637649613799031,0.1078166761303204,0.12493631614566021,0.10567672112840291,0.1270762711475777,1.62801865148265,0.48305646084878756,2.7729808421165125,0.19681591319032193,3.059221389774978,116.02842431515455,113.45460513979197,118.60224349051714,112.81115034595132,119.24569828435779,19.630000000000003,19.422,19.838,19.37,19.89,0.15013819074799645,0.1412907568055065,0.15898562469048638,0.13907889831988401,0.16119748317610885,2.8517177265267154e-05,2.702989213344815e-05,3.0004462397086162e-05,2.6658070850493398e-05,3.0376283680040913e-05,3.751446058920316e-05,3.613536251168885e-05,3.889355866671746e-05,3.579058799231027e-05,3.923833318609604e-05,40.19398316203081,12.882266576291105,67.50569974777052,6.054337429856177,74.33362889420545,0.5825,0.5405,0.6245,0.53,0.635
325,0.11637649613799031,0.1078166761303204,0.12493631614566021,0.10567672112840291,0.1270762711475777,1.62801865148265,0.48305646084878756,2.7729808421165125,0.19681591319032193,3.059221389774978,116.10087373992428,113.29265778465196,118.9090896951966,112.59060379583389,119.61114368401468,19.630000000000003,19.422,19.838,19.37,19.89,0.15013819074799645,0.1412907568055065,0.15898562469048638,0.13907889831988401,0.16119748317610885,2.8517177265267154e-05,2.702989213344815e-05,3.0004462397086162e-05,2.6658070850493398e-05,3.0376283680040913e-05,3.751446058920316e-05,3.613536251168885e-05,3.889355866671746e-05,3.579058799231027e-05,3.923833318609604e-05,40.19398316203081,12.882266576291105,67.50569974777052,6.054337429856177,74.33362889420545,0.5825,0.5405,0.6245,0.53,0.635
330,0.11637649613799031,0.1078166761303204,0.12493631614566021,0.10567672112840291,0.1270762711475777,1.62801865148265,0.48305646084878756,2.7729808421165125,0.19681591319032193,3.059221389774978,116.78102080710232,113.55305983312428,120.00898178108037,112.74606958962977,120.81597202457488,19.630000000000003,19.422,19.838,19.37,19.89,0.15013819074799645,0.1412907568055065,0.15898562469048638,0.13907889831988401,0.16119748317610885,2.8517177265267154e-05,2.702989213344815e-05,3.0004462397086162e-05,2.6658070850493398e-05,3.0376283680040913e-05,3.751446058920316e-05,3.613536251168885e-05,3.889355866671746e-05,3.579058799231027e-05,3.923833318609604e-05,40.19398316203081,12.882266576291105,67.50569974777052,6.054337429856177,74.33362889420545,0.5825,0.5405,0.6245,0.53,0.635
335,0.11637649613799031,0.1078166761303204,0.12493631614566021,0.10567672112840291,0.1270762711475777,1.62801865148265,0.48305646084878756,2.7729808421165125,0.19681591319032193,3.059221389774978,116.07826641062275,113.39430296467617,118.76222985656932,112.72331210318953,119.43322071805596,19.630000000000003,19.422,19.838,19.37,19.89,0.15013819074799645,0.1412907568055065,0.15898562469048638,0.13907889831988401,0.16119748317610885,2.8517177265267154e-05,2.702989213344815e-05,3.0004462397086162e-05,2.6658070850493398e-05,3.0376283680040913e-05,3.751446058920316e-05,3.613536251168885e-05,3.889355866671746e-05,3.579058799231027e-05,3.923833318609604e-05,40.19398316203081,12.882266576291105,67.50569974777052,6.054337429856177,74.33362889420545,0.5825,0.5405,0.6245,0.53,0.635
340,0.11637649613799031,0.1078166761303204,0.12493631614566021,0.10567672112840291,0.1270762711475777,1.62801865148265,0.48305646084878756,2.7729808421165125,0.19681591319032193,3.059221389774978,116.3625588780269,113.95144142117351,118.77367633488029,113.34866205696017,119.37645569909364,19.630000000000003,19.422,19.838,19.37,19.89,0.15013819074799645,0.1412907568055065,0.15898562469048638,0.13907889831988401,0.16119748317610885,2.8517177265267154e-05,2.702989213344815e-05,3.0004462397086162e-05,2.6658070850493398e-05,3.0376283680040913e-05,3.751446058920316e-05,3.613536251168885e-05,3.889355866671746e-05,3.579058799231027e-05,3.923833318609604e-05,40.19398316203081,12.882266576291105,67.50569974777052,6.054337429856177,74.33362889420545,0.5825,0.5405,0.6245,0.53,0.635
345,0.11637649613799031,0.1078166761303204,0.12493631614566021,0.10567672112840291,0.1270762711475777,1.62801865148265,0.48305646084878756,2.7729808421165125,0.19681591319032193,3.059221389774978,115.99952483084053,113.36032115202397,118.63872850965708,112.70052023231983,119.29852942936122,19.630000000000003,19.422,19.838,19.37,19.89,0.15013819074799645,0.1412907568055065,0.15898562469048638,0.13907889831988401,0.16119748317610885,2.8517177265267154e-05,2.702989213344815e-05,3.0004462397086162e-05,2.6658070850493398e-05,3.0376283680040913e-05,3.751446058920316e-05,3.613536251168885e-05,3.889355866671746e-05,3.579058799231027e-05,3.923833318609604e-05,40.19398316203081,12.882266576291105,67.50569974777052,6.054337429856177,74.33362889420545,0.5825,0.5405,0.6245,0.53,0.635
350,0.11637649613799031,0.1078166761303204,0.12493631614566021,0.10567672112840291,0.1270762711475777,1.62801865148265,0.48305646084878756,2.7729808421165125,0.19681591319032193,3.059221389774978,116.06686992570758,113.35640208795667,118.77733776345849,112.67878512851894,119.45495472289622,19.630000000000003,19.422,19.838,19.37,19.89,0.15013819074799645,0.1412907568055065,0.15898562469048638,0.13907889831988401,0.16119748317610885,2.8517177265267154e-05,2.702989213344815e-05,3.0004462397086162e-05,2.6658070850493398e-05,3.0376283680040913e-05,3.751446058920316e-05,3.613536251168885e-05,3.889355866671746e-05,3.579058799231027e-05,3.923833318609604e-05,40.19398316203081,12.882266576291105,67.50569974777052,6.054337429856177,74.33362889420545,0.5825,0.5405,0.6245,0.53,0.635
355,0.11637649613799031,0.1078166761303204,0.12493631614566021,0.10567672112840291,0.1270762711475777,1.62801865148265,0.48305646084878756,2.7729808421165125,0.19681591319032193,3.059221389774978,117.03193920198828,113.65748766530305,120.40639073867351,112.81387478113174,121.25000362284482,19.630000000000003,19.422,19.838,19.37,19.89,0.15013819074799645,0.1412907568055065,0.15898562469048638,0.13907889831988401,0.16119748317610885,2.8517177265267154e-05,2.702989213344815e-05,3.0004462397086162e-05,2.6658070850493398e-05,3.0376283680040913e-05,3.751446058920316e-05,3.613536251168885e-05,3.889355866671746e-05,3.579058799231027e-05,3.923833318609604e-05,40.19398316203081,12.882266576291105,67.50569974777052,6.054337429856177,74.33362889420545,0.5825,0.5405,0.6245,0.53,0.635
360,0.11637649613799031,0.1078166761303204,0.12493631614566021,0.10567672112840291,0.1270762711475777,1.62801865148265,0.48305646084878756,2.7729808421165125,0.19681591319032193,3.059221389774978,116.67970214504749,113.70316178444773,119.65624250564724,112.95902669429779,120.40037759579718,19.630000000000003,19.422,19.838,19.37,19.89,0.15013819074799645,0.1412907568055065,0.15898562469048638,0.13907889831988401,0.16119748317610885,2.8517177265267154e-05,2.702989213344815e-05,3.0004462397086162e-05,2.6658070850493398e-05,3.0376283680040913e-05,3.751446058920316e-05,3.613536251168885e-05,3.889355866671746e-05,3.579058799231027e-05,3.923833318609604e-05,40.19398316203081,12.882266576291105,67.50569974777052,6.054337429856177,74.33362889420545,0.5825,0.5405,0.6245,0.53,0.635
365,0.11637649613799031,0.1078166761303204,0.12493631614566021,0.10567672112840291,0.1270762711475777,1.62801865148265,0.48305646084878756,2.7729808421165125,0.19681591319032193,3.059221389774978,117.11778868222609,114.59576653735712,119.63981082709506,113.96526100113988,120.2703163633123,19.630000000000003,19.422,19.838,19.37,19.89,0.15013819074799645,0.1412907568055065,0.15898562469048638,0.13907889831988401,0.16119748317610885,2.8517177265267154e-05,2.702989213344815e-05,3.0004462397086162e-05,2.6658070850493398e-05,3.0376283680040913e-05,3.751446058920316e-05,3.613536251168885e-05,3.889355866671746e-05,3.579058799231027e-05,3.923833318609604e-05,40.19398316203081,12.882266576291105,67.50569974777052,6.054337429856177,74.33362889420545,0.5825,0.5405,0.6245,0.53,0.635
370,0.11637649613799031,0.1078166761303204,0.12493631614566021,0.10567672112840291,0.1270762711475777,1.62801865148265,0.48305646084878756,2.7729808421165125,0.19681591319032193,3.059221389774978,116.77189866546541,114.27676927763969,119.26702805329114,113.65298693068326,119.89081040024757,19.630000000000003,19.422,19.838,19.37,19.89,0.15013819074799645,0.1412907568055065,0.15898562469048638,0.13907889831988401,0.16119748317610885,2.8517177265267154e-05,2.702989213344815e-05,3.0004462397086162e-05,2.6658070850493398e-05,3.0376283680040913e-05,3.751446058920316e-05,3.613536251168885e-05,3.889355866671746e-05,3.579058799231027e-05,3.923833318609604e-05,40.19398316203081,12.882266576291105,67.50569974777052,6.054337429856177,74.33362889420545,0.5825,0.5405,0.6245,0.53,0.635
375,0.11637649613799031,0.1078166761303204,0.12493631614566021,0.10567672112840291,0.1270762711475777,1.62801865148265,0.48305646084878756,2.7729808421165125,0.19681591319032193,3.059221389774978,116.63314365781844,114.3499528747052,118.91633444093168,113.77915517892689,119.48713213670999,19.630000000000003,19.422,19.838,19.37,19.89,0.15013819074799645,0.1412907568055065,0.15898562469048638,0.13907889831988401,0.16119748317610885,2.8517177265267154e-05,2.702989213344815e-05,3.0004462397086162e-05,2.6658070850493398e-05,3.0376283680040913e-05,3.751446058920316e-05,3.613536251168885e-05,3.889355866671746e-05,3.579058799231027e-05,3.923833318609604e-05,40.19398316203081,12.882266576291105,67.50569974777052,6.054337429856177,74.33362889420545,0.5825,0.5405,0.6245,0.53,0.635
380,0.11637649613799031,0.1078166761303204,0.12493631614566021,0.10567672112840291,0.1270762711475777,1.62801865148265,0.48305646084878756,2.7729808421165125,0.19681591319032193,3.059221389774978,116.67041908949614,114.69964934140444,118.64118883758783,114.20695690438151,119.13388127461076,19.630000000000003,19.422,19.838,19.37,19.89,0.15013819074799645,0.1412907568055065,0.15898562469048638,0.13907889831988401,0.16119748317610885,2.8517177265267154e-05,2.702989213344815e-05,3.0004462397086162e-05,2.6658070850493398e-05,3.0376283680040913e-05,3.751446058920316e-05,3.613536251168885e-05,3.889355866671746e-05,3.579058799231027e-05,3.923833318609604e-05,40.19398316203081,12.882266576291105,67.50569974777052,6.054337429856177,74.33362889420545,0.5825,0.5405,0.6245,0.53,0.635
385,0.11637649613799031,0.1078166761303204,0.12493631614566021,0.10567672112840291,0.1270762711475777,1.62801865148265,0.48305646084878756,2.7729808421165125,0.19681591319032193,3.059221389774978,116.82790451683104,114.43216815777123,119.22364087589085,113.83323406800628,119.8225749656558,19.630000000000003,19.422,19.838,19.37,19.89,0.15013819074799645,0.1412907568055065,0.15898562469048638,0.13907889831988401,0.16119748317610885,2.8517177265267154e-05,2.702989213344815e-05,3.0004462397086162e-05,2.6658070850493398e-05,3.0376283680040913e-05,3.751446058920316e-05,3.613536251168885e-05,3.889355866671746e-05,3.579058799231027e-05,3.923833318609604e-05,40.19398316203081,12.882266576291105,67.50569974777052,6.054337429856177,74.33362889420545,0.5825,0.5405,0.6245,0.53,0.635
390,0.11637649613799031,0.1078166761303204,0.12493631614566021,0.10567672112840291,0.1270762711475777,1.62801865148265,0.48305646084878756,2.7729808421165125,0.19681591319032193,3.059221389774978,117.13987860130146,114.59215710917488,119.68760009342805,113.95522673614323,120.32453046645969,19.630000000000003,19.422,19.838,19.37,19.89,0.15013819074799645,0.1412907568055065,0.15898562469048638,0.13907889831988401,0.16119748317610885,2.8517177265267154e-05,2.702989213344815e-05,3.0004462397086162e-05,2.6658070850493398e-05,3.0376283680040913e-05,3.751446058920316e-05,3.613536251168885e-05,3.889355866671746e-05,3.579058799231027e-05,3.923833318609604e-05,40.19398316203081,12.882266576291105,67.50569974777052,6.054337429856177,74.33362889420545,0.5825,0.5405,0.6245,0.53,0.635
395,0.11637649613799031,0.1078166761303204,0.12493631614566021,0.10567672112840291,0.1270762711475777,1.62801865148265,0.48305646084878756,2.7729808421165125,0.19681591319032193,3.059221389774978,117.03943266533315,114.70690192468464,119.37196340598166,114.12376923952252,119.95509609114379,19.630000000000003,19.422,19.838,19.37,19.89,0.15013819074799645,0.1412907568055065,0.15898562469048638,0.13907889831988401,0.16119748317610885,2.8517177265267154e-05,2.702989213344815e-05,3.0004462397086162e-05,2.6658070850493398e-05,3.0376283680040913e-05,3.751446058920316e-05,3.613536251168885e-05,3.889355866671746e-05,3.579058799231027e-05,3.923833318609604e-05,40.19398316203081,12.882266576291105,67.50569974777052,6.054337429856177,74.33362889420545,0.5825,0.5405,0.6245,0.53,0.635
400,0.11637649613799031,0.1078166761303204,0.12493631614566021,0.10567672112840291,0.1270762711475777,1.62801865148265,0.48305646084878756,2.7729808421165125,0.19681591319032193,3.059221389774978,116.96817022981122,115.05558108398691,118.88075937563553,114.57743379753083,119.35890666209161,19.630000000000003,19.422,19.838,19.37,19.89,0.15013819074799645,0.1412907568055065,0.15898562469048638,0.13907889831988401,0.16119748317610885,2.8517177265267154e-05,2.702989213344815e-05,3.0004462397086162e-05,2.6658070850493398e-05,3.0376283680040913e-05,3.751446058920316e-05,3.613536251168885e-05,3.889355866671746e-05,3.579058799231027e-05,3.923833318609604e-05,40.19398316203081,12.882266576291105,67.50569974777052,6.054337429856177,74.33362889420545,0.5825,0.5405,0.6245,0.53,0.635
405,0.11637649613799031,0.1078166761303204,0.12493631614566021,0.10567672112840291,0.1270762711475777,1.62801865148265,0.48305646084878756,2.7729808421165125,0.19681591319032193,3.059221389774978,117.4225521972403,115.70047918614,119.14462520834059,115.26996093336493,119.57514346111566,19.630000000000003,19.422,19.838,19.37,19.89,0.15013819074799645,0.1412907568055065,0.15898562469048638,0.13907889831988401,0.16119748317610885,2.8517177265267154e-05,2.702989213344815e-05,3.0004462397086162e-05,2.6658070850493398e-05,3.0376283680040913e-05,3.751446058920316e-05,3.613536251168885e-05,3.889355866671746e-05,3.579058799231027e-05,3.923833318609604e-05,40.19398316203081,12.882266576291105,67.50569974777052,6.054337429856177,74.33362889420545,0.5825,0.5405,0.6245,0.53,0.635
410,0.11637649613799031,0.1078166761303204,0.12493631614566021,0.10567672112840291,0.1270762711475777,1.62801865148265,0.48305646084878756,2.7729808421165125,0.19681591319032193,3.059221389774978,116.73637004336342,114.53495683846995,118.93778324825689,113.98460353724658,119.48813654948026,19.630000000000003,19.422,19.838,19.37,19.89,0.15013819074799645,0.1412907568055065,0.15898562469048638,0.13907889831988401,0.16119748317610885,2.8517177265267154e-05,2.702989213344815e-05,3.0004462397086162e-05,2.6658070850493398e-05,3.0376283680040913e-05,3.751446058920316e-05,3.613536251168885e-05,3.889355866671746e-05,3.579058799231027e-05,3.923833318609604e-05,40.19398316203081,12.882266576291105,67.50569974777052,6.054337429856177,74.33362889420545,0.5825,0.5405,0.6245,0.53,0.635
415,0.11637649613799031,0.1078166761303204,0.12493631614566021,0.10567672112840291,0.1270762711475777,1.62801865148265,0.48305646084878756,2.7729808421165125,0.19681591319032193,3.059221389774978,116.68738747248426,114.57370343850926,118.80107150645927,114.0452824300155,119.32949251495302,19.630000000000003,19.422,19.838,19.37,19.89,0.15013819074799645,0.1412907568055065,0.15898562469048638,0.13907889831988401,0.16119748317610885,2.8517177265267154e-05,2.702989213344815e-05,3.0004462397086162e-05,2.6658070850493398e-05,3.0376283680040913e-05,3.751446058920316e-05,3.613536251168885e-05,3.889355866671746e-05,3.579058799231027e-05,3.923833318609604e-05,40.19398316203081,12.882266576291105,67.50569974777052,6.054337429856177,74.33362889420545,0.5825,0.5405,0.6245,0.53,0.635
420,0.11637649613799031,0.1078166761303204,0.12493631614566021,0.10567672112840291,0.1270762711475777,1.62801865148265,0.48305646084878756,2.7729808421165125,0.19681591319032193,3.059221389774978,116.7466743150726,114.67118169832975,118.82216693181545,114.15230854414403,119.34104008600116,19.630000000000003,19.422,19.838,19.37,19.89,0.15013819074799645,0.1412907568055065,0.15898562469048638,0.13907889831988401,0.16119748317610885,2.8517177265267154e-05,2.702989213344815e-05,3.0004462397086162e-05,2.6658070850493398e-05,3.0376283680040913e-05,3.751446058920316e-05,3.613536251168885e-05,3.889355866671746e-05,3.579058799231027e-05,3.923833318609604e-05,40.19398316203081,12.882266576291105,67.50569974777052,6.054337429856177,74.33362889420545,0.5825,0.5405,0.6245,0.53,0.635
425,0.11637649613799031,0.1078166761303204,0.12493631614566021,0.10567672112840291,0.1270762711475777,1.62801865148265,0.48305646084878756,2.7729808421165125,0.19681591319032193,3.059221389774978,116.62964221322909,114.45721785770729,118.80206656875089,113.91411176882684,119.34517265763134,19.630000000000003,19.422,19.838,19.37,19.89,0.15013819074799645,0.1412907568055065,0.15898562469048638,0.13907889831988401,0.16119748317610885,2.8517177265267154e-05,2.702989213344815e-05,3.0004462397086162e-05,2.6658070850493398e-05,3.0376283680040913e-05,3.751446058920316e-05,3.613536251168885e-05,3.889355866671746e-05,3.579058799231027e-05,3.923833318609604e-05,40.19398316203081,12.882266576291105,67.50569974777052,6.054337429856177,74.33362889420545,0.5825,0.5405,0.6245,0.53,0.635
430,0.11637649613799031,0.1078166761303204,0.12493631614566021,0.10567672112840291,0.1270762711475777,1.62801865148265,0.48305646084878756,2.7729808421165125,0.19681591319032193,3.059221389774978,117.34752963064238,114.55340959643945,120.14164966484532,113.85487958788872,120.84017967339605,19.630000000000003,19.422,19.838,19.37,19.89,0.15013819074799645,0.1412907568055065,0.15898562469048638,0.13907889831988401,0.16119748317610885,2.8517177265267154e-05,2.702989213344815e-05,3.0004462397086162e-05,2.6658070850493398e-05,3.0376283680040913e-05,3.751446058920316e-05,3.613536251168885e-05,3.889355866671746e-05,3.579058799231027e-05,3.923833318609604e-05,40.19398316203081,12.882266576291105,67.50569974777052,6.054337429856177,74.33362889420545,0.5825,0.5405,0.6245,0.53,0.635
435,0.11637649613799031,0.1078166761303204,0.12493631614566021,0.10567672112840291,0.1270762711475777,1.62801865148265,0.48305646084878756,2.7729808421165125,0.19681591319032193,3.059221389774978,117.20295765204355,114.28488474106416,120.12103056302294,113.55536651331931,120.85054879076779,19.630000000000003,19.422,19.838,19.37,19.89,0.15013819074799645,0.1412907568055065,0.15898562469048638,0.13907889831988401,0.16119748317610885,2.8517177265267154e-05,2.702989213344815e-05,3.0004462397086162e-05,2.6658070850493398e-05,3.0376283680040913e-05,3.751446058920316e-05,3.613536251168885e-05,3.889355866671746e-05,3.579058799231027e-05,3.923833318609604e-05,40.19398316203081,12.882266576291105,67.50569974777052,6.054337429856177,74.33362889420545,0.5825,0.5405,0.6245,0.53,0.635
440,0.11637649613799031,0.1078166761303204,0.12493631614566021,0.10567672112840291,0.1270762711475777,1.62801865148265,0.48305646084878756,2.7729808421165125,0.19681591319032193,3.059221389774978,117.25818412844092,114.38545825053006,120.13091000635177,113.66727678105235,120.84909147582948,19.630000000000003,19.422,19.838,19.37,19.89,0.15013819074799645,0.1412907568055065,0.15898562469048638,0.13907889831988401,0.16119748317610885,2.8517177265267154e-05,2.702989213344815e-05,3.0004462397086162e-05,2.6658070850493398e-05,3.0376283680040913e-05,3.751446058920316e-05,3.613536251168885e-05,3.889355866671746e-05,3.579058799231027e-05,3.923833318609604e-05,40.19398316203081,12.882266576291105,67.50569974777052,6.054337429856177,74.33362889420545,0.5825,0.5405,0.6245,0.53,0.635
445,0.11637649613799031,0.1078166761303204,0.12493631614566021,0.10567672112840291,0.1270762711475777,1.62801865148265,0.48305646084878756,2.7729808421165125,0.19681591319032193,3.059221389774978,116.96758762700483,114.41336633032188,119.52180892368779,113.77481100615114,120.16036424785852,19.630000000000003,19.422,19.838,19.37,19.89,0.15013819074799645,0.1412907568055065,0.15898562469048638,0.13907889831988401,0.16119748317610885,2.8517177265267154e-05,2.702989213344815e-05,3.0004462397086162e-05,2.6658070850493398e-05,3.0376283680040913e-05,3.751446058920316e-05,3.613536251168885e-05,3.889355866671746e-05,3.579058799231027e-05,3.923833318609604e-05,40.19398316203081,12.882266576291105,67.50569974777052,6.054337429856177,74.33362889420545,0.5825,0.5405,0.6245,0.53,0.635
450,0.11637649613799031,0.1078166761303204,0.12493631614566021,0.10567672112840291,0.1270762711475777,1.62801865148265,0.48305646084878756,2.7729808421165125,0.19681591319032193,3.059221389774978,116.69812268810347,114.36353613669053,119.03270923951641,113.77988949883729,119.61635587736964,19.630000000000003,19.422,19.838,19.37,19.89,0.15013819074799645,0.1412907568055065,0.15898562469048638,0.13907889831988401,0.16119748317610885,2.8517177265267154e-05,2.702989213344815e-05,3.0004462397086162e-05,2.6658070850493398e-05,3.0376283680040913e-05,3.751446058920316e-05,3.613536251168885e-05,3.889355866671746e-05,3.579058799231027e-05,3.923833318609604e-05,40.19398316203081,12.882266576291105,67.50569974777052,6.054337429856177,74.33362889420545,0.5825,0.5405,0.6245,0.53,0.635
455,0.11637649613799031,0.1078166761303204,0.12493631614566021,0.10567672112840291,0.1270762711475777,1.62801865148265,0.48305646084878756,2.7729808421165125,0.19681591319032193,3.059221389774978,116.72101102536544,114.43223902536556,119.00978302536532,113.86004602536559,119.5819760253653,19.630000000000003,19.422,19.838,19.37,19.89,0.15013819074799645,0.1412907568055065,0.15898562469048638,0.13907889831988401,0.16119748317610885,2.8517177265267154e-05,2.702989213344815e-05,3.0004462397086162e-05,2.6658070850493398e-05,3.0376283680040913e-05,3.751446058920316e-05,3.613536251168885e-05,3.889355866671746e-05,3.579058799231027e-05,3.923833318609604e-05,40.19398316203081,12.882266576291105,67.50569974777052,6.054337429856177,74.33362889420545,0.5825,0.5405,0.6245,0.53,0.635
460,0.11637649613799031,0.1078166761303204,0.12493631614566021,0.10567672112840291,0.1270762711475777,1.62801865148265,0.48305646084878756,2.7729808421165125,0.19681591319032193,3.059221389774978,116.72171444399282,114.25922829052433,119.18420059746131,113.64360675215721,119.79982213582844,19.630000000000003,19.422,19.838,19.37,19.89,0.15013819074799645,0.1412907568055065,0.15898562469048638,0.13907889831988401,0.16119748317610885,2.8517177265267154e-05,2.702989213344815e-05,3.0004462397086162e-05,2.6658070850493398e-05,3.0376283680040913e-05,3.751446058920316e-05,3.613536251168885e-05,3.889355866671746e-05,3.579058799231027e-05,3.923833318609604e-05,40.19398316203081,12.882266576291105,67.50569974777052,6.054337429856177,74.33362889420545,0.5825,0.5405,0.6245,0.53,0.635
465,0.11637649613799031,0.1078166761303204,0.12493631614566021,0.10567672112840291,0.1270762711475777,1.62801865148265,0.48305646084878756,2.7729808421165125,0.19681591319032193,3.059221389774978,116.95181389106438,114.59412751859054,119.30950026353821,114.00470592547208,119.89892185665667,19.630000000000003,19.422,19.838,19.37,19.89,0.15013819074799645,0.1412907568055065,0.15898562469048638,0.13907889831988401,0.16119748317610885,2.8517177265267154e-05,2.702989213344815e-05,3.0004462397086162e-05,2.6658070850493398e-05,3.0376283680040913e-05,3.751446058920316e-05,3.613536251168885e-05,3.889355866671746e-05,3.579058799231027e-05,3.923833318609604e-05,40.19398316203081,12.882266576291105,67.50569974777052,6.054337429856177,74.33362889420545,0.5825,0.5405,0.6245,0.53,0.635
470,0.11637649613799031,0.1078166761303204,0.12493631614566021,0.10567672112840291,0.1270762711475777,1.62801865148265,0.48305646084878756,2.7729808421165125,0.19681591319032193,3.059221389774978,116.74279061844572,114.22774882940575,119.2578324074857,113.59898838214576,119.88659285474569,19.630000000000003,19.422,19.838,19.37,19.89,0.15013819074799645,0.1412907568055065,0.15898562469048638,0.13907889831988401,0.16119748317610885,2.8517177265267154e-05,2.702989213344815e-05,3.0004462397086162e-05,2.6658070850493398e-05,3.0376283680040913e-05,3.751446058920316e-05,3.613536251168885e-05,3.889355866671746e-05,3.579058799231027e-05,3.923833318609604e-05,40.19398316203081,12.882266576291105,67.50569974777052,6.054337429856177,74.33362889420545,0.5825,0.5405,0.6245,0.53,0.635
475,0.11637649613799031,0.1078166761303204,0.12493631614566021,0.10567672112840291,0.1270762711475777,1.62801865148265,0.48305646084878756,2.7729808421165125,0.19681591319032193,3.059221389774978,116.55142853967845,114.21275212801993,118.89010495133698,113.6280830251053,119.47477405425161,19.630000000000003,19.422,19.838,19.37,19.89,0.15013819074799645,0.1412907568055065,0.15898562469048638,0.13907889831988401,0.16119748317610885,2.8517177265267154e-05,2.702989213344815e-05,3.0004462397086162e-05,2.6658070850493398e-05,3.0376283680040913e-05,3.751446058920316e-05,3.613536251168885e-05,3.889355866671746e-05,3.579058799231027e-05,3.923833318609604e-05,40.19398316203081,12.882266576291105,67.50569974777052,6.054337429856177,74.33362889420545,0.5825,0.5405,0.6245,0.53,0.635
480,0.11637649613799031,0.1078166761303204,0.12493631614566021,0.10567672112840291,0.1270762711475777,1.62801865148265,0.48305646084878756,2.7729808421165125,0.19681591319032193,3.059221389774978,116.45259697688743,114.21834163879976,118.68685231497511,113.65977780427784,119.24541614949703,19.630000000000003,19.422,19.838,19.37,19.89,0.15013819074799645,0.1412907568055065,0.15898562469048638,0.13907889831988401,0.16119748317610885,2.8517177265267154e-05,2.702989213344815e-05,3.0004462397086162e-05,2.6658070850493398e-05,3.0376283680040913e-05,3.751446058920316e-05,3.613536251168885e-05,3.889355866671746e-05,3.579058799231027e-05,3.923833318609604e-05,40.19398316203081,12.882266576291105,67.50569974777052,6.054337429856177,74.33362889420545,0.5825,0.5405,0.6245,0.53,0.635
485,0.11637649613799031,0.1078166761303204,0.12493631614566021,0.10567672112840291,0.1270762711475777,1.62801865148265,0.48305646084878756,2.7729808421165125,0.19681591319032193,3.059221389774978,116.80153702851385,114.56111818831414,119.04195586871356,114.00101347826421,119.60206057876348,19.630000000000003,19.422,19.838,19.37,19.89,0.15013819074799645,0.1412907568055065,0.15898562469048638,0.13907889831988401,0.16119748317610885,2.8517177265267154e-05,2.702989213344815e-05,3.0004462397086162e-05,2.6658070850493398e-05,3.0376283680040913e-05,3.751446058920316e-05,3.613536251168885e-05,3.889355866671746e-05,3.579058799231027e-05,3.923833318609604e-05,40.19398316203081,12.882266576291105,67.50569974777052,6.054337429856177,74.33362889420545,0.5825,0.5405,0.6245,0.53,0.635
490,0.11637649613799031,0.1078166761303204,0.12493631614566021,0.10567672112840291,0.1270762711475777,1.62801865148265,0.48305646084878756,2.7729808421165125,0.19681591319032193,3.059221389774978,116.91638235235587,114.79968242021278,119.03308228449896,114.270507437177,119.56225726753473,19.630000000000003,19.422,19.838,19.37,19.89,0.15013819074799645,0.1412907568055065,0.15898562469048638,0.13907889831988401,0.16119748317610885,2.8517177265267154e-05,2.702989213344815e-05,3.0004462397086162e-05,2.6658070850493398e-05,3.0376283680040913e-05,3.751446058920316e-05,3.613536251168885e-05,3.889355866671746e-05,3.579058799231027e-05,3.923833318609604e-05,40.19398316203081,12.882266576291105,67.50569974777052,6.054337429856177,74.33362889420545,0.5825,0.5405,0.6245,0.53,0.635
495,0.11637649613799031,0.1078166761303204,0.12493631614566021,0.10567672112840291,0.1270762711475777,1.62801865148265,0.48305646084878756,2.7729808421165125,0.19681591319032193,3.059221389774978,117.51195066608489,115.74237412028015,119.28152721188962,115.29997998382896,119.72392134834081,19.630000000000003,19.422,19.838,19.37,19.89,0.15013819074799645,0.1412907568055065,0.15898562469048638,0.13907889831988401,0.16119748317610885,2.8517177265267154e-05,2.702989213344815e-05,3.0004462397086162e-05,2.6658070850493398e-05,3.0376283680040913e-05,3.751446058920316e-05,3.613536251168885e-05,3.889355866671746e-05,3.579058799231027e-05,3.923833318609604e-05,40.19398316203081,12.882266576291105,67.50569974777052,6.054337429856177,74.33362889420545,0.5825,0.5405,0.6245,0.53,0.635
500,0.11637649613799031,0.1078166761303204,0.12493631614566021,0.10567672112840291,0.1270762711475777,1.62801865148265,0.48305646084878756,2.7729808421165125,0.19681591319032193,3.059221389774978,117.30508401524276,115.07652126904577,119.53364676143974,114.51938058249652,120.09078744798899,19.630000000000003,19.422,19.838,19.37,19.89,0.15013819074799645,0.1412907568055065,0.15898562469048638,0.13907889831988401,0.16119748317610885,2.8517177265267154e-05,2.702989213344815e-05,3.0004462397086162e-05,2.6658070850493398e-05,3.0376283680040913e-05,3.751446058920316e-05,3.613536251168885e-05,3.889355866671746e-05,3.579058799231027e-05,3.923833318609604e-05,40.19398316203081,12.882266576291105,67.50569974777052,6.054337429856177,74.33362889420545,0.5825,0.5405,0.6245,0.53,0.635
505,0.11637649613799031,0.1078166761303204,0.12493631614566021,0.10567672112840291,0.1270762711475777,1.62801865148265,0.48305646084878756,2.7729808421165125,0.19681591319032193,3.059221389774978,116.95335790049285,115.10493771638721,118.80177808459848,114.6428326703608,119.26388313062489,19.630000000000003,19.422,19.838,19.37,19.89,0.15013819074799645,0.1412907568055065,0.15898562469048638,0.13907889831988401,0.16119748317610885,2.8517177265267154e-05,2.702989213344815e-05,3.0004462397086162e-05,2.6658070850493398e-05,3.0376283680040913e-05,3.751446058920316e-05,3.613536251168885e-05,3.889355866671746e-05,3.579058799231027e-05,3.923833318609604e-05,40.19398316203081,12.882266576291105,67.50569974777052,6.054337429856177,74.33362889420545,0.5825,0.5405,0.6245,0.53,0.635
510,0.11637649613799031,0.1078166761303204,0.12493631614566021,0.10567672112840291,0.1270762711475777,1.62801865148265,0.48305646084878756,2.7729808421165125,0.19681591319032193,3.059221389774978,117.36062679439783,115.375881947577,119.34537164121866,114.87969573587179,119.84155785292387,19.630000000000003,19.422,19.838,19.37,19.89,0.15013819074799645,0.1412907568055065,0.15898562469048638,0.13907889831988401,0.16119748317610885,2.8517177265267154e-05,2.702989213344815e-05,3.0004462397086162e-05,2.6658070850493398e-05,3.0376283680040913e-05,3.751446058920316e-05,3.613536251168885e-05,3.889355866671746e-05,3.579058799231027e-05,3.923833318609604e-05,40.19398316203081,12.882266576291105,67.50569974777052,6.054337429856177,74.33362889420545,0.5825,0.5405,0.6245,0.53,0.635
515,0.11637649613799031,0.1078166761303204,0.12493631614566021,0.10567672112840291,0.1270762711475777,1.62801865148265,0.48305646084878756,2.7729808421165125,0.19681591319032193,3.059221389774978,116.93189902463928,114.87868937896565,118.98510867031291,114.36538696754724,119.49841108173132,19.630000000000003,19.422,19.838,19.37,19.89,0.15013819074799645,0.1412907568055065,0.15898562469048638,0.13907889831988401,0.16119748317610885,2.8517177265267154e-05,2.702989213344815e-05,3.0004462397086162e-05,2.6658070850493398e-05,3.0376283680040913e-05,3.751446058920316e-05,3.613536251168885e-05,3.889355866671746e-05,3.579058799231027e-05,3.923833318609604e-05,40.19398316203081,12.882266576291105,67.50569974777052,6.054337429856177,74.33362889420545,0.5825,0.5405,0.6245,0.53,0.635
520,0.11637649613799031,0.1078166761303204,0.12493631614566021,0.10567672112840291,0.1270762711475777,1.62801865148265,0.48305646084878756,2.7729808421165125,0.19681591319032193,3.059221389774978,116.74044508719817,114.58409121679142,118.89679895760491,114.04500274918973,119.4358874252066,19.630000000000003,19.422,19.838,19.37,19.89,0.15013819074799645,0.1412907568055065,0.15898562469048638,0.13907889831988401,0.16119748317610885,2.8517177265267154e-05,2.702989213344815e-05,3.0004462397086162e-05,2.6658070850493398e-05,3.0376283680040913e-05,3.751446058920316e-05,3.613536251168885e-05,3.889355866671746e-05,3.579058799231027e-05,3.923833318609604e-05,40.19398316203081,12.882266576291105,67.50569974777052,6.054337429856177,74.33362889420545,0.5825,0.5405,0.6245,0.53,0.635
525,0.11637649613799031,0.1078166761303204,0.12493631614566021,0.10567672112840291,0.1270762711475777,1.62801865148265,0.48305646084878756,2.7729808421165125,0.19681591319032193,3.059221389774978,118.05628313682973,116.83820687048137,119.2743594031781,116.53368780389428,119.57887846976519,19.630000000000003,19.422,19.838,19.37,19.89,0.15013819074799645,0.1412907568055065,0.15898562469048638,0.13907889831988401,0.16119748317610885,2.8517177265267154e-05,2.702989213344815e-05,3.0004462397086162e-05,2.6658070850493398e-05,3.0376283680040913e-05,3.751446058920316e-05,3.613536251168885e-05,3.889355866671746e-05,3.579058799231027e-05,3.923833318609604e-05,40.19398316203081,12.882266576291105,67.50569974777052,6.054337429856177,74.33362889420545,0.5825,0.5405,0.6245,0.53,0.635
530,0.11637649613799031,0.1078166761303204,0.12493631614566021,0.10567672112840291,0.1270762711475777,1.62801865148265,0.48305646084878756,2.7729808421165125,0.19681591319032193,3.059221389774978,118.26108129695058,117.21263445541263,119.30952813848853,116.95052274502814,119.57163984887302,19.630000000000003,19.422,19.838,19.37,19.89,0.15013819074799645,0.1412907568055065,0.15898562469048638,0.13907889831988401,0.16119748317610885,2.8517177265267154e-05,2.702989213344815e-05,3.0004462397086162e-05,2.6658070850493398e-05,3.0376283680040913e-05,3.751446058920316e-05,3.613536251168885e-05,3.889355866671746e-05,3.579058799231027e-05,3.923833318609604e-05,40.19398316203081,12.882266576291105,67.50569974777052,6.054337429856177,74.33362889420545,0.5825,0.5405,0.6245,0.53,0.635
535,0.11637649613799031,0.1078166761303204,0.12493631614566021,0.10567672112840291,0.1270762711475777,1.62801865148265,0.48305646084878756,2.7729808421165125,0.19681591319032193,3.059221389774978,116.66712259640917,114.28808390675113,119.04616128606722,113.69332423433661,119.64092095848173,19.630000000000003,19.422,19.838,19.37,19.89,0.15013819074799645,0.1412907568055065,0.15898562469048638,0.13907889831988401,0.16119748317610885,2.8517177265267154e-05,2.702989213344815e-05,3.0004462397086162e-05,2.6658070850493398e-05,3.0376283680040913e-05,3.751446058920316e-05,3.613536251168885e-05,3.889355866671746e-05,3.579058799231027e-05,3.923833318609604e-05,40.19398316203081,12.882266576291105,67.50569974777052,6.054337429856177,74.33362889420545,0.5825,0.5405,0.6245,0.53,0.635
540,0.11637649613799031,0.1078166761303204,0.12493631614566021,0.10567672112840291,0.1270762711475777,1.62801865148265,0.48305646084878756,2.7729808421165125,0.19681591319032193,3.059221389774978,117.02564257895574,114.63029171852395,119.42099343938753,114.031454003416,120.01983115449548,19.630000000000003,19.422,19.838,19.37,19.89,0.15013819074799645,0.1412907568055065,0.15898562469048638,0.13907889831988401,0.16119748317610885,2.8517177265267154e-05,2.702989213344815e-05,3.0004462397086162e-05,2.6658070850493398e-05,3.0376283680040913e-05,3.751446058920316e-05,3.613536251168885e-05,3.889355866671746e-05,3.579058799231027e-05,3.923833318609604e-05,40.19398316203081,12.882266576291105,67.50569974777052,6.054337429856177,74.33362889420545,0.5825,0.5405,0.6245,0.53,0.635
545,0.11637649613799031,0.1078166761303204,0.12493631614566021,0.10567672112840291,0.1270762711475777,1.62801865148265,0.48305646084878756,2.7729808421165125,0.19681591319032193,3.059221389774978,117.05490831052884,114.35531025705859,119.7545063639991,113.68041074369103,120.42940587736666,19.630000000000003,19.422,19.838,19.37,19.89,0.15013819074799645,0.1412907568055065,0.15898562469048638,0.13907889831988401,0.16119748317610885,2.8517177265267154e-05,2.702989213344815e-05,3.0004462397086162e-05,2.6658070850493398e-05,3.0376283680040913e-05,3.751446058920316e-05,3.613536251168885e-05,3.889355866671746e-05,3.579058799231027e-05,3.923833318609604e-05,40.19398316203081,12.882266576291105,67.50569974777052,6.054337429856177,74.33362889420545,0.5825,0.5405,0.6245,0.53,0.635
550,0.11637649613799031,0.1078166761303204,0.12493631614566021,0.10567672112840291,0.1270762711475777,1.62801865148265,0.48305646084878756,2.7729808421165125,0.19681591319032193,3.059221389774978,116.89280374906957,114.53812249936163,119.24748499877751,113.94945218693465,119.8361553112045,19.630000000000003,19.422,19.838,19.37,19.89,0.15013819074799645,0.1412907568055065,0.15898562469048638,0.13907889831988401,0.16119748317610885,2.8517177265267154e-05,2.702989213344815e-05,3.0004462397086162e-05,2.6658070850493398e-05,3.0376283680040913e-05,3.751446058920316e-05,3.613536251168885e-05,3.889355866671746e-05,3.579058799231027e-05,3.923833318609604e-05,40.19398316203081,12.882266576291105,67.50569974777052,6.054337429856177,74.33362889420545,0.5825,0.5405,0.6245,0.53,0.635
555,0.11637649613799031,0.1078166761303204,0.12493631614566021,0.10567672112840291,0.1270762711475777,1.62801865148265,0.48305646084878756,2.7729808421165125,0.19681591319032193,3.059221389774978,116.94873966742307,114.68946874234825,119.20801059249789,114.12465101107955,119.77282832376659,19.630000000000003,19.422,19.838,19.37,19.89,0.15013819074799645,0.1412907568055065,0.15898562469048638,0.13907889831988401,0.16119748317610885,2.8517177265267154e-05,2.702989213344815e-05,3.0004462397086162e-05,2.6658070850493398e-05,3.0376283680040913e-05,3.751446058920316e-05,3.613536251168885e-05,3.889355866671746e-05,3.579058799231027e-05,3.923833318609604e-05,40.19398316203081,12.882266576291105,67.50569974777052,6.054337429856177,74.33362889420545,0.5825,0.5405,0.6245,0.53,0.635
560,0.11637649613799031,0.1078166761303204,0.12493631614566021,0.10567672112840291,0.1270762711475777,1.62801865148265,0.48305646084878756,2.7729808421165125,0.19681591319032193,3.059221389774978,117.4542994541116,115.48794233659282,119.42065657163039,114.99635305721313,119.91224585101008,19.630000000000003,19.422,19.838,19.37,19.89,0.15013819074799645,0.1412907568055065,0.15898562469048638,0.13907889831988401,0.16119748317610885,2.8517177265267154e-05,2.702989213344815e-05,3.0004462397086162e-05,2.6658070850493398e-05,3.0376283680040913e-05,3.751446058920316e-05,3.613536251168885e-05,3.889355866671746e-05,3.579058799231027e-05,3.923833318609604e-05,40.19398316203081,12.882266576291105,67.50569974777052,6.054337429856177,74.33362889420545,0.5825,0.5405,0.6245,0.53,0.635
565,0.11637649613799031,0.1078166761303204,0.12493631614566021,0.10567672112840291,0.1270762711475777,1.62801865148265,0.48305646084878756,2.7729808421165125,0.19681591319032193,3.059221389774978,117.57769130636007,116.0346706667915,119.12071194592863,115.64891550689936,119.50646710582078,19.630000000000003,19.422,19.838,19.37,19.89,0.15013819074799645,0.1412907568055065,0.15898562469048638,0.13907889831988401,0.16119748317610885,2.8517177265267154e-05,2.702989213344815e-05,3.0004462397086162e-05,2.6658070850493398e-05,3.0376283680040913e-05,3.751446058920316e-05,3.613536251168885e-05,3.889355866671746e-05,3.579058799231027e-05,3.923833318609604e-05,40.19398316203081,12.882266576291105,67.50569974777052,6.054337429856177,74.33362889420545,0.5825,0.5405,0.6245,0.53,0.635
570,0.11637649613799031,0.1078166761303204,0.12493631614566021,0.10567672112840291,0.1270762711475777,1.62801865148265,0.48305646084878756,2.7729808421165125,0.19681591319032193,3.059221389774978,117.77223764453083,116.29177655745298,119.25269873160869,115.92166128568351,119.62281400337815,19.630000000000003,19.422,19.838,19.37,19.89,0.15013819074799645,0.1412907568055065,0.15898562469048638,0.13907889831988401,0.16119748317610885,2.8517177265267154e-05,2.702989213344815e-05,3.0004462397086162e-05,2.6658070850493398e-05,3.0376283680040913e-05,3.751446058920316e-05,3.613536251168885e-05,3.889355866671746e-05,3.579058799231027e-05,3.923833318609604e-05,40.19398316203081,12.882266576291105,67.50569974777052,6.054337429856177,74.33362889420545,0.5825,0.5405,0.6245,0.53,0.635
575,0.11637649613799031,0.1078166761303204,0.12493631614566021,0.10567672112840291,0.1270762711475777,1.62801865148265,0.48305646084878756,2.7729808421165125,0.19681591319032193,3.059221389774978,116.84555764542893,114.94970790157095,118.7414073892869,114.47574546560645,119.2153698252514,19.630000000000003,19.422,19.838,19.37,19.89,0.15013819074799645,0.1412907568055065,0.15898562469048638,0.13907889831988401,0.16119748317610885,2.8517177265267154e-05,2.702989213344815e-05,3.0004462397086162e-05,2.6658070850493398e-05,3.0376283680040913e-05,3.751446058920316e-05,3.613536251168885e-05,3.889355866671746e-05,3.579058799231027e-05,3.923833318609604e-05,40.19398316203081,12.882266576291105,67.50569974777052,6.054337429856177,74.33362889420545,0.5825,0.5405,0.6245,0.53,0.635
580,0.11637649613799031,0.1078166761303204,0.12493631614566021,0.10567672112840291,0.1270762711475777,1.62801865148265,0.48305646084878756,2.7729808421165125,0.19681591319032193,3.059221389774978,116.93270001094788,114.97482991870493,118.89057010319084,114.48536239564419,119.38003762625158,19.630000000000003,19.422,19.838,19.37,19.89,0.15013819074799645,0.1412907568055065,0.15898562469048638,0.13907889831988401,0.16119748317610885,2.8517177265267154e-05,2.702989213344815e-05,3.0004462397086162e-05,2.6658070850493398e-05,3.0376283680040913e-05,3.751446058920316e-05,3.613536251168885e-05,3.889355866671746e-05,3.579058799231027e-05,3.923833318609604e-05,40.19398316203081,12.882266576291105,67.50569974777052,6.054337429856177,74.33362889420545,0.5825,0.5405,0.6245,0.53,0.635
585,0.11637649613799031,0.1078166761303204,0.12493631614566021,0.10567672112840291,0.1270762711475777,1.62801865148265,0.48305646084878756,2.7729808421165125,0.19681591319032193,3.059221389774978,116.26318424707279,113.6413117009215,118.88505679322407,112.98584356438369,119.54052492976189,19.630000000000003,19.422,19.838,19.37,19.89,0.15013819074799645,0.1412907568055065,0.15898562469048638,0.13907889831988401,0.16119748317610885,2.8517177265267154e-05,2.702989213344815e-05,3.0004462397086162e-05,2.6658070850493398e-05,3.0376283680040913e-05,3.751446058920316e-05,3.613536251168885e-05,3.889355866671746e-05,3.579058799231027e-05,3.923833318609604e-05,40.19398316203081,12.882266576291105,67.50569974777052,6.054337429856177,74.33362889420545,0.5825,0.5405,0.6245,0.53,0.635
590,0.11637649613799031,0.1078166761303204,0.12493631614566021,0.10567672112840291,0.1270762711475777,1.62801865148265,0.48305646084878756,2.7729808421165125,0.19681591319032193,3.059221389774978,117.48199848923832,115.77991251368076,119.18408446479589,115.35439101979136,119.60960595868528,19.630000000000003,19.422,19.838,19.37,19.89,0.15013819074799645,0.1412907568055065,0.15898562469048638,0.13907889831988401,0.16119748317610885,2.8517177265267154e-05,2.702989213344815e-05,3.0004462397086162e-05,2.6658070850493398e-05,3.0376283680040913e-05,3.751446058920316e-05,3.613536251168885e-05,3.889355866671746e-05,3.579058799231027e-05,3.923833318609604e-05,40.19398316203081,12.882266576291105,67.50569974777052,6.054337429856177,74.33362889420545,0.5825,0.5405,0.6245,0.53,0.635
595,0.11637649613799031,0.1078166761303204,0.12493631614566021,0.10567672112840291,0.1270762711475777,1.62801865148265,0.48305646084878756,2.7729808421165125,0.19681591319032193,3.059221389774978,117.6748371985741,116.19992883736268,119.14974555978552,115.83120174705982,119.51847265008837,19.630000000000003,19.422,19.838,19.37,19.89,0.15013819074799645,0.1412907568055065,0.15898562469048638,0.13907889831988401,0.16119748317610885,2.8517177265267154e-05,2.702989213344815e-05,3.0004462397086162e-05,2.6658070850493398e-05,3.0376283680040913e-05,3.751446058920316e-05,3.613536251168885e-05,3.889355866671746e-05,3.579058799231027e-05,3.923833318609604e-05,40.19398316203081,12.882266576291105,67.50569974777052,6.054337429856177,74.33362889420545,0.5825,0.5405,0.6245,0.53,0.635
600,0.11637649613799031,0.1078166761303204,0.12493631614566021,0.10567672112840291,0.1270762711475777,1.62801865148265,0.48305646084878756,2.7729808421165125,0.19681591319032193,3.059221389774978,117.601544696372,116.17828027671203,119.02480911603197,115.82246417179704,119.38062522094697,19.630000000000003,19.422,19.838,19.37,19.89,0.15013819074799645,0.1412907568055065,0.15898562469048638,0.13907889831988401,0.16119748317610885,2.8517177265267154e-05,2.702989213344815e-05,3.0004462397086162e-05,2.6658070850493398e-05,3.0376283680040913e-05,3.751446058920316e-05,3.613536251168885e-05,3.889355866671746e-05,3.579058799231027e-05,3.923833318609604e-05,40.19398316203081,12.882266576291105,67.50569974777052,6.054337429856177,74.33362889420545,0.5825,0.5405,0.6245,0.53,0.635
605,0.11637649613799031,0.1078166761303204,0.12493631614566021,0.10567672112840291,0.1270762711475777,1.62801865148265,0.48305646084878756,2.7729808421165125,0.19681591319032193,3.059221389774978,117.79314921237528,116.21030022390187,119.3759982008487,115.81458797678351,119.77171044796705,19.630000000000003,19.422,19.838,19.37,19.89,0.15013819074799645,0.1412907568055065,0.15898562469048638,0.13907889831988401,0.16119748317610885,2.8517177265267154e-05,2.702989213344815e-05,3.0004462397086162e-05,2.6658070850493398e-05,3.0376283680040913e-05,3.751446058920316e-05,3.613536251168885e-05,3.889355866671746e-05,3.579058799231027e-05,3.923833318609604e-05,40.19398316203081,12.882266576291105,67.50569974777052,6.054337429856177,74.33362889420545,0.5825,0.5405,0.6245,0.53,0.635
610,0.11637649613799031,0.1078166761303204,0.12493631614566021,0.10567672112840291,0.1270762711475777,1.62801865148265,0.48305646084878756,2.7729808421165125,0.19681591319032193,3.059221389774978,117.90328667731956,116.55152353877202,119.2550498158671,116.21358275413513,119.59299060050398,19.630000000000003,19.422,19.838,19.37,19.89,0.15013819074799645,0.1412907568055065,0.15898562469048638,0.13907889831988401,0.16119748317610885,2.8517177265267154e-05,2.702989213344815e-05,3.0004462397086162e-05,2.6658070850493398e-05,3.0376283680040913e-05,3.751446058920316e-05,3.613536251168885e-05,3.889355866671746e-05,3.579058799231027e-05,3.923833318609604e-05,40.19398316203081,12.882266576291105,67.50569974777052,6.054337429856177,74.33362889420545,0.5825,0.5405,0.6245,0.53,0.635
615,0.11637649613799031,0.1078166761303204,0.12493631614566021,0.10567672112840291,0.1270762711475777,1.62801865148265,0.48305646084878756,2.7729808421165125,0.19681591319032193,3.059221389774978,117.7248548483476,116.08737068157643,119.36233901511878,115.67799963988364,119.77171005681157,19.630000000000003,19.422,19.838,19.37,19.89,0.15013819074799645,0.1412907568055065,0.15898562469048638,0.13907889831988401,0.16119748317610885,2.8517177265267154e-05,2.702989213344815e-05,3.0004462397086162e-05,2.6658070850493398e-05,3.0376283680040913e-05,3.751446058920316e-05,3.613536251168885e-05,3.889355866671746e-05,3.579058799231027e-05,3.923833318609604e-05,40.19398316203081,12.882266576291105,67.50569974777052,6.054337429856177,74.33362889420545,0.5825,0.5405,0.6245,0.53,0.635
620,0.11637649613799031,0.1078166761303204,0.12493631614566021,0.10567672112840291,0.1270762711475777,1.62801865148265,0.48305646084878756,2.7729808421165125,0.19681591319032193,3.059221389774978,116.83222190476954,114.71082015894353,118.95362365059555,114.18046972248703,119.48397408705205,19.630000000000003,19.422,19.838,19.37,19.89,0.15013819074799645,0.1412907568055065,0.15898562469048638,0.13907889831988401,0.16119748317610885,2.8517177265267154e-05,2.702989213344815e-05,3.0004462397086162e-05,2.6658070850493398e-05,3.0376283680040913e-05,3.751446058920316e-05,3.613536251168885e-05,3.889355866671746e-05,3.579058799231027e-05,3.923833318609604e-05,40.19398316203081,12.882266576291105,67.50569974777052,6.054337429856177,74.33362889420545,0.5825,0.5405,0.6245,0.53,0.635
625,0.11637649613799031,0.1078166761303204,0.12493631614566021,0.10567672112840291,0.1270762711475777,1.62801865148265,0.48305646084878756,2.7729808421165125,0.19681591319032193,3.059221389774978,117.00524078682065,114.892658110708,119.1178234629333,114.36451244167984,119.64596913196146,19.630000000000003,19.422,19.838,19.37,19.89,0.15013819074799645,0.1412907568055065,0.15898562469048638,0.13907889831988401,0.16119748317610885,2.8517177265267154e-05,2.702989213344815e-05,3.0004462397086162e-05,2.6658070850493398e-05,3.0376283680040913e-05,3.751446058920316e-05,3.613536251168885e-05,3.889355866671746e-05,3.579058799231027e-05,3.923833318609604e-05,40.19398316203081,12.882266576291105,67.50569974777052,6.054337429856177,74.33362889420545,0.5825,0.5405,0.6245,0.53,0.635
630,0.11637649613799031,0.1078166761303204,0.12493631614566021,0.10567672112840291,0.1270762711475777,1.62801865148265,0.48305646084878756,2.7729808421165125,0.19681591319032193,3.059221389774978,116.93320494610816,114.9837631219998,118.88264677021652,114.49640266597271,119.37000722624362,19.630000000000003,19.422,19.838,19.37,19.89,0.15013819074799645,0.1412907568055065,0.15898562469048638,0.13907889831988401,0.16119748317610885,2.8517177265267154e-05,2.702989213344815e-05,3.0004462397086162e-05,2.6658070850493398e-05,3.0376283680040913e-05,3.751446058920316e-05,3.613536251168885e-05,3.889355866671746e-05,3.579058799231027e-05,3.923833318609604e-05,40.19398316203081,12.882266576291105,67.50569974777052,6.054337429856177,74.33362889420545,0.5825,0.5405,0.6245,0.53,0.635
635,0.11637649613799031,0.1078166761303204,0.12493631614566021,0.10567672112840291,0.1270762711475777,1.62801865148265,0.48305646084878756,2.7729808421165125,0.19681591319032193,3.059221389774978,116.3127712579444,114.00800137687474,118.61754113901407,113.43180890660733,119.19373360928148,19.630000000000003,19.422,19.838,19.37,19.89,0.15013819074799645,0.1412907568055065,0.15898562469048638,0.13907889831988401,0.16119748317610885,2.8517177265267154e-05,2.702989213344815e-05,3.0004462397086162e-05,2.6658070850493398e-05,3.0376283680040913e-05,3.751446058920316e-05,3.613536251168885e-05,3.889355866671746e-05,3.579058799231027e-05,3.923833318609604e-05,40.19398316203081,12.882266576291105,67.50569974777052,6.054337429856177,74.33362889420545,0.5825,0.5405,0.6245,0.53,0.635
640,0.11637649613799031,0.1078166761303204,0.12493631614566021,0.10567672112840291,0.1270762711475777,1.62801865148265,0.48305646084878756,2.7729808421165125,0.19681591319032193,3.059221389774978,116.39514973619953,114.11309372307733,118.67720574932173,113.54257971979678,119.24771975260228,19.630000000000003,19.422,19.838,19.37,19.89,0.15013819074799645,0.1412907568055065,0.15898562469048638,0.13907889831988401,0.16119748317610885,2.8517177265267154e-05,2.702989213344815e-05,3.0004462397086162e-05,2.6658070850493398e-05,3.0376283680040913e-05,3.751446058920316e-05,3.613536251168885e-05,3.889355866671746e-05,3.579058799231027e-05,3.923833318609604e-05,40.19398316203081,12.882266576291105,67.50569974777052,6.054337429856177,74.33362889420545,0.5825,0.5405,0.6245,0.53,0.635
645,0.11637649613799031,0.1078166761303204,0.12493631614566021,0.10567672112840291,0.1270762711475777,1.62801865148265,0.48305646084878756,2.7729808421165125,0.19681591319032193,3.059221389774978,117.69964415580034,114.43585811182857,120.96343019977212,113.61991160083562,121.77937671076506,19.630000000000003,19.422,19.838,19.37,19.89,0.15013819074799645,0.1412907568055065,0.15898562469048638,0.13907889831988401,0.16119748317610885,2.8517177265267154e-05,2.702989213344815e-05,3.0004462397086162e-05,2.6658070850493398e-05,3.0376283680040913e-05,3.751446058920316e-05,3.613536251168885e-05,3.889355866671746e-05,3.579058799231027e-05,3.923833318609604e-05,40.19398316203081,12.882266576291105,67.50569974777052,6.054337429856177,74.33362889420545,0.5825,0.5405,0.6245,0.53,0.635
650,0.11637649613799031,0.1078166761303204,0.12493631614566021,0.10567672112840291,0.1270762711475777,1.62801865148265,0.48305646084878756,2.7729808421165125,0.19681591319032193,3.059221389774978,117.212938235607,114.8384281839244,119.58744828728959,114.24480067100376,120.18107580021024,19.630000000000003,19.422,19.838,19.37,19.89,0.15013819074799645,0.1412907568055065,0.15898562469048638,0.13907889831988401,0.16119748317610885,2.8517177265267154e-05,2.702989213344815e-05,3.0004462397086162e-05,2.6658070850493398e-05,3.0376283680040913e-05,3.751446058920316e-05,3.613536251168885e-05,3.889355866671746e-05,3.579058799231027e-05,3.923833318609604e-05,40.19398316203081,12.882266576291105,67.50569974777052,6.054337429856177,74.33362889420545,0.5825,0.5405,0.6245,0.53,0.635
655,0.11637649613799031,0.1078166761303204,0.12493631614566021,0.10567672112840291,0.1270762711475777,1.62801865148265,0.48305646084878756,2.7729808421165125,0.19681591319032193,3.059221389774978,116.87628866173327,114.18863441608846,119.56394290737808,113.51672085467726,120.23585646878928,19.630000000000003,19.422,19.838,19.37,19.89,0.15013819074799645,0.1412907568055065,0.15898562469048638,0.13907889831988401,0.16119748317610885,2.8517177265267154e-05,2.702989213344815e-05,3.0004462397086162e-05,2.6658070850493398e-05,3.0376283680040913e-05,3.751446058920316e-05,3.613536251168885e-05,3.889355866671746e-05,3.579058799231027e-05,3.923833318609604e-05,40.19398316203081,12.882266576291105,67.50569974777052,6.054337429856177,74.33362889420545,0.5825,0.5405,0.6245,0.53,0.635
660,0.11637649613799031,0.1078166761303204,0.12493631614566021,0.10567672112840291,0.1270762711475777,1.62801865148265,0.48305646084878756,2.7729808421165125,0.19681591319032193,3.059221389774978,117.34729553572834,115.57889958284795,119.11569148860872,115.13680059462786,119.55779047682881,19.630000000000003,19.422,19.838,19.37,19.89,0.15013819074799645,0.1412907568055065,0.15898562469048638,0.13907889831988401,0.16119748317610885,2.8517177265267154e-05,2.702989213344815e-05,3.0004462397086162e-05,2.6658070850493398e-05,3.0376283680040913e-05,3.751446058920316e-05,3.613536251168885e-05,3.889355866671746e-05,3.579058799231027e-05,3.923833318609604e-05,40.19398316203081,12.882266576291105,67.50569974777052,6.054337429856177,74.33362889420545,0.5825,0.5405,0.6245,0.53,0.635
665,0.11637649613799031,0.1078166761303204,0.12493631614566021,0.10567672112840291,0.1270762711475777,1.62801865148265,0.48305646084878756,2.7729808421165125,0.19681591319032193,3.059221389774978,117.23601524485275,115.54668171843514,118.92534877127036,115.12434833683074,119.34768215287477,19.630000000000003,19.422,19.838,19.37,19.89,0.15013819074799645,0.1412907568055065,0.15898562469048638,0.13907889831988401,0.16119748317610885,2.8517177265267154e-05,2.702989213344815e-05,3.0004462397086162e-05,2.6658070850493398e-05,3.0376283680040913e-05,3.751446058920316e-05,3.613536251168885e-05,3.889355866671746e-05,3.579058799231027e-05,3.923833318609604e-05,40.19398316203081,12.882266576291105,67.50569974777052,6.054337429856177,74.33362889420545,0.5825,0.5405,0.6245,0.53,0.635
670,0.11637649613799031,0.1078166761303204,0.12493631614566021,0.10567672112840291,0.1270762711475777,1.62801865148265,0.48305646084878756,2.7729808421165125,0.19681591319032193,3.059221389774978,117.84199818968773,116.66797405481339,119.01602232456207,116.3744680210948,119.30952835828066,19.630000000000003,19.422,19.838,19.37,19.89,0.15013819074799645,0.1412907568055065,0.15898562469048638,0.13907889831988401,0.16119748317610885,2.8517177265267154e-05,2.702989213344815e-05,3.0004462397086162e-05,2.6658070850493398e-05,3.0376283680040913e-05,3.751446058920316e-05,3.613536251168885e-05,3.889355866671746e-05,3.579058799231027e-05,3.923833318609604e-05,40.19398316203081,12.882266576291105,67.50569974777052,6.054337429856177,74.33362889420545,0.5825,0.5405,0.6245,0.53,0.635
675,0.11637649613799031,0.1078166761303204,0.12493631614566021,0.10567672112840291,0.1270762711475777,1.62801865148265,0.48305646084878756,2.7729808421165125,0.19681591319032193,3.059221389774978,117.86408741725609,116.69802728435025,119.03014755016193,116.40651225112379,119.32166258338839,19.630000000000003,19.422,19.838,19.37,19.89,0.15013819074799645,0.1412907568055065,0.15898562469048638,0.13907889831988401,0.16119748317610885,2.8517177265267154e-05,2.702989213344815e-05,3.0004462397086162e-05,2.6658070850493398e-05,3.0376283680040913e-05,3.751446058920316e-05,3.613536251168885e-05,3.889355866671746e-05,3.579058799231027e-05,3.923833318609604e-05,40.19398316203081,12.882266576291105,67.50569974777052,6.054337429856177,74.33362889420545,0.5825,0.5405,0.6245,0.53,0.635
680,0.11637649613799031,0.1078166761303204,0.12493631614566021,0.10567672112840291,0.1270762711475777,1.62801865148265,0.48305646084878756,2.7729808421165125,0.19681591319032193,3.059221389774978,117.97483654692769,116.69393455982208,119.2557385340333,116.37370906304568,119.5759640308097,19.630000000000003,19.422,19.838,19.37,19.89,0.15013819074799645,0.1412907568055065,0.15898562469048638,0.13907889831988401,0.16119748317610885,2.8517177265267154e-05,2.702989213344815e-05,3.0004462397086162e-05,2.6658070850493398e-05,3.0376283680040913e-05,3.751446058920316e-05,3.613536251168885e-05,3.889355866671746e-05,3.579058799231027e-05,3.923833318609604e-05,40.19398316203081,12.882266576291105,67.50569974777052,6.054337429856177,74.33362889420545,0.5825,0.5405,0.6245,0.53,0.635
685,0.11637649613799031,0.1078166761303204,0.12493631614566021,0.10567672112840291,0.1270762711475777,1.62801865148265,0.48305646084878756,2.7729808421165125,0.19681591319032193,3.059221389774978,124.28028544876724,120.31642193067819,128.2441489668563,119.32545605115592,129.23511484637856,19.630000000000003,19.422,19.838,19.37,19.89,0.15013819074799645,0.1412907568055065,0.15898562469048638,0.13907889831988401,0.16119748317610885,2.8517177265267154e-05,2.702989213344815e-05,3.0004462397086162e-05,2.6658070850493398e-05,3.0376283680040913e-05,3.751446058920316e-05,3.613536251168885e-05,3.889355866671746e-05,3.579058799231027e-05,3.923833318609604e-05,40.19398316203081,12.882266576291105,67.50569974777052,6.054337429856177,74.33362889420545,0.5825,0.5405,0.6245,0.53,0.635
690,0.11637649613799031,0.1078166761303204,0.12493631614566021,0.10567672112840291,0.1270762711475777,1.62801865148265,0.48305646084878756,2.7729808421165125,0.19681591319032193,3.059221389774978,121.15131015889347,119.57045998983085,122.73216032795608,119.1752474475652,123.12737287022173,19.630000000000003,19.422,19.838,19.37,19.89,0.15013819074799645,0.1412907568055065,0.15898562469048638,0.13907889831988401,0.16119748317610885,2.8517177265267154e-05,2.702989213344815e-05,3.0004462397086162e-05,2.6658070850493398e-05,3.0376283680040913e-05,3.751446058920316e-05,3.613536251168885e-05,3.889355866671746e-05,3.579058799231027e-05,3.923833318609604e-05,40.19398316203081,12.882266576291105,67.50569974777052,6.054337429856177,74.33362889420545,0.5825,0.5405,0.6245,0.53,0.635
695,0.11637649613799031,0.1078166761303204,0.12493631614566021,0.10567672112840291,0.1270762711475777,1.62801865148265,0.48305646084878756,2.7729808421165125,0.19681591319032193,3.059221389774978,116.16544308606535,113.74222950730473,118.58865666482598,113.13642611261457,119.19446005951613,19.630000000000003,19.422,19.838,19.37,19.89,0.15013819074799645,0.1412907568055065,0.15898562469048638,0.13907889831988401,0.16119748317610885,2.8517177265267154e-05,2.702989213344815e-05,3.0004462397086162e-05,2.6658070850493398e-05,3.0376283680040913e-05,3.751446058920316e-05,3.613536251168885e-05,3.889355866671746e-05,3.579058799231027e-05,3.923833318609604e-05,40.19398316203081,12.882266576291105,67.50569974777052,6.054337429856177,74.33362889420545,0.5825,0.5405,0.6245,0.53,0.635
700,0.11637649613799031,0.1078166761303204,0.12493631614566021,0.10567672112840291,0.1270762711475777,1.62801865148265,0.48305646084878756,2.7729808421165125,0.19681591319032193,3.059221389774978,117.43251241743565,115.93580853939056,118.92921629548073,115.5616325698793,119.303392264992,19.630000000000003,19.422,19.838,19.37,19.89,0.15013819074799645,0.1412907568055065,0.15898562469048638,0.13907889831988401,0.16119748317610885,2.8517177265267154e-05,2.702989213344815e-05,3.0004462397086162e-05,2.6658070850493398e-05,3.0376283680040913e-05,3.751446058920316e-05,3.613536251168885e-05,3.889355866671746e-05,3.579058799231027e-05,3.923833318609604e-05,40.19398316203081,12.882266576291105,67.50569974777052,6.054337429856177,74.33362889420545,0.5825,0.5405,0.6245,0.53,0.635
705,0.11637649613799031,0.1078166761303204,0.12493631614566021,0.10567672112840291,0.1270762711475777,1.62801865148265,0.48305646084878756,2.7729808421165125,0.19681591319032193,3.059221389774978,120.49648666288704,119.54894279222935,121.44403053354472,119.31205682456493,121.68091650120914,19.630000000000003,19.422,19.838,19.37,19.89,0.15013819074799645,0.1412907568055065,0.15898562469048638,0.13907889831988401,0.16119748317610885,2.8517177265267154e-05,2.702989213344815e-05,3.0004462397086162e-05,2.6658070850493398e-05,3.0376283680040913e-05,3.751446058920316e-05,3.613536251168885e-05,3.889355866671746e-05,3.579058799231027e-05,3.923833318609604e-05,40.19398316203081,12.882266576291105,67.50569974777052,6.054337429856177,74.33362889420545,0.5825,0.5405,0.6245,0.53,0.635
710,0.11637649613799031,0.1078166761303204,0.12493631614566021,0.10567672112840291,0.1270762711475777,1.62801865148265,0.48305646084878756,2.7729808421165125,0.19681591319032193,3.059221389774978,127.55905252182856,121.0498559367843,134.06824910687283,119.42255679052323,135.6955482531339,19.630000000000003,19.422,19.838,19.37,19.89,0.15013819074799645,0.1412907568055065,0.15898562469048638,0.13907889831988401,0.16119748317610885,2.8517177265267154e-05,2.702989213344815e-05,3.0004462397086162e-05,2.6658070850493398e-05,3.0376283680040913e-05,3.751446058920316e-05,3.613536251168885e-05,3.889355866671746e-05,3.579058799231027e-05,3.923833318609604e-05,40.19398316203081,12.882266576291105,67.50569974777052,6.054337429856177,74.33362889420545,0.5825,0.5405,0.6245,0.53,0.635
715,0.11637649613799031,0.1078166761303204,0.12493631614566021,0.10567672112840291,0.1270762711475777,1.62801865148265,0.48305646084878756,2.7729808421165125,0.19681591319032193,3.059221389774978,138.66309717530385,123.11149755166844,154.21469679893926,119.22359764575958,158.1025967048481,19.630000000000003,19.422,19.838,19.37,19.89,0.15013819074799645,0.1412907568055065,0.15898562469048638,0.13907889831988401,0.16119748317610885,2.8517177265267154e-05,2.702989213344815e-05,3.0004462397086162e-05,2.6658070850493398e-05,3.0376283680040913e-05,3.751446058920316e-05,3.613536251168885e-05,3.889355866671746e-05,3.579058799231027e-05,3.923833318609604e-05,40.19398316203081,12.882266576291105,67.50569974777052,6.054337429856177,74.33362889420545,0.5825,0.5405,0.6245,0.53,0.635
720,0.11637649613799031,0.1078166761303204,0.12493631614566021,0.10567672112840291,0.1270762711475777,1.62801865148265,0.48305646084878756,2.7729808421165125,0.19681591319032193,3.059221389774978,135.40075685363263,122.5776900043711,148.22382370289415,119.37192329205573,151.42959041520953,19.630000000000003,19.422,19.838,19.37,19.89,0.15013819074799645,0.1412907568055065,0.15898562469048638,0.13907889831988401,0.16119748317610885,2.8517177265267154e-05,2.702989213344815e-05,3.0004462397086162e-05,2.6658070850493398e-05,3.0376283680040913e-05,3.751446058920316e-05,3.613536251168885e-05,3.889355866671746e-05,3.579058799231027e-05,3.923833318609604e-05,40.19398316203081,12.882266576291105,67.50569974777052,6.054337429856177,74.33362889420545,0.5825,0.5405,0.6245,0.53,0.635
725,0.11637649613799031,0.1078166761303204,0.12493631614566021,0.10567672112840291,0.1270762711475777,1.62801865148265,0.48305646084878756,2.7729808421165125,0.19681591319032193,3.059221389774978,139.65070966631174,123.55635122582316,155.74506810680032,119.53276161570102,159.76865771692246,19.630000000000003,19.422,19.838,19.37,19.89,0.15013819074799645,0.1412907568055065,0.15898562469048638,0.13907889831988401,0.16119748317610885,2.8517177265267154e-05,2.702989213344815e-05,3.0004462397086162e-05,2.6658070850493398e-05,3.0376283680040913e-05,3.751446058920316e-05,3.613536251168885e-05,3.889355866671746e-05,3.579058799231027e-05,3.923833318609604e-05,40.19398316203081,12.882266576291105,67.50569974777052,6.054337429856177,74.33362889420545,0.5825,0.5405,0.6245,0.53,0.635
730,0.11637649613799031,0.1078166761303204,0.12493631614566021,0.10567672112840291,0.1270762711475777,1.62801865148265,0.48305646084878756,2.7729808421165125,0.19681591319032193,3.059221389774978,134.0214931825176,122.3044515484944,145.73853481654078,119.3751911399886,148.66779522504658,19.630000000000003,19.422,19.838,19.37,19.89,0.15013819074799645,0.1412907568055065,0.15898562469048638,0.13907889831988401,0.16119748317610885,2.8517177265267154e-05,2.702989213344815e-05,3.0004462397086162e-05,2.6658070850493398e-05,3.0376283680040913e-05,3.751446058920316e-05,3.613536251168885e-05,3.889355866671746e-05,3.579058799231027e-05,3.923833318609604e-05,40.19398316203081,12.882266576291105,67.50569974777052,6.054337429856177,74.33362889420545,0.5825,0.5405,0.6245,0.53,0.635
735,0.11637649613799031,0.1078166761303204,0.12493631614566021,0.10567672112840291,0.1270762711475777,1.62801865148265,0.48305646084878756,2.7729808421165125,0.19681591319032193,3.059221389774978,136.85048426501453,122.89567966200411,150.80528886802495,119.40697851125151,154.29399001877755,19.630000000000003,19.422,19.838,19.37,19.89,0.15013819074799645,0.1412907568055065,0.15898562469048638,0.13907889831988401,0.16119748317610885,2.8517177265267154e-05,2.702989213344815e-05,3.0004462397086162e-05,2.6658070850493398e-05,3.0376283680040913e-05,3.751446058920316e-05,3.613536251168885e-05,3.889355866671746e-05,3.579058799231027e-05,3.923833318609604e-05,40.19398316203081,12.882266576291105,67.50569974777052,6.054337429856177,74.33362889420545,0.5825,0.5405,0.6245,0.53,0.635
740,0.11637649613799031,0.1078166761303204,0.12493631614566021,0.10567672112840291,0.1270762711475777,1.62801865148265,0.48305646084878756,2.7729808421165125,0.19681591319032193,3.059221389774978,134.2954377597198,122.30126397591084,146.28961154352874,119.3027205299586,149.28815498948097,19.630000000000003,19.422,19.838,19.37,19.89,0.15013819074799645,0.1412907568055065,0.15898562469048638,0.13907889831988401,0.16119748317610885,2.8517177265267154e-05,2.702989213344815e-05,3.0004462397086162e-05,2.6658070850493398e-05,3.0376283680040913e-05,3.751446058920316e-05,3.613536251168885e-05,3.889355866671746e-05,3.579058799231027e-05,3.923833318609604e-05,40.19398316203081,12.882266576291105,67.50569974777052,6.054337429856177,74.33362889420545,0.5825,0.5405,0.6245,0.53,0.635
745,0.11637649613799031,0.1078166761303204,0.12493631614566021,0.10567672112840291,0.1270762711475777,1.62801865148265,0.48305646084878756,2.7729808421165125,0.19681591319032193,3.059221389774978,134.59497417556122,122.34115189919248,146.84879645192996,119.2776963301003,149.91225202102214,19.630000000000003,19.422,19.838,19.37,19.89,0.15013819074799645,0.1412907568055065,0.15898562469048638,0.13907889831988401,0.16119748317610885,2.8517177265267154e-05,2.702989213344815e-05,3.0004462397086162e-05,2.6658070850493398e-05,3.0376283680040913e-05,3.751446058920316e-05,3.613536251168885e-05,3.889355866671746e-05,3.579058799231027e-05,3.923833318609604e-05,40.19398316203081,12.882266576291105,67.50569974777052,6.054337429856177,74.33362889420545,0.5825,0.5405,0.6245,0.53,0.635
750,0.11637649613799031,0.1078166761303204,0.12493631614566021,0.10567672112840291,0.1270762711475777,1.62801865148265,0.48305646084878756,2.7729808421165125,0.19681591319032193,3.059221389774978,134.53706978820264,122.26244069077075,146.81169888563454,119.19378341641277,149.88035615999252,19.630000000000003,19.422,19.838,19.37,19.89,0.15013819074799645,0.1412907568055065,0.15898562469048638,0.13907889831988401,0.16119748317610885,2.8517177265267154e-05,2.702989213344815e-05,3.0004462397086162e-05,2.6658070850493398e-05,3.0376283680040913e-05,3.751446058920316e-05,3.613536251168885e-05,3.889355866671746e-05,3.579058799231027e-05,3.923833318609604e-05,40.19398316203081,12.882266576291105,67.50569974777052,6.054337429856177,74.33362889420545,0.5825,0.5405,0.6245,0.53,0.635
755,0.11637649613799031,0.1078166761303204,0.12493631614566021,0.10567672112840291,0.1270762711475777,1.62801865148265,0.48305646084878756,2.7729808421165125,0.19681591319032193,3.059221389774978,138.2215851987712,122.99282285710797,153.45034754043445,119.18563227169216,157.25753812585026,19.630000000000003,19.422,19.838,19.37,19.89,0.15013819074799645,0.1412907568055065,0.15898562469048638,0.13907889831988401,0.16119748317610885,2.8517177265267154e-05,2.702989213344815e-05,3.0004462397086162e-05,2.6658070850493398e-05,3.0376283680040913e-05,3.751446058920316e-05,3.613536251168885e-05,3.889355866671746e-05,3.579058799231027e-05,3.923833318609604e-05,40.19398316203081,12.882266576291105,67.50569974777052,6.054337429856177,74.33362889420545,0.5825,0.5405,0.6245,0.53,0.635
760,0.11637649613799031,0.1078166761303204,0.12493631614566021,0.10567672112840291,0.1270762711475777,1.62801865148265,0.48305646084878756,2.7729808421165125,0.19681591319032193,3.059221389774978,140.46439283294603,123.41754644131288,157.51123922457919,119.15583484340459,161.77295082248747,19.630000000000003,19.422,19.838,19.37,19.89,0.15013819074799645,0.1412907568055065,0.15898562469048638,0.13907889831988401,0.16119748317610885,2.8517177265267154e-05,2.702989213344815e-05,3.0004462397086162e-05,2.6658070850493398e-05,3.0376283680040913e-05,3.751446058920316e-05,3.613536251168885e-05,3.889355866671746e-05,3.579058799231027e-05,3.923833318609604e-05,40.19398316203081,12.882266576291105,67.50569974777052,6.054337429856177,74.33362889420545,0.5825,0.5405,0.6245,0.53,0.635
765,0.11637649613799031,0.1078166761303204,0.12493631614566021,0.10567672112840291,0.1270762711475777,1.62801865148265,0.48305646084878756,2.7729808421165125,0.19681591319032193,3.059221389774978,137.23284562584013,122.67188365291804,151.7938075987622,119.03164315968752,155.43404809199274,19.630000000000003,19.422,19.838,19.37,19.89,0.15013819074799645,0.1412907568055065,0.15898562469048638,0.13907889831988401,0.16119748317610885,2.8517177265267154e-05,2.702989213344815e-05,3.0004462397086162e-05,2.6658070850493398e-05,3.0376283680040913e-05,3.751446058920316e-05,3.613536251168885e-05,3.889355866671746e-05,3.579058799231027e-05,3.923833318609604e-05,40.19398316203081,12.882266576291105,67.50569974777052,6.054337429856177,74.33362889420545,0.5825,0.5405,0.6245,0.53,0.635
770,0.11637649613799031,0.1078166761303204,0.12493631614566021,0.10567672112840291,0.1270762711475777,1.62801865148265,0.48305646084878756,2.7729808421165125,0.19681591319032193,3.059221389774978,135.0165910460055,122.2343955412507,147.79878655076027,119.03884666506201,150.99433542694896,19.630000000000003,19.422,19.838,19.37,19.89,0.15013819074799645,0.1412907568055065,0.15898562469048638,0.13907889831988401,0.16119748317610885,2.8517177265267154e-05,2.702989213344815e-05,3.0004462397086162e-05,2.6658070850493398e-05,3.0376283680040913e-05,3.751446058920316e-05,3.613536251168885e-05,3.889355866671746e-05,3.579058799231027e-05,3.923833318609604e-05,40.19398316203081,12.882266576291105,67.50569974777052,6.054337429856177,74.33362889420545,0.5825,0.5405,0.6245,0.53,0.635
775,0.11637649613799031,0.1078166761303204,0.12493631614566021,0.10567672112840291,0.1270762711475777,1.62801865148265,0.48305646084878756,2.7729808421165125,0.19681591319032193,3.059221389774978,130.74361352948472,121.56840327894315,139.9188237800263,119.27460071630776,142.21262634266168,19.630000000000003,19.422,19.838,19.37,19.89,0.15013819074799645,0.1412907568055065,0.15898562469048638,0.13907889831988401,0.16119748317610885,2.8517177265267154e-05,2.702989213344815e-05,3.0004462397086162e-05,2.6658070850493398e-05,3.0376283680040913e-05,3.751446058920316e-05,3.613536251168885e-05,3.889355866671746e-05,3.579058799231027e-05,3.923833318609604e-05,40.19398316203081,12.882266576291105,67.50569974777052,6.054337429856177,74.33362889420545,0.5825,0.5405,0.6245,0.53,0.635
780,0.11637649613799031,0.1078166761303204,0.12493631614566021,0.10567672112840291,0.1270762711475777,1.62801865148265,0.48305646084878756,2.7729808421165125,0.19681591319032193,3.059221389774978,142.20551472855732,123.79220338305458,160.61882607406005,119.1888755466789,165.22215391043574,19.630000000000003,19.422,19.838,19.37,19.89,0.15013819074799645,0.1412907568055065,0.15898562469048638,0.13907889831988401,0.16119748317610885,2.8517177265267154e-05,2.702989213344815e-05,3.0004462397086162e-05,2.6658070850493398e-05,3.0376283680040913e-05,3.751446058920316e-05,3.613536251168885e-05,3.889355866671746e-05,3.579058799231027e-05,3.923833318609604e-05,40.19398316203081,12.882266576291105,67.50569974777052,6.054337429856177,74.33362889420545,0.5825,0.5405,0.6245,0.53,0.635
785,0.11637649613799031,0.1078166761303204,0.12493631614566021,0.10567672112840291,0.1270762711475777,1.62801865148265,0.48305646084878756,2.7729808421165125,0.19681591319032193,3.059221389774978,141.14877350628376,123.64962477609515,158.64792223647237,119.274837593548,163.02270941901952,19.630000000000003,19.422,19.838,19.37,19.89,0.15013819074799645,0.1412907568055065,0.15898562469048638,0.13907889831988401,0.16119748317610885,2.8517177265267154e-05,2.702989213344815e-05,3.0004462397086162e-05,2.6658070850493398e-05,3.0376283680040913e-05,3.751446058920316e-05,3.613536251168885e-05,3.889355866671746e-05,3.579058799231027e-05,3.923833318609604e-05,40.19398316203081,12.882266576291105,67.50569974777052,6.054337429856177,74.33362889420545,0.5825,0.5405,0.6245,0.53,0.635
790,0.11637649613799031,0.1078166761303204,0.12493631614566021,0.10567672112840291,0.1270762711475777,1.62801865148265,0.48305646084878756,2.7729808421165125,0.19681591319032193,3.059221389774978,134.44632954197004,122.2618767642416,146.63078231969848,119.2157635698095,149.6768955141306,19.630000000000003,19.422,19.838,19.37,19.89,0.15013819074799645,0.1412907568055065,0.15898562469048638,0.13907889831988401,0.16119748317610885,2.8517177265267154e-05,2.702989213344815e-05,3.0004462397086162e-05,2.6658070850493398e-05,3.0376283680040913e-05,3.751446058920316e-05,3.613536251168885e-05,3.889355866671746e-05,3.579058799231027e-05,3.923833318609604e-05,40.19398316203081,12.882266576291105,67.50569974777052,6.054337429856177,74.33362889420545,0.5825,0.5405,0.6245,0.53,0.635
795,0.11637649613799031,0.1078166761303204,0.12493631614566021,0.10567672112840291,0.1270762711475777,1.62801865148265,0.48305646084878756,2.7729808421165125,0.19681591319032193,3.059221389774978,137.93924611061811,123.1005163565278,152.77797586470842,119.39083391800523,156.487658303231,19.630000000000003,19.422,19.838,19.37,19.89,0.15013819074799645,0.1412907568055065,0.15898562469048638,0.13907889831988401,0.16119748317610885,2.8517177265267154e-05,2.702989213344815e-05,3.0004462397086162e-05,2.6658070850493398e-05,3.0376283680040913e-05,3.751446058920316e-05,3.613536251168885e-05,3.889355866671746e-05,3.579058799231027e-05,3.923833318609604e-05,40.19398316203081,12.882266576291105,67.50569974777052,6.054337429856177,74.33362889420545,0.5825,0.5405,0.6245,0.53,0.635
800,0.11637649613799031,0.1078166761303204,0.12493631614566021,0.10567672112840291,0.1270762711475777,1.62801865148265,0.48305646084878756,2.7729808421165125,0.19681591319032193,3.059221389774978,135.19385382533073,122.41730204969645,147.97040560096502,119.22316410578787,151.1645435448736,19.630000000000003,19.422,19.838,19.37,19.89,0.15013819074799645,0.1412907568055065,0.15898562469048638,0.13907889831988401,0.16119748317610885,2.8517177265267154e-05,2.702989213344815e-05,3.0004462397086162e-05,2.6658070850493398e-05,3.0376283680040913e-05,3.751446058920316e-05,3.613536251168885e-05,3.889355866671746e-05,3.579058799231027e-05,3.923833318609604e-05,40.19398316203081,12.882266576291105,67.50569974777052,6.054337429856177,74.33362889420545,0.5825,0.5405,0.6245,0.53,0.635
805,0.11637649613799031,0.1078166761303204,0.12493631614566021,0.10567672112840291,0.1270762711475777,1.62801865148265,0.48305646084878756,2.7729808421165125,0.19681591319032193,3.059221389774978,136.17403632262722,122.99572726013139,149.35234538512304,119.70114999450743,152.646922650747,19.630000000000003,19.422,19.838,19.37,19.89,0.15013819074799645,0.1412907568055065,0.15898562469048638,0.13907889831988401,0.16119748317610885,2.8517177265267154e-05,2.702989213344815e-05,3.0004462397086162e-05,2.6658070850493398e-05,3.0376283680040913e-05,3.751446058920316e-05,3.613536251168885e-05,3.889355866671746e-05,3.579058799231027e-05,3.923833318609604e-05,40.19398316203081,12.882266576291105,67.50569974777052,6.054337429856177,74.33362889420545,0.5825,0.5405,0.6245,0.53,0.635
810,0.11637649613799031,0.1078166761303204,0.12493631614566021,0.10567672112840291,0.1270762711475777,1.62801865148265,0.48305646084878756,2.7729808421165125,0.19681591319032193,3.059221389774978,131.99891628930345,121.868893512059,142.1289390665479,119.33638781774789,144.661444760859,19.630000000000003,19.422,19.838,19.37,19.89,0.15013819074799645,0.1412907568055065,0.15898562469048638,0.13907889831988401,0.16119748317610885,2.8517177265267154e-05,2.702989213344815e-05,3.0004462397086162e-05,2.6658070850493398e-05,3.0376283680040913e-05,3.751446058920316e-05,3.613536251168885e-05,3.889355866671746e-05,3.579058799231027e-05,3.923833318609604e-05,40.19398316203081,12.882266576291105,67.50569974777052,6.054337429856177,74.33362889420545,0.5825,0.5405,0.6245,0.53,0.635
815,0.11637649613799031,0.1078166761303204,0.12493631614566021,0.10567672112840291,0.1270762711475777,1.62801865148265,0.48305646084878756,2.7729808421165125,0.19681591319032193,3.059221389774978,130.70915250573307,121.40179935935885,140.0165056521073,119.07496107276529,142.34334393870085,19.630000000000003,19.422,19.838,19.37,19.89,0.15013819074799645,0.1412907568055065,0.15898562469048638,0.13907889831988401,0.16119748317610885,2.8517177265267154e-05,2.702989213344815e-05,3.0004462397086162e-05,2.6658070850493398e-05,3.0376283680040913e-05,3.751446058920316e-05,3.613536251168885e-05,3.889355866671746e-05,3.579058799231027e-05,3.923833318609604e-05,40.19398316203081,12.882266576291105,67.50569974777052,6.054337429856177,74.33362889420545,0.5825,0.5405,0.6245,0.53,0.635
820,0.11637649613799031,0.1078166761303204,0.12493631614566021,0.10567672112840291,0.1270762711475777,1.62801865148265,0.48305646084878756,2.7729808421165125,0.19681591319032193,3.059221389774978,138.34402860607952,125.2317855535075,151.45627165865153,121.9537247903645,154.73433242179453,19.630000000000003,19.422,19.838,19.37,19.89,0.15013819074799645,0.1412907568055065,0.15898562469048638,0.13907889831988401,0.16119748317610885,2.8517177265267154e-05,2.702989213344815e-05,3.0004462397086162e-05,2.6658070850493398e-05,3.0376283680040913e-05,3.751446058920316e-05,3.613536251168885e-05,3.889355866671746e-05,3.579058799231027e-05,3.923833318609604e-05,40.19398316203081,12.882266576291105,67.50569974777052,6.054337429856177,74.33362889420545,0.5825,0.5405,0.6245,0.53,0.635
825,0.11637649613799031,0.1078166761303204,0.12493631614566021,0.10567672112840291,0.1270762711475777,1.62801865148265,0.48305646084878756,2.7729808421165125,0.19681591319032193,3.059221389774978,149.65094472514465,146.353145273868,152.94874417642131,145.52869541104883,153.77319403924048,19.630000000000003,19.422,19.838,19.37,19.89,0.15013819074799645,0.1412907568055065,0.15898562469048638,0.13907889831988401,0.16119748317610885,2.8517177265267154e-05,2.702989213344815e-05,3.0004462397086162e-05,2.6658070850493398e-05,3.0376283680040913e-05,3.751446058920316e-05,3.613536251168885e-05,3.889355866671746e-05,3.579058799231027e-05,3.923833318609604e-05,40.19398316203081,12.882266576291105,67.50569974777052,6.054337429856177,74.33362889420545,0.5825,0.5405,0.6245,0.53,0.635
830,0.11637649613799031,0.1078166761303204,0.12493631614566021,0.10567672112840291,0.1270762711475777,1.62801865148265,0.48305646084878756,2.7729808421165125,0.19681591319032193,3.059221389774978,157.9742682678625,146.93260965775698,169.015926877968,144.1721950052306,171.7763415304944,19.630000000000003,19.422,19.838,19.37,19.89,0.15013819074799645,0.1412907568055065,0.15898562469048638,0.13907889831988401,0.16119748317610885,2.8517177265267154e-05,2.702989213344815e-05,3.0004462397086162e-05,2.6658070850493398e-05,3.0376283680040913e-05,3.751446058920316e-05,3.613536251168885e-05,3.889355866671746e-05,3.579058799231027e-05,3.923833318609604e-05,40.19398316203081,12.882266576291105,67.50569974777052,6.054337429856177,74.33362889420545,0.5825,0.5405,0.6245,0.53,0.635
835,0.11637649613799031,0.1078166761303204,0.12493631614566021,0.10567672112840291,0.1270762711475777,1.62801865148265,0.48305646084878756,2.7729808421165125,0.19681591319032193,3.059221389774978,162.22320096567273,152.20857586711645,172.237826064229,149.70491959247738,174.74148233886808,19.630000000000003,19.422,19.838,19.37,19.89,0.15013819074799645,0.1412907568055065,0.15898562469048638,0.13907889831988401,0.16119748317610885,2.8517177265267154e-05,2.702989213344815e-05,3.0004462397086162e-05,2.6658070850493398e-05,3.0376283680040913e-05,3.751446058920316e-05,3.613536251168885e-05,3.889355866671746e-05,3.579058799231027e-05,3.923833318609604e-05,40.19398316203081,12.882266576291105,67.50569974777052,6.054337429856177,74.33362889420545,0.5825,0.5405,0.6245,0.53,0.635
840,0.11637649613799031,0.1078166761303204,0.12493631614566021,0.10567672112840291,0.1270762711475777,1.62801865148265,0.48305646084878756,2.7729808421165125,0.19681591319032193,3.059221389774978,163.32349374657497,151.18828472448513,175.4587027686648,148.15448246896267,178.49250502418727,19.630000000000003,19.422,19.838,19.37,19.89,0.15013819074799645,0.1412907568055065,0.15898562469048638,0.13907889831988401,0.16119748317610885,2.8517177265267154e-05,2.702989213344815e-05,3.0004462397086162e-05,2.6658070850493398e-05,3.0376283680040913e-05,3.751446058920316e-05,3.613536251168885e-05,3.889355866671746e-05,3.579058799231027e-05,3.923833318609604e-05,40.19398316203081,12.882266576291105,67.50569974777052,6.054337429856177,74.33362889420545,0.5825,0.5405,0.6245,0.53,0.635
845,0.11637649613799031,0.1078166761303204,0.12493631614566021,0.10567672112840291,0.1270762711475777,1.62801865148265,0.48305646084878756,2.7729808421165125,0.19681591319032193,3.059221389774978,175.08033827878535,173.67576769180596,176.48490886576474,173.3246250450611,176.83605151250958,19.630000000000003,19.422,19.838,19.37,19.89,0.15013819074799645,0.1412907568055065,0.15898562469048638,0.13907889831988401,0.16119748317610885,2.8517177265267154e-05,2.702989213344815e-05,3.0004462397086162e-05,2.6658070850493398e-05,3.0376283680040913e-05,3.751446058920316e-05,3.613536251168885e-05,3.889355866671746e-05,3.579058799231027e-05,3.923833318609604e-05,40.19398316203081,12.882266576291105,67.50569974777052,6.054337429856177,74.33362889420545,0.5825,0.5405,0.6245,0.53,0.635
850,0.11637649613799031,0.1078166761303204,0.12493631614566021,0.10567672112840291,0.1270762711475777,1.62801865148265,0.48305646084878756,2.7729808421165125,0.19681591319032193,3.059221389774978,163.32350120414048,162.63480264414102,164.01219976413995,162.46262800414115,164.18437440413982,19.630000000000003,19.422,19.838,19.37,19.89,0.15013819074799645,0.1412907568055065,0.15898562469048638,0.13907889831988401,0.16119748317610885,2.8517177265267154e-05,2.702989213344815e-05,3.0004462397086162e-05,2.6658070850493398e-05,3.0376283680040913e-05,3.751446058920316e-05,3.613536251168885e-05,3.889355866671746e-05,3.579058799231027e-05,3.923833318609604e-05,40.19398316203081,12.882266576291105,67.50569974777052,6.054337429856177,74.33362889420545,0.5825,0.5405,0.6245,0.53,0.635
855,0.11637649613799031,0.1078166761303204,0.12493631614566021,0.10567672112840291,0.1270762711475777,1.62801865148265,0.48305646084878756,2.7729808421165125,0.19681591319032193,3.059221389774978,156.0489555611275,152.61599221406505,159.48191890818998,151.75775137729943,160.3401597449556,19.630000000000003,19.422,19.838,19.37,19.89,0.15013819074799645,0.1412907568055065,0.15898562469048638,0.13907889831988401,0.16119748317610885,2.8517177265267154e-05,2.702989213344815e-05,3.0004462397086162e-05,2.6658070850493398e-05,3.0376283680040913e-05,3.751446058920316e-05,3.613536251168885e-05,3.889355866671746e-05,3.579058799231027e-05,3.923833318609604e-05,40.19398316203081,12.882266576291105,67.50569974777052,6.054337429856177,74.33362889420545,0.5825,0.5405,0.6245,0.53,0.635
860,0.11637649613799031,0.1078166761303204,0.12493631614566021,0.10567672112840291,0.1270762711475777,1.62801865148265,0.48305646084878756,2.7729808421165125,0.19681591319032193,3.059221389774978,164.04795345384628,163.89676997531205,164.1991369323805,163.8589741056785,164.23693280201405,19.630000000000003,19.422,19.838,19.37,19.89,0.15013819074799645,0.1412907568055065,0.15898562469048638,0.13907889831988401,0.16119748317610885,2.8517177265267154e-05,2.702989213344815e-05,3.0004462397086162e-05,2.6658070850493398e-05,3.0376283680040913e-05,3.751446058920316e-05,3.613536251168885e-05,3.889355866671746e-05,3.579058799231027e-05,3.923833318609604e-05,40.19398316203081,12.882266576291105,67.50569974777052,6.054337429856177,74.33362889420545,0.5825,0.5405,0.6245,0.53,0.635
865,0.11637649613799031,0.1078166761303204,0.12493631614566021,0.10567672112840291,0.1270762711475777,1.62801865148265,0.48305646084878756,2.7729808421165125,0.19681591319032193,3.059221389774978,165.61955582816154,153.11915602628142,178.11995563004166,149.9940560758114,181.2450555805117,19.630000000000003,19.422,19.838,19.37,19.89,0.15013819074799645,0.1412907568055065,0.15898562469048638,0.13907889831988401,0.16119748317610885,2.8517177265267154e-05,2.702989213344815e-05,3.0004462397086162e-05,2.6658070850493398e-05,3.0376283680040913e-05,3.751446058920316e-05,3.613536251168885e-05,3.889355866671746e-05,3.579058799231027e-05,3.923833318609604e-05,40.19398316203081,12.882266576291105,67.50569974777052,6.054337429856177,74.33362889420545,0.5825,0.5405,0.6245,0.53,0.635
870,0.11637649613799031,0.1078166761303204,0.12493631614566021,0.10567672112840291,0.1270762711475777,1.62801865148265,0.48305646084878756,2.7729808421165125,0.19681591319032193,3.059221389774978,164.40854956628755,155.47552447626367,173.34157465631142,153.2422682037577,175.5748309288174,19.630000000000003,19.422,19.838,19.37,19.89,0.15013819074799645,0.1412907568055065,0.15898562469048638,0.13907889831988401,0.16119748317610885,2.8517177265267154e-05,2.702989213344815e-05,3.0004462397086162e-05,2.6658070850493398e-05,3.0376283680040913e-05,3.751446058920316e-05,3.613536251168885e-05,3.889355866671746e-05,3.579058799231027e-05,3.923833318609604e-05,40.19398316203081,12.882266576291105,67.50569974777052,6.054337429856177,74.33362889420545,0.5825,0.5405,0.6245,0.53,0.635
875,0.11637649613799031,0.1078166761303204,0.12493631614566021,0.10567672112840291,0.1270762711475777,1.62801865148265,0.48305646084878756,2.7729808421165125,0.19681591319032193,3.059221389774978,155.81869058310986,150.09758320450783,161.53979796171188,148.66730635985732,162.9700748063624,19.630000000000003,19.422,19.838,19.37,19.89,0.15013819074799645,0.1412907568055065,0.15898562469048638,0.13907889831988401,0.16119748317610885,2.8517177265267154e-05,2.702989213344815e-05,3.0004462397086162e-05,2.6658070850493398e-05,3.0376283680040913e-05,3.751446058920316e-05,3.613536251168885e-05,3.889355866671746e-05,3.579058799231027e-05,3.923833318609604e-05,40.19398316203081,12.882266576291105,67.50569974777052,6.054337429856177,74.33362889420545,0.5825,0.5405,0.6245,0.53,0.635
880,0.11637649613799031,0.1078166761303204,0.12493631614566021,0.10567672112840291,0.1270762711475777,1.62801865148265,0.48305646084878756,2.7729808421165125,0.19681591319032193,3.059221389774978,162.82425029436126,161.70043382095173,163.9480667677708,161.41947970259935,164.22902088612318,19.630000000000003,19.422,19.838,19.37,19.89,0.15013819074799645,0.1412907568055065,0.15898562469048638,0.13907889831988401,0.16119748317610885,2.8517177265267154e-05,2.702989213344815e-05,3.0004462397086162e-05,2.6658070850493398e-05,3.0376283680040913e-05,3.751446058920316e-05,3.613536251168885e-05,3.889355866671746e-05,3.579058799231027e-05,3.923833318609604e-05,40.19398316203081,12.882266576291105,67.50569974777052,6.054337429856177,74.33362889420545,0.5825,0.5405,0.6245,0.53,0.635
885,0.11637649613799031,0.1078166761303204,0.12493631614566021,0.10567672112840291,0.1270762711475777,1.62801865148265,0.48305646084878756,2.7729808421165125,0.19681591319032193,3.059221389774978,161.37657360173762,159.97498832084239,162.77815888263285,159.62459200061858,163.12855520285666,19.630000000000003,19.422,19.838,19.37,19.89,0.15013819074799645,0.1412907568055065,0.15898562469048638,0.13907889831988401,0.16119748317610885,2.8517177265267154e-05,2.702989213344815e-05,3.0004462397086162e-05,2.6658070850493398e-05,3.0376283680040913e-05,3.751446058920316e-05,3.613536251168885e-05,3.889355866671746e-05,3.579058799231027e-05,3.923833318609604e-05,40.19398316203081,12.882266576291105,67.50569974777052,6.054337429856177,74.33362889420545,0.5825,0.5405,0.6245,0.53,0.635
890,0.11637649613799031,0.1078166761303204,0.12493631614566021,0.10567672112840291,0.1270762711475777,1.62801865148265,0.48305646084878756,2.7729808421165125,0.19681591319032193,3.059221389774978,153.78263869555667,150.71844942355528,156.84682796755806,149.95240210555494,157.6128752855584,19.630000000000003,19.422,19.838,19.37,19.89,0.15013819074799645,0.1412907568055065,0.15898562469048638,0.13907889831988401,0.16119748317610885,2.8517177265267154e-05,2.702989213344815e-05,3.0004462397086162e-05,2.6658070850493398e-05,3.0376283680040913e-05,3.751446058920316e-05,3.613536251168885e-05,3.889355866671746e-05,3.579058799231027e-05,3.923833318609604e-05,40.19398316203081,12.882266576291105,67.50569974777052,6.054337429856177,74.33362889420545,0.5825,0.5405,0.6245,0.53,0.635
895,0.11637649613799031,0.1078166761303204,0.12493631614566021,0.10567672112840291,0.1270762711475777,1.62801865148265,0.48305646084878756,2.7729808421165125,0.19681591319032193,3.059221389774978,162.37183989724144,156.04093913314864,168.70274066133425,154.45821394212544,170.28546585235745,19.630000000000003,19.422,19.838,19.37,19.89,0.15013819074799645,0.1412907568055065,0.15898562469048638,0.13907889831988401,0.16119748317610885,2.8517177265267154e-05,2.702989213344815e-05,3.0004462397086162e-05,2.6658070850493398e-05,3.0376283680040913e-05,3.751446058920316e-05,3.613536251168885e-05,3.889355866671746e-05,3.579058799231027e-05,3.923833318609604e-05,40.19398316203081,12.882266576291105,67.50569974777052,6.054337429856177,74.33362889420545,0.5825,0.5405,0.6245,0.53,0.635
900,0.11637649613799031,0.1078166761303204,0.12493631614566021,0.10567672112840291,0.1270762711475777,1.62801865148265,0.48305646084878756,2.7729808421165125,0.19681591319032193,3.059221389774978,150.80046985996887,147.61789581691846,153.98304390301928,146.82225230615586,154.77868741378188,19.630000000000003,19.422,19.838,19.37,19.89,0.15013819074799645,0.1412907568055065,0.15898562469048638,0.13907889831988401,0.16119748317610885,2.8517177265267154e-05,2.702989213344815e-05,3.0004462397086162e-05,2.6658070850493398e-05,3.0376283680040913e-05,3.751446058920316e-05,3.613536251168885e-05,3.889355866671746e-05,3.579058799231027e-05,3.923833318609604e-05,40.19398316203081,12.882266576291105,67.50569974777052,6.054337429856177,74.33362889420545,0.5825,0.5405,0.6245,0.53,0.635
905,0.11637649613799031,0.1078166761303204,0.12493631614566021,0.10567672112840291,0.1270762711475777,1.62801865148265,0.48305646084878756,2.7729808421165125,0.19681591319032193,3.059221389774978,148.97323250072077,139.90166092151776,158.04480407992378,137.633768026717,160.31269697472453,19.630000000000003,19.422,19.838,19.37,19.89,0.15013819074799645,0.1412907568055065,0.15898562469048638,0.13907889831988401,0.16119748317610885,2.8517177265267154e-05,2.702989213344815e-05,3.0004462397086162e-05,2.6658070850493398e-05,3.0376283680040913e-05,3.751446058920316e-05,3.613536251168885e-05,3.889355866671746e-05,3.579058799231027e-05,3.923833318609604e-05,40.19398316203081,12.882266576291105,67.50569974777052,6.054337429856177,74.33362889420545,0.5825,0.5405,0.6245,0.53,0.635
910,0.11637649613799031,0.1078166761303204,0.12493631614566021,0.10567672112840291,0.1270762711475777,1.62801865148265,0.48305646084878756,2.7729808421165125,0.19681591319032193,3.059221389774978,150.0310557242483,137.27574066258967,162.7863707859069,134.086911897175,165.97519955132157,19.630000000000003,19.422,19.838,19.37,19.89,0.15013819074799645,0.1412907568055065,0.15898562469048638,0.13907889831988401,0.16119748317610885,2.8517177265267154e-05,2.702989213344815e-05,3.0004462397086162e-05,2.6658070850493398e-05,3.0376283680040913e-05,3.751446058920316e-05,3.613536251168885e-05,3.889355866671746e-05,3.579058799231027e-05,3.923833318609604e-05,40.19398316203081,12.882266576291105,67.50569974777052,6.054337429856177,74.33362889420545,0.5825,0.5405,0.6245,0.53,0.635
915,0.11637649613799031,0.1078166761303204,0.12493631614566021,0.10567672112840291,0.1270762711475777,1.62801865148265,0.48305646084878756,2.7729808421165125,0.19681591319032193,3.059221389774978,153.09637177037075,138.11213041329756,168.08061312744394,134.36607007402927,171.82667346671224,19.630000000000003,19.422,19.838,19.37,19.89,0.15013819074799645,0.1412907568055065,0.15898562469048638,0.13907889831988401,0.16119748317610885,2.8517177265267154e-05,2.702989213344815e-05,3.0004462397086162e-05,2.6658070850493398e-05,3.0376283680040913e-05,3.751446058920316e-05,3.613536251168885e-05,3.889355866671746e-05,3.579058799231027e-05,3.923833318609604e-05,40.19398316203081,12.882266576291105,67.50569974777052,6.054337429856177,74.33362889420545,0.5825,0.5405,0.6245,0.53,0.635
920,0.11637649613799031,0.1078166761303204,0.12493631614566021,0.10567672112840291,0.1270762711475777,1.62801865148265,0.48305646084878756,2.7729808421165125,0.19681591319032193,3.059221389774978,149.88010151777416,140.53737211693078,159.22283091861755,138.20168976671994,161.5585132688284,19.630000000000003,19.422,19.838,19.37,19.89,0.15013819074799645,0.1412907568055065,0.15898562469048638,0.13907889831988401,0.16119748317610885,2.8517177265267154e-05,2.702989213344815e-05,3.0004462397086162e-05,2.6658070850493398e-05,3.0376283680040913e-05,3.751446058920316e-05,3.613536251168885e-05,3.889355866671746e-05,3.579058799231027e-05,3.923833318609604e-05,40.19398316203081,12.882266576291105,67.50569974777052,6.054337429856177,74.33362889420545,0.5825,0.5405,0.6245,0.53,0.635
925,0.11637649613799031,0.1078166761303204,0.12493631614566021,0.10567672112840291,0.1270762711475777,1.62801865148265,0.48305646084878756,2.7729808421165125,0.19681591319032193,3.059221389774978,149.9239644804038,140.91766851441935,158.93026044638827,138.66609452292323,161.1818344378844,19.630000000000003,19.422,19.838,19.37,19.89,0.15013819074799645,0.1412907568055065,0.15898562469048638,0.13907889831988401,0.16119748317610885,2.8517177265267154e-05,2.702989213344815e-05,3.0004462397086162e-05,2.6658070850493398e-05,3.0376283680040913e-05,3.751446058920316e-05,3.613536251168885e-05,3.889355866671746e-05,3.579058799231027e-05,3.923833318609604e-05,40.19398316203081,12.882266576291105,67.50569974777052,6.054337429856177,74.33362889420545,0.5825,0.5405,0.6245,0.53,0.635
930,0.11637649613799031,0.1078166761303204,0.12493631614566021,0.10567672112840291,0.1270762711475777,1.62801865148265,0.48305646084878756,2.7729808421165125,0.19681591319032193,3.059221389774978,152.78940262971446,148.7084945528768,156.87031070655212,147.68826753366739,157.89053772576153,19.630000000000003,19.422,19.838,19.37,19.89,0.15013819074799645,0.1412907568055065,0.15898562469048638,0.13907889831988401,0.16119748317610885,2.8517177265267154e-05,2.702989213344815e-05,3.0004462397086162e-05,2.6658070850493398e-05,3.0376283680040913e-05,3.751446058920316e-05,3.613536251168885e-05,3.889355866671746e-05,3.579058799231027e-05,3.923833318609604e-05,40.19398316203081,12.882266576291105,67.50569974777052,6.054337429856177,74.33362889420545,0.5825,0.5405,0.6245,0.53,0.635
935,0.11637649613799031,0.1078166761303204,0.12493631614566021,0.10567672112840291,0.1270762711475777,1.62801865148265,0.48305646084878756,2.7729808421165125,0.19681591319032193,3.059221389774978,160.36745451856405,149.2826412478462,171.4522677892819,146.51143793016672,174.22347110696137,19.630000000000003,19.422,19.838,19.37,19.89,0.15013819074799645,0.1412907568055065,0.15898562469048638,0.13907889831988401,0.16119748317610885,2.8517177265267154e-05,2.702989213344815e-05,3.0004462397086162e-05,2.6658070850493398e-05,3.0376283680040913e-05,3.751446058920316e-05,3.613536251168885e-05,3.889355866671746e-05,3.579058799231027e-05,3.923833318609604e-05,40.19398316203081,12.882266576291105,67.50569974777052,6.054337429856177,74.33362889420545,0.5825,0.5405,0.6245,0.53,0.635
940,0.11637649613799031,0.1078166761303204,0.12493631614566021,0.10567672112840291,0.1270762711475777,1.62801865148265,0.48305646084878756,2.7729808421165125,0.19681591319032193,3.059221389774978,158.51058965781704,149.7351203900762,167.28605892555788,147.54125307314098,169.4799262424931,19.630000000000003,19.422,19.838,19.37,19.89,0.15013819074799645,0.1412907568055065,0.15898562469048638,0.13907889831988401,0.16119748317610885,2.8517177265267154e-05,2.702989213344815e-05,3.0004462397086162e-05,2.6658070850493398e-05,3.0376283680040913e-05,3.751446058920316e-05,3.613536251168885e-05,3.889355866671746e-05,3.579058799231027e-05,3.923833318609604e-05,40.19398316203081,12.882266576291105,67.50569974777052,6.054337429856177,74.33362889420545,0.5825,0.5405,0.6245,0.53,0.635
945,0.11637649613799031,0.1078166761303204,0.12493631614566021,0.10567672112840291,0.1270762711475777,1.62801865148265,0.48305646084878756,2.7729808421165125,0.19681591319032193,3.059221389774978,148.73084419872612,143.44471371080726,154.01697468664497,142.12318108882755,155.33850730862468,19.630000000000003,19.422,19.838,19.37,19.89,0.15013819074799645,0.1412907568055065,0.15898562469048638,0.13907889831988401,0.16119748317610885,2.8517177265267154e-05,2.702989213344815e-05,3.0004462397086162e-05,2.6658070850493398e-05,3.0376283680040913e-05,3.751446058920316e-05,3.613536251168885e-05,3.889355866671746e-05,3.579058799231027e-05,3.923833318609604e-05,40.19398316203081,12.882266576291105,67.50569974777052,6.054337429856177,74.33362889420545,0.5825,0.5405,0.6245,0.53,0.635
950,0.11637649613799031,0.1078166761303204,0.12493631614566021,0.10567672112840291,0.1270762711475777,1.62801865148265,0.48305646084878756,2.7729808421165125,0.19681591319032193,3.059221389774978,146.15212996024638,142.22418835107237,150.0800715694204,141.24220294877887,151.0620569717139,19.630000000000003,19.422,19.838,19.37,19.89,0.15013819074799645,0.1412907568055065,0.15898562469048638,0.13907889831988401,0.16119748317610885,2.8517177265267154e-05,2.702989213344815e-05,3.0004462397086162e-05,2.6658070850493398e-05,3.0376283680040913e-05,3.751446058920316e-05,3.613536251168885e-05,3.889355866671746e-05,3.579058799231027e-05,3.923833318609604e-05,40.19398316203081,12.882266576291105,67.50569974777052,6.054337429856177,74.33362889420545,0.5825,0.5405,0.6245,0.53,0.635
955,0.11637649613799031,0.1078166761303204,0.12493631614566021,0.10567672112840291,0.1270762711475777,1.62801865148265,0.48305646084878756,2.7729808421165125,0.19681591319032193,3.059221389774978,145.4485936346464,142.78528796276078,148.111899306532,142.11946154478937,148.7777257245034,19.630000000000003,19.422,19.838,19.37,19.89,0.15013819074799645,0.1412907568055065,0.15898562469048638,0.13907889831988401,0.16119748317610885,2.8517177265267154e-05,2.702989213344815e-05,3.0004462397086162e-05,2.6658070850493398e-05,3.0376283680040913e-05,3.751446058920316e-05,3.613536251168885e-05,3.889355866671746e-05,3.579058799231027e-05,3.923833318609604e-05,40.19398316203081,12.882266576291105,67.50569974777052,6.054337429856177,74.33362889420545,0.5825,0.5405,0.6245,0.53,0.635
960,0.11637649613799031,0.1078166761303204,0.12493631614566021,0.10567672112840291,0.1270762711475777,1.62801865148265,0.48305646084878756,2.7729808421165125,0.19681591319032193,3.059221389774978,147.9257947811857,139.5701303863898,156.28145917598158,137.48121428769082,158.37037527468055,19.630000000000003,19.422,19.838,19.37,19.89,0.15013819074799645,0.1412907568055065,0.15898562469048638,0.13907889831988401,0.16119748317610885,2.8517177265267154e-05,2.702989213344815e-05,3.0004462397086162e-05,2.6658070850493398e-05,3.0376283680040913e-05,3.751446058920316e-05,3.613536251168885e-05,3.889355866671746e-05,3.579058799231027e-05,3.923833318609604e-05,40.19398316203081,12.882266576291105,67.50569974777052,6.054337429856177,74.33362889420545,0.5825,0.5405,0.6245,0.53,0.635
965,0.11637649613799031,0.1078166761303204,0.12493631614566021,0.10567672112840291,0.1270762711475777,1.62801865148265,0.48305646084878756,2.7729808421165125,0.19681591319032193,3.059221389774978,139.4559186580591,128.83974502747878,150.0720922886394,126.18570161983371,152.72613569628447,19.630000000000003,19.422,19.838,19.37,19.89,0.15013819074799645,0.1412907568055065,0.15898562469048638,0.13907889831988401,0.16119748317610885,2.8517177265267154e-05,2.702989213344815e-05,3.0004462397086162e-05,2.6658070850493398e-05,3.0376283680040913e-05,3.751446058920316e-05,3.613536251168885e-05,3.889355866671746e-05,3.579058799231027e-05,3.923833318609604e-05,40.19398316203081,12.882266576291105,67.50569974777052,6.054337429856177,74.33362889420545,0.5825,0.5405,0.6245,0.53,0.635
970,0.11637649613799031,0.1078166761303204,0.12493631614566021,0.10567672112840291,0.1270762711475777,1.62801865148265,0.48305646084878756,2.7729808421165125,0.19681591319032193,3.059221389774978,147.93133410159498,123.30272703338414,172.55994116980582,117.14557526633143,178.71709293685853,19.630000000000003,19.422,19.838,19.37,19.89,0.15013819074799645,0.1412907568055065,0.15898562469048638,0.13907889831988401,0.16119748317610885,2.8517177265267154e-05,2.702989213344815e-05,3.0004462397086162e-05,2.6658070850493398e-05,3.0376283680040913e-05,3.751446058920316e-05,3.613536251168885e-05,3.889355866671746e-05,3.579058799231027e-05,3.923833318609604e-05,40.19398316203081,12.882266576291105,67.50569974777052,6.054337429856177,74.33362889420545,0.5825,0.5405,0.6245,0.53,0.635
975,0.11637649613799031,0.1078166761303204,0.12493631614566021,0.10567672112840291,0.1270762711475777,1.62801865148265,0.48305646084878756,2.7729808421165125,0.19681591319032193,3.059221389774978,142.35010475385934,121.72003277856857,162.98017672915012,116.56251478474587,168.1376947229728,19.630000000000003,19.422,19.838,19.37,19.89,0.15013819074799645,0.1412907568055065,0.15898562469048638,0.13907889831988401,0.16119748317610885,2.8517177265267154e-05,2.702989213344815e-05,3.0004462397086162e-05,2.6658070850493398e-05,3.0376283680040913e-05,3.751446058920316e-05,3.613536251168885e-05,3.889355866671746e-05,3.579058799231027e-05,3.923833318609604e-05,40.19398316203081,12.882266576291105,67.50569974777052,6.054337429856177,74.33362889420545,0.5825,0.5405,0.6245,0.53,0.635
980,0.11637649613799031,0.1078166761303204,0.12493631614566021,0.10567672112840291,0.1270762711475777,1.62801865148265,0.48305646084878756,2.7729808421165125,0.19681591319032193,3.059221389774978,136.8845939473249,118.47708685742691,155.2921010372229,113.87521008495241,159.8939778096974,19.630000000000003,19.422,19.838,19.37,19.89,0.15013819074799645,0.1412907568055065,0.15898562469048638,0.13907889831988401,0.16119748317610885,2.8517177265267154e-05,2.702989213344815e-05,3.0004462397086162e-05,2.6658070850493398e-05,3.0376283680040913e-05,3.751446058920316e-05,3.613536251168885e-05,3.889355866671746e-05,3.579058799231027e-05,3.923833318609604e-05,40.19398316203081,12.882266576291105,67.50569974777052,6.054337429856177,74.33362889420545,0.5825,0.5405,0.6245,0.53,0.635
985,0.11637649613799031,0.1078166761303204,0.12493631614566021,0.10567672112840291,0.1270762711475777,1.62801865148265,0.48305646084878756,2.7729808421165125,0.19681591319032193,3.059221389774978,141.94542666431516,119.27743630763143,164.6134170209989,113.6104387184605,170.28041461016983,19.630000000000003,19.422,19.838,19.37,19.89,0.15013819074799645,0.1412907568055065,0.15898562469048638,0.13907889831988401,0.16119748317610885,2.8517177265267154e-05,2.702989213344815e-05,3.0004462397086162e-05,2.6658070850493398e-05,3.0376283680040913e-05,3.751446058920316e-05,3.613536251168885e-05,3.889355866671746e-05,3.579058799231027e-05,3.923833318609604e-05,40.19398316203081,12.882266576291105,67.50569974777052,6.054337429856177,74.33362889420545,0.5825,0.5405,0.6245,0.53,0.635
990,0.11637649613799031,0.1078166761303204,0.12493631614566021,0.10567672112840291,0.1270762711475777,1.62801865148265,0.48305646084878756,2.7729808421165125,0.19681591319032193,3.059221389774978,139.85792439198121,119.01707992283627,160.69876886112615,113.80686880555004,165.9089799784124,19.630000000000003,19.422,19.838,19.37,19.89,0.15013819074799645,0.1412907568055065,0.15898562469048638,0.13907889831988401,0.16119748317610885,2.8517177265267154e-05,2.702989213344815e-05,3.0004462397086162e-05,2.6658070850493398e-05,3.0376283680040913e-05,3.751446058920316e-05,3.613536251168885e-05,3.889355866671746e-05,3.579058799231027e-05,3.923833318609604e-05,40.19398316203081,12.882266576291105,67.50569974777052,6.054337429856177,74.33362889420545,0.5825,0.5405,0.6245,0.53,0.635
995,0.11637649613799031,0.1078166761303204,0.12493631614566021,0.10567672112840291,0.1270762711475777,1.62801865148265,0.48305646084878756,2.7729808421165125,0.19681591319032193,3.059221389774978,143.4655548701994,119.71886795153841,167.2122417888604,113.78219622187316,173.14891351852566,19.630000000000003,19.422,19.838,19.37,19.89,0.15013819074799645,0.1412907568055065,0.15898562469048638,0.13907889831988401,0.16119748317610885,2.8517177265267154e-05,2.702989213344815e-05,3.0004462397086162e-05,2.6658070850493398e-05,3.0376283680040913e-05,3.751446058920316e-05,3.613536251168885e-05,3.889355866671746e-05,3.579058799231027e-05,3.923833318609604e-05,40.19398316203081,12.882266576291105,67.50569974777052,6.054337429856177,74.33362889420545,0.5825,0.5405,0.6245,0.53,0.635
