mode,seed,K,rho,measurement_noise_std,steps,k_opt_mean,k_opt_var,sigma_min_Ag,kappa_Ag_mean,localness_mean,slack_max,slack_mean,kkt_res_max,eq_res_max,solver_fail_rate,rmse_ee,err_p95,err_max,err_final,success,effort_sum_sq,jerk_sum_sq,jerk_max,u_violation_rate,total_cost,ISE,IAE,solve_ms_mean,solve_ms_total,npz_path
fixed_k,0,20,0.005,0.005,600,20.0,0.0,0.0563126439515651,97.83607307359227,2.6241221843762492,2.300750953947148,0.03992126377088416,20086000.68226096,1.575234091092199e-05,0.0016666666666666668,0.12179913840843246,0.2312998766775702,0.260953896435596,0.09971453228191636,0,136.46975485134652,320.86037798537427,1.414326341466314,0.22,0.3959779836089243,6.30976152088728e-05,8.017391189294861e-05,65.02885716656844,39017.31429994106,logs/reacher_cdc_fixed_k_noise\run_fixed_k_K020_rho0.005_noise0.005_Kmin20_Kmax200_Kstep10_gmin1e-06_seed000.npz
fixed_k,1,20,0.005,0.005,600,20.0,0.0,0.06052834267428387,93.97309847212193,2.3275948234321966,1.4438261418854332,0.02158077277232743,20098329.139592733,4.088662727647777e-05,0.0033333333333333335,0.1377027119094542,0.25849969414911617,0.28500676836981315,0.11713005483473328,0,125.11861433170075,310.75536182689285,1.3364219326902584,0.16166666666666665,0.48398561194275963,7.298582511864815e-05,9.271062527634711e-05,66.67467600074208,40004.80560044525,logs/reacher_cdc_fixed_k_noise\run_fixed_k_K020_rho0.005_noise0.005_Kmin20_Kmax200_Kstep10_gmin1e-06_seed001.npz
fixed_k,2,20,0.005,0.005,600,20.0,0.0,0.06455869911504242,95.84361907663742,2.4329503032387585,3.0826201774354423,0.02452618247713482,20100903.832671545,1.8227243609679772e-05,0.005,0.15910288480962753,0.25173956358648747,0.26132791266960986,0.1219235775258124,0,142.51986338884933,365.33016188956935,1.4144079011729813,0.23333333333333334,0.6424422402836281,8.641463634501611e-05,0.0001079043001778287,65.92122866500479,39552.73719900288,logs/reacher_cdc_fixed_k_noise\run_fixed_k_K020_rho0.005_noise0.005_Kmin20_Kmax200_Kstep10_gmin1e-06_seed002.npz
fixed_k,3,20,0.005,0.005,600,20.0,0.0,0.05279590278325473,100.62947197084556,2.5726458406272754,3.2348039752722912,0.05558204272670886,20100651.846032195,3.5711211708612125e-05,0.006666666666666667,0.14973309698937337,0.2591337485105174,0.27434685055611124,0.07709106199867079,0,130.2117183045264,309.54852869378897,1.4134232029132066,0.19666666666666666,0.5751397280422827,8.338737615764123e-05,0.00011010051744928927,67.06158133272159,40236.948799632955,logs/reacher_cdc_fixed_k_noise\run_fixed_k_K020_rho0.005_noise0.005_Kmin20_Kmax200_Kstep10_gmin1e-06_seed003.npz
fixed_k,4,20,0.005,0.005,600,20.0,0.0,0.06797955939492954,96.0317243947192,2.5957017828755404,3.6641924723017105,0.0651863864284887,20077102.428063307,3.681391756988402e-05,0.013333333333333334,0.11309345282015437,0.17035896699098632,0.19202788965707762,0.16623240972720488,0,135.89027291294485,324.27554879891755,1.4146029875987218,0.20666666666666667,0.3435511192836851,6.409886424820021e-05,8.083485774199354e-05,68.5104006655941,41106.240399356466,logs/reacher_cdc_fixed_k_noise\run_fixed_k_K020_rho0.005_noise0.005_Kmin20_Kmax200_Kstep10_gmin1e-06_seed004.npz
fixed_k,0,30,0.005,0.005,600,30.0,0.0,0.021490407080090243,286.25829187284967,2.9495968236041783,4.961909822577047,0.02358529996985326,20064702.769783735,1.1384998864005031e-05,0.0,0.09187894013080665,0.14390651789686473,0.18933254054304896,0.11057072930943768,0,156.29255298634894,371.25041450809977,1.4142816922515142,0.2833333333333333,0.24705849424917242,5.233790016139963e-05,6.451018887430971e-05,98.35869299994859,59015.215799969155,logs/reacher_cdc_fixed_k_noise\run_fixed_k_K030_rho0.005_noise0.005_Kmin20_Kmax200_Kstep10_gmin1e-06_seed000.npz
fixed_k,1,30,0.005,0.005,600,30.0,0.0,0.01532073550482677,292.0080742827079,3.0608947477984914,2.131301200757605,0.025125202748833116,20073823.06857515,2.7211023989955568e-05,0.0,0.09476181526390036,0.1417842202781453,0.1845795350613701,0.09613965061678535,0,159.7292039827818,384.58060804358354,1.4144038783679997,0.27,0.26749694834930104,5.3395793681994414e-05,6.57600508492623e-05,95.3609033349979,57216.54200099874,logs/reacher_cdc_fixed_k_noise\run_fixed_k_K030_rho0.005_noise0.005_Kmin20_Kmax200_Kstep10_gmin1e-06_seed001.npz
fixed_k,2,30,0.005,0.005,600,30.0,0.0,0.02354870762167517,272.08446906707917,2.9187430075773584,2.184110372672874,0.01845648417287969,20060621.597444057,9.818131800470845e-06,0.0,0.08907896577650411,0.13231560156562483,0.19665895189554727,0.14108925277610468,0,155.24159427076214,366.7534484845363,1.4144025008797207,0.27166666666666667,0.23383577722084245,4.684127736237786e-05,6.180619560156885e-05,95.41105649957899,57246.633899747394,logs/reacher_cdc_fixed_k_noise\run_fixed_k_K030_rho0.005_noise0.005_Kmin20_Kmax200_Kstep10_gmin1e-06_seed002.npz
fixed_k,3,30,0.005,0.005,600,30.0,0.0,0.022687177946216903,285.8993806057293,3.202680987447671,2.2453083293032305,0.023359552741746486,20060671.77694555,9.57206472480426e-06,0.0,0.07015035139066472,0.10054419543684011,0.2005980452050341,0.07522889452097102,0,165.18487829037988,399.00366569576966,1.4143042656806593,0.265,0.17334910877279128,3.820277763287077e-05,4.916801310736438e-05,98.46055016649188,59076.33009989513,logs/reacher_cdc_fixed_k_noise\run_fixed_k_K030_rho0.005_noise0.005_Kmin20_Kmax200_Kstep10_gmin1e-06_seed003.npz
fixed_k,4,30,0.005,0.005,600,30.0,0.0,0.01756130438518434,274.93589500638376,2.942422064494617,1.8873421921982108,0.02732507017276103,20075148.074135706,1.6906529846481018e-05,0.0,0.09760433761677353,0.1458554282749199,0.18141194647565356,0.07714902106303435,0,159.48299012672686,368.40824950275464,1.4143061377195028,0.24833333333333332,0.2741127422935003,5.39838041031195e-05,6.963146248323951e-05,99.08844783397701,59453.06870038621,logs/reacher_cdc_fixed_k_noise\run_fixed_k_K030_rho0.005_noise0.005_Kmin20_Kmax200_Kstep10_gmin1e-06_seed004.npz
fixed_k,0,40,0.005,0.005,600,40.0,0.0,0.00018119325242446277,6768.626206411423,3.345718720341649,0.20585554989092672,0.01099973759157773,20058083.195340134,7.788504324132557e-06,0.0,0.08316992242878721,0.12708091213447287,0.18933254054304896,0.08976423297695732,0,162.24222668473658,363.85326107041806,1.4141926113321976,0.28,0.2207033686818092,4.5068883058214506e-05,5.741689604666111e-05,129.6445468327147,77786.72809962882,logs/reacher_cdc_fixed_k_noise\run_fixed_k_K040_rho0.005_noise0.005_Kmin20_Kmax200_Kstep10_gmin1e-06_seed000.npz
fixed_k,1,40,0.005,0.005,600,40.0,0.0,0.00010527602406017663,6607.7458408045295,3.3760471956855,1.3720629337495889,0.020448658881953397,20086302.603025403,7.716415057715392e-06,0.0,0.07648588616675596,0.14096312942928926,0.1845795350613701,0.11103831093813843,0,162.81476491760355,367.5770838074414,1.4142634179440563,0.31666666666666665,0.19267117363197445,3.922756483504717e-05,4.843657233896131e-05,128.30910633259919,76985.46379955951,logs/reacher_cdc_fixed_k_noise\run_fixed_k_K040_rho0.005_noise0.005_Kmin20_Kmax200_Kstep10_gmin1e-06_seed001.npz
fixed_k,2,40,0.005,0.005,600,40.0,0.0,8.859108283294876e-05,8177.044581482833,3.4312695901036885,0.5410611575358607,0.011722782165230712,20073298.21359895,2.3662892765880115e-05,0.0,0.06396438998752475,0.10977261111326374,0.1965072841060796,0.023952717613267,0,166.05501120869425,373.44427586515974,1.4157553587478624,0.2966666666666667,0.1547943268172586,3.236493585814795e-05,4.163646999103751e-05,128.50393116668178,77102.35870000906,logs/reacher_cdc_fixed_k_noise\run_fixed_k_K040_rho0.005_noise0.005_Kmin20_Kmax200_Kstep10_gmin1e-06_seed002.npz
fixed_k,3,40,0.005,0.005,600,40.0,0.0,0.00011671910184685292,6827.226690051513,3.213101406881548,1.980216161301275,0.017017337077717614,20090813.884616334,2.3170254053693437e-05,0.0,0.06423508143540534,0.0991397066156899,0.2005980452050341,0.05785394848703551,0,164.83526408616757,382.51397328155144,1.414525435120385,0.2816666666666667,0.14696306323999608,3.440283990359411e-05,4.580337424389634e-05,129.2873693325479,77572.42159952875,logs/reacher_cdc_fixed_k_noise\run_fixed_k_K040_rho0.005_noise0.005_Kmin20_Kmax200_Kstep10_gmin1e-06_seed003.npz
fixed_k,4,40,0.005,0.005,600,40.0,0.0,0.0002051909422419154,6539.130006743421,3.2568901312213447,0.9791399777015153,0.014373911130934242,20060494.65452212,2.691520946820039e-05,0.0,0.06212201954335208,0.08628605309302134,0.18075376050906805,0.018561338279304562,0,170.53483604594643,406.94376766835876,1.4142882038169937,0.29833333333333334,0.14140352346529375,3.391421900047581e-05,4.317350783822449e-05,129.29705116519472,77578.23069911683,logs/reacher_cdc_fixed_k_noise\run_fixed_k_K040_rho0.005_noise0.005_Kmin20_Kmax200_Kstep10_gmin1e-06_seed004.npz
fixed_k,0,50,0.005,0.005,600,50.0,0.0,1.5179172767661644e-09,149878736.36967957,3.4055651838527337,0.0238360849289697,0.0095698212364226,20055478.26519008,8.327933749072525e-06,0.0,0.0459980624476651,0.08498233587181563,0.18933254054304896,0.015123821106837545,0,174.67456807325013,412.86293385501847,1.4142874631889755,0.33666666666666667,0.09771941958665903,2.2345036649851255e-05,2.8261376256083167e-05,160.0283026655476,96016.98159932857,logs/reacher_cdc_fixed_k_noise\run_fixed_k_K050_rho0.005_noise0.005_Kmin20_Kmax200_Kstep10_gmin1e-06_seed000.npz
fixed_k,1,50,0.005,0.005,600,50.0,0.0,5.821939887865187e-10,182833154.62819228,3.306610526650992,0.02652098900546729,0.009899855152260361,20072763.86841622,9.186560623913134e-06,0.0,0.053643017612999166,0.08557221328257233,0.18806120630902043,0.047024751161834175,0,170.54080332511919,389.7682470767261,1.4142164334918064,0.2966666666666667,0.1145293932235479,2.7879669902843415e-05,3.531255206945215e-05,159.45357266677698,95672.14360006619,logs/reacher_cdc_fixed_k_noise\run_fixed_k_K050_rho0.005_noise0.005_Kmin20_Kmax200_Kstep10_gmin1e-06_seed001.npz
fixed_k,2,50,0.005,0.005,600,50.0,0.0,1.4032599593279176e-09,157911229.99175608,3.477398665050996,0.027012096495447262,0.0095187913048421,20091281.89072431,2.8045726192778742e-05,0.0,0.052907534958081336,0.09828651785930614,0.1965072841060796,0.023041165786988328,0,176.8273743760982,419.96464922876464,1.4144216460969725,0.3566666666666667,0.11775056093323304,2.6884116918376323e-05,3.416290238676995e-05,156.31479233454834,93788.87540072901,logs/reacher_cdc_fixed_k_noise\run_fixed_k_K050_rho0.005_noise0.005_Kmin20_Kmax200_Kstep10_gmin1e-06_seed002.npz
fixed_k,3,50,0.005,0.005,600,50.0,0.0,1.5103951195725952e-09,166261396.96559092,3.254862840111683,1.4896343182349252,0.012084661179479678,20096983.13330747,1.2636353184532836e-05,0.0,0.05932167989051956,0.11514304013098564,0.2005980452050341,0.013895931604284735,0,167.29914772411928,414.04389908185544,1.4142360394877014,0.31,0.12969769129465647,3.117262159401027e-05,3.952724538738561e-05,156.93776733290483,94162.66039974289,logs/reacher_cdc_fixed_k_noise\run_fixed_k_K050_rho0.005_noise0.005_Kmin20_Kmax200_Kstep10_gmin1e-06_seed003.npz
fixed_k,4,50,0.005,0.005,600,50.0,0.0,3.767164482168078e-10,192420509.75803733,3.298066495791686,0.032892743651317,0.009823372952902547,20052415.28860897,9.398295926488952e-06,0.0,0.049302944369418,0.07895619065374172,0.18075376050906805,0.021059278107598316,0,165.68069495047172,391.52207864174676,1.4143369694250263,0.26666666666666666,0.10455505348453478,2.5551076655756585e-05,3.305123198684909e-05,157.85612916467167,94713.67749880301,logs/reacher_cdc_fixed_k_noise\run_fixed_k_K050_rho0.005_noise0.005_Kmin20_Kmax200_Kstep10_gmin1e-06_seed004.npz
fixed_k,0,60,0.005,0.005,600,60.0,0.0,2.458683060302372e-08,11911015.342929546,3.426717920475412,0.6375718822816163,0.010024093508009726,20058617.7949746,2.5117077985061704e-05,0.0,0.05240237517099915,0.11388855376342673,0.18933254054304896,0.025502408960195736,0,168.38742973999226,395.0580200640152,1.414387624484707,0.2783333333333333,0.11115991907566876,2.5412286128888168e-05,3.215974342755813e-05,203.97875933519876,122387.25560111925,logs/reacher_cdc_fixed_k_noise\run_fixed_k_K060_rho0.005_noise0.005_Kmin20_Kmax200_Kstep10_gmin1e-06_seed000.npz
fixed_k,1,60,0.005,0.005,600,60.0,0.0,5.183483968454395e-08,8817953.34363648,3.3398263426597183,0.027043748496762807,0.009556720695676767,20051416.201277826,1.0198016025597763e-05,0.0,0.044026502487978944,0.07895669085789764,0.1845795350613701,0.014823449778335829,0,158.19401582494947,354.57892305640655,1.4142050431424638,0.26666666666666666,0.09172095395980089,2.2002141414757512e-05,2.847782536049387e-05,197.67866433413778,118607.19860048266,logs/reacher_cdc_fixed_k_noise\run_fixed_k_K060_rho0.005_noise0.005_Kmin20_Kmax200_Kstep10_gmin1e-06_seed001.npz
fixed_k,2,60,0.005,0.005,600,60.0,0.0,2.4076494488113825e-08,11629315.01303311,3.5030954704405395,1.7133042555354994,0.01210975760628304,20062472.72521113,3.033469115839187e-05,0.0,0.05346833395620083,0.1086211158106259,0.1965072841060796,0.042677281659436184,0,165.18664781331745,371.19507963772026,1.4141930254496253,0.25,0.1208449167777524,2.6241643867115072e-05,3.3715684705139644e-05,202.80211966620604,121681.27179972362,logs/reacher_cdc_fixed_k_noise\run_fixed_k_K060_rho0.005_noise0.005_Kmin20_Kmax200_Kstep10_gmin1e-06_seed002.npz
fixed_k,3,60,0.005,0.005,600,60.0,0.0,2.0607828116357137e-08,10147652.896522097,3.33942109759324,0.024859873639335728,0.009214400317762909,20056060.170282673,8.808489839364348e-06,0.0,0.041132768128817686,0.07063443140318969,0.2005980452050341,0.04125455049225483,0,164.94033034420858,374.05037059747474,1.4142428070472381,0.2733333333333333,0.08661204504111418,1.9738813542345334e-05,2.5760091344863562e-05,198.99316899992604,119395.90139995562,logs/reacher_cdc_fixed_k_noise\run_fixed_k_K060_rho0.005_noise0.005_Kmin20_Kmax200_Kstep10_gmin1e-06_seed003.npz
fixed_k,4,60,0.005,0.005,600,60.0,0.0,5.788411560747686e-08,10235737.963230247,3.22981861757562,0.02849708686282482,0.009559091416851805,20065153.54888536,1.2737561791474172e-05,0.0,0.047977323874796425,0.10279738544129723,0.18075376050906805,0.015995981004895337,0,166.77616827858782,411.30882751139137,1.4142848536257466,0.28833333333333333,0.09648761796322596,2.2245697601049814e-05,2.9117664421902106e-05,200.85433750102916,120512.6025006175,logs/reacher_cdc_fixed_k_noise\run_fixed_k_K060_rho0.005_noise0.005_Kmin20_Kmax200_Kstep10_gmin1e-06_seed004.npz
fixed_k,0,70,0.005,0.005,600,70.0,0.0,4.4550795308497556e-08,6608362.7241961155,3.1975839183433137,0.02173805606578498,0.008855014746816178,20055711.920853183,1.6828777116004636e-05,0.0,0.0397129252806532,0.0595087295603952,0.1895771956379345,0.021058167106670602,0,162.30592439424606,375.9545074367361,1.4142427123504975,0.22166666666666668,0.07703802126132314,1.8868789944929876e-05,2.4254009629749718e-05,251.2860548317743,150771.63289906457,logs/reacher_cdc_fixed_k_noise\run_fixed_k_K070_rho0.005_noise0.005_Kmin20_Kmax200_Kstep10_gmin1e-06_seed000.npz
fixed_k,1,70,0.005,0.005,600,70.0,0.0,6.027401544918905e-08,6655648.090684653,3.0761586735670203,0.027722267946371948,0.00930467415435387,20052421.749158215,1.2383374266961503e-05,0.0016666666666666668,0.03869705980104906,0.08161603600393946,0.1845795350613701,0.021358198066439286,0,155.83109306718262,357.95999564535174,1.4142152870659743,0.25833333333333336,0.07136125317202821,1.6903533433528652e-05,2.153416035822756e-05,250.883084499607,150529.8506997642,logs/reacher_cdc_fixed_k_noise\run_fixed_k_K070_rho0.005_noise0.005_Kmin20_Kmax200_Kstep10_gmin1e-06_seed001.npz
fixed_k,2,70,0.005,0.005,600,70.0,0.0,4.5408122665783684e-08,6372516.48495634,3.2638774611075667,0.030321000686566187,0.00885812517287133,20057174.798476644,1.8528041859107027e-05,0.0,0.04418997589145957,0.06842460929918462,0.1965072841060796,0.028723804154913046,0,160.21990172260908,372.907756262338,1.4071069384361363,0.25666666666666665,0.0888628829686677,2.222386045032415e-05,2.8606265247230403e-05,251.46136983346273,150876.82190007763,logs/reacher_cdc_fixed_k_noise\run_fixed_k_K070_rho0.005_noise0.005_Kmin20_Kmax200_Kstep10_gmin1e-06_seed002.npz
fixed_k,3,70,0.005,0.005,600,70.0,0.0,4.916596947694025e-08,6127153.330287328,3.2239447919310797,0.02490859374743308,0.008510642102220009,20056157.82242653,1.824831362814489e-05,0.0,0.04090827988751596,0.06957093013014212,0.2005980452050341,0.03376344339171762,0,158.22105646384028,367.5708678623496,1.4142411011783245,0.23166666666666666,0.08010699602956424,2.0227400225236688e-05,2.613896881380183e-05,248.49230783331828,149095.38469999097,logs/reacher_cdc_fixed_k_noise\run_fixed_k_K070_rho0.005_noise0.005_Kmin20_Kmax200_Kstep10_gmin1e-06_seed003.npz
fixed_k,4,70,0.005,0.005,600,70.0,0.0,7.517432325369575e-08,7105387.059171292,3.2519456696261257,0.025109049457919332,0.008895676021547857,20051906.114414256,3.0811315236752514e-05,0.0,0.04360857557443424,0.10080086813151207,0.18075376050906805,0.05105572460421555,0,162.70420050257127,377.21708682212295,1.4142468793353349,0.2916666666666667,0.08724647829170776,1.972029235433529e-05,2.4630645315680154e-05,246.46146716540292,147876.88029924175,logs/reacher_cdc_fixed_k_noise\run_fixed_k_K070_rho0.005_noise0.005_Kmin20_Kmax200_Kstep10_gmin1e-06_seed004.npz
fixed_k,0,80,0.005,0.005,600,80.0,0.0,5.823451747261144e-08,6861750.598756669,3.122182312197122,0.021111069092541568,0.008594866086177851,20051608.32732041,1.9075964122109062e-05,0.0,0.041895194342829026,0.11000588667588743,0.18933254054304896,0.005034624477859143,1,150.50705242049048,352.05115743656165,1.3926898950765452,0.20833333333333334,0.08026558273074764,1.8119713464693318e-05,2.335946467189888e-05,309.9159520000103,185949.57120000618,logs/reacher_cdc_fixed_k_noise\run_fixed_k_K080_rho0.005_noise0.005_Kmin20_Kmax200_Kstep10_gmin1e-06_seed000.npz
fixed_k,1,80,0.005,0.005,600,80.0,0.0,7.434186527929005e-08,4783109.364943249,3.07990274476177,0.026410610781228302,0.008708979972512333,20054179.397624355,2.6931618753205462e-05,0.0016666666666666668,0.03490003445171713,0.06296406453517173,0.1845795350613701,0.07675009928828357,0,150.51299492044453,363.44124737449516,1.4142321849259005,0.22166666666666668,0.06676448647499192,1.5798865864898037e-05,2.00155859873006e-05,306.15923816444894,183695.54289866937,logs/reacher_cdc_fixed_k_noise\run_fixed_k_K080_rho0.005_noise0.005_Kmin20_Kmax200_Kstep10_gmin1e-06_seed001.npz
fixed_k,2,80,0.005,0.005,600,80.0,0.0,5.4163403898183784e-08,5174370.246110321,3.039796449306442,0.03049682057878339,0.008553181147134045,20056926.868091855,1.773001527752034e-05,0.0,0.03505732233220969,0.051224342850940595,0.1965072841060796,0.01092110099686976,0,153.60890022877805,367.3957620780847,1.414217696355876,0.21333333333333335,0.06435746636401425,1.5828558251810486e-05,2.0150159757464912e-05,306.8937326669887,184136.23960019322,logs/reacher_cdc_fixed_k_noise\run_fixed_k_K080_rho0.005_noise0.005_Kmin20_Kmax200_Kstep10_gmin1e-06_seed002.npz
fixed_k,3,80,0.005,0.005,600,80.0,0.0,6.335673698019665e-08,5004881.94579463,3.0479270187882355,0.024656036578238633,0.00853187910097966,20056770.15082591,2.11762272078427e-05,0.0,0.038175317328871305,0.07813879414726792,0.2005980452050341,0.030911242519157882,1,157.4720985016433,378.22821351701293,1.4142319430454335,0.22333333333333333,0.06976369434647862,1.646084944376992e-05,2.1334806853309608e-05,303.8321578322211,182299.29469933268,logs/reacher_cdc_fixed_k_noise\run_fixed_k_K080_rho0.005_noise0.005_Kmin20_Kmax200_Kstep10_gmin1e-06_seed003.npz
fixed_k,4,80,0.005,0.005,600,80.0,0.0,8.708011293296388e-08,7322341.308909434,3.038517346724739,0.025146036779284963,0.008723495908107202,20051270.97431837,2.1580015600151752e-05,0.0,0.043305029776766125,0.10989510283470756,0.18075376050906805,0.01394542116368564,0,139.38820631803537,336.33026945409665,1.414349907550612,0.17,0.08000043587140022,1.870209924135194e-05,2.409110731179817e-05,303.46697933244286,182080.18759946572,logs/reacher_cdc_fixed_k_noise\run_fixed_k_K080_rho0.005_noise0.005_Kmin20_Kmax200_Kstep10_gmin1e-06_seed004.npz
fixed_k,0,90,0.005,0.005,600,90.0,0.0,7.69306757036869e-08,4481161.967723245,2.9496128432719955,0.021533824296450607,0.008281700990749383,20059379.096416324,7.346223839256927e-05,0.0,0.03308069330895336,0.046442737701614396,0.18933254054304896,0.012099268004831897,0,144.5943878978772,356.34374449426286,1.4142512650251353,0.185,0.060530389341821186,1.4872406575152795e-05,1.912007046400701e-05,357.58925016785116,214553.5501007107,logs/reacher_cdc_fixed_k_noise\run_fixed_k_K090_rho0.005_noise0.005_Kmin20_Kmax200_Kstep10_gmin1e-06_seed000.npz
fixed_k,1,90,0.005,0.005,600,90.0,0.0,8.602170070640209e-08,4227168.692812727,2.9750831988248274,0.027184975287450956,0.008519024655727271,20053718.947430063,2.8153818479036553e-05,0.0016666666666666668,0.033732491069521864,0.050293868781088664,0.1845795350613701,0.03519486344707181,0,142.22289431854244,336.22178041700903,1.3827179112913885,0.18166666666666667,0.060480369295183564,1.479000122551095e-05,1.852949572118034e-05,359.3801288328056,215628.07729968335,logs/reacher_cdc_fixed_k_noise\run_fixed_k_K090_rho0.005_noise0.005_Kmin20_Kmax200_Kstep10_gmin1e-06_seed001.npz
fixed_k,2,90,0.005,0.005,600,90.0,0.0,6.587888455875131e-08,4295305.179533072,3.0666406745546624,0.030555511520232947,0.008315601389733413,20057619.595528826,1.2437265051839343e-05,0.0,0.03489018369945889,0.05463592586717747,0.1965072841060796,0.030422825390433585,0,148.49422676907338,355.20407671501914,1.414220365979754,0.20666666666666667,0.06414497043699291,1.5467220745885888e-05,1.984490498442685e-05,355.9321463321491,213559.28779928945,logs/reacher_cdc_fixed_k_noise\run_fixed_k_K090_rho0.005_noise0.005_Kmin20_Kmax200_Kstep10_gmin1e-06_seed002.npz
fixed_k,3,90,0.005,0.005,600,90.0,0.0,7.100402645285615e-08,4116586.164845543,2.9803837144902845,0.024715358509787178,0.007978575974225709,20057017.812721066,1.4319742621496386e-05,0.0,0.0356029366881305,0.07142352301045006,0.2005980452050341,0.00979288682963965,1,143.20437476485708,338.3125444512775,1.4089658921764452,0.20333333333333334,0.06411055596293555,1.4907292056854554e-05,1.916257921305081e-05,354.4394135006587,212663.64810039522,logs/reacher_cdc_fixed_k_noise\run_fixed_k_K090_rho0.005_noise0.005_Kmin20_Kmax200_Kstep10_gmin1e-06_seed003.npz
fixed_k,4,90,0.005,0.005,600,90.0,0.0,1.053829965159928e-07,4467860.579229731,3.0571416850403743,0.02549578526666603,0.008468328544409856,20051213.63529734,9.462651477813069e-06,0.0,0.034455715656121676,0.05408970020803109,0.18075376050906805,0.009664098470501406,1,153.68245069040609,366.97450141271787,1.414315171025212,0.20833333333333334,0.06362719193251844,1.5254221358224007e-05,1.9716869195295185e-05,356.8066491681384,214083.98950088304,logs/reacher_cdc_fixed_k_noise\run_fixed_k_K090_rho0.005_noise0.005_Kmin20_Kmax200_Kstep10_gmin1e-06_seed004.npz
fixed_k,0,100,0.005,0.005,600,100.0,0.0,8.347475275138449e-08,4081348.737668269,2.8428326972531246,0.024910662206080993,0.008292008996068061,20052442.022269987,9.293118801332106e-06,0.0,0.030914672269923733,0.04099683920705204,0.18933254054304896,0.024233175848837128,1,139.0823964227018,332.7936047690911,1.3717807005307057,0.16333333333333333,0.052591950799891284,1.2025001658521684e-05,1.5344837508214697e-05,414.89239633277367,248935.4377996642,logs/reacher_cdc_fixed_k_noise\run_fixed_k_K100_rho0.005_noise0.005_Kmin20_Kmax200_Kstep10_gmin1e-06_seed000.npz
fixed_k,1,100,0.005,0.005,600,100.0,0.0,9.089618825508824e-08,3902768.9617183576,2.849098360873456,0.0273828475016535,0.00838994044351536,20063849.872176968,2.0002873426136896e-05,0.0016666666666666668,0.028709878758422167,0.03843794149549223,0.1845795350613701,0.03015421373758047,0,138.7467422930804,329.876413352457,1.4099192923956414,0.16833333333333333,0.049302830951662,1.1745585744291377e-05,1.4813350365424092e-05,416.9594181661766,250175.65089970594,logs/reacher_cdc_fixed_k_noise\run_fixed_k_K100_rho0.005_noise0.005_Kmin20_Kmax200_Kstep10_gmin1e-06_seed001.npz
fixed_k,2,100,0.005,0.005,600,100.0,0.0,7.568490009764184e-08,3691247.5209744778,2.8846634964246523,0.030269333928117665,0.007755785590489627,20057376.372835822,1.893674719400459e-05,0.0016666666666666668,0.03572992097337643,0.05483929251715787,0.1965072841060796,0.0408812286080073,0,144.18254826133267,346.08285461891387,1.4142226502020634,0.18666666666666668,0.06065998147960532,1.602121921497581e-05,2.0426869251279477e-05,408.8926613334722,245335.5968000833,logs/reacher_cdc_fixed_k_noise\run_fixed_k_K100_rho0.005_noise0.005_Kmin20_Kmax200_Kstep10_gmin1e-06_seed002.npz
fixed_k,3,100,0.005,0.005,600,100.0,0.0,7.876489231783275e-08,4024759.326663216,2.9548432304660905,0.02294220226336746,0.008053836457415952,20057009.752653033,2.0386760310005446e-05,0.0,0.03274126111925083,0.04706286965431324,0.2005980452050341,0.03270259257417309,0,138.5819569009069,326.41509152732567,1.4141705837451393,0.17,0.05785830668808103,1.35540295000321e-05,1.7253990191405143e-05,414.631137001367,248778.68220082019,logs/reacher_cdc_fixed_k_noise\run_fixed_k_K100_rho0.005_noise0.005_Kmin20_Kmax200_Kstep10_gmin1e-06_seed003.npz
fixed_k,4,100,0.005,0.005,600,100.0,0.0,1.094915349134945e-07,3889758.791275446,2.8937857818175505,0.021273120222664615,0.007743835384360598,20051166.574288167,1.5049463772291549e-05,0.0,0.036066284525972866,0.06778256038729372,0.18075376050906805,0.012750532199446597,0,140.2261604419341,338.3672066620418,1.4142645206206057,0.20666666666666667,0.06171731101940464,1.6488925444200163e-05,2.0633959086796395e-05,408.5767809996226,245146.06859977357,logs/reacher_cdc_fixed_k_noise\run_fixed_k_K100_rho0.005_noise0.005_Kmin20_Kmax200_Kstep10_gmin1e-06_seed004.npz
fixed_k,0,110,0.005,0.005,600,110.0,0.0,1.0182506514848493e-07,3227429.372530581,2.8787493887725426,0.0201560239045272,0.007342547356492522,20052026.915504005,2.0747457995366e-05,0.0,0.03318721963540795,0.05375929422788573,0.18933254054304896,0.02503055115116108,0,134.87822112487328,338.35095944496436,1.4142939415317803,0.19166666666666668,0.05645272407183038,1.4990609460174303e-05,1.8559101831509306e-05,464.9727456678132,278983.6474006879,logs/reacher_cdc_fixed_k_noise\run_fixed_k_K110_rho0.005_noise0.005_Kmin20_Kmax200_Kstep10_gmin1e-06_seed000.npz
fixed_k,1,110,0.005,0.005,600,110.0,0.0,9.725027067094934e-08,3326197.420924968,2.7688565137743484,0.02674024943255791,0.007572782791942367,20052027.977939256,2.5755848130406055e-05,0.0016666666666666668,0.03316100234879561,0.054298836092253125,0.1845795350613701,0.01196073721020768,1,139.68053530219504,344.8258950550167,1.4141975114867487,0.16833333333333333,0.05380062812920098,1.4109315173831932e-05,1.771229038617253e-05,465.1175463324762,279070.5277994857,logs/reacher_cdc_fixed_k_noise\run_fixed_k_K110_rho0.005_noise0.005_Kmin20_Kmax200_Kstep10_gmin1e-06_seed001.npz
fixed_k,2,110,0.005,0.005,600,110.0,0.0,8.809256970784133e-08,3316259.3555373154,2.7639656690775936,0.024101988866304023,0.00740533985247531,20056989.762315042,2.4615092703766593e-05,0.0,0.032350818572344814,0.04834228568689595,0.1965072841060796,0.026692758175680533,0,133.63933938884335,343.280155299612,1.4061007866970152,0.18,0.051613825194591456,1.3343143692338519e-05,1.685030698358799e-05,469.78364916654147,281870.1894999249,logs/reacher_cdc_fixed_k_noise\run_fixed_k_K110_rho0.005_noise0.005_Kmin20_Kmax200_Kstep10_gmin1e-06_seed002.npz
fixed_k,3,110,0.005,0.005,600,110.0,0.0,9.385306686744157e-08,3508848.3395161764,2.9615845548575566,0.0227719530204531,0.007525534280077565,20056425.79415527,2.541379443899545e-05,0.0,0.031441777937417786,0.049268960055661455,0.2005980452050341,0.014355158113392098,0,142.33987337709033,339.0129673794273,1.4143144842236233,0.19833333333333333,0.056694202300774786,1.309069772593062e-05,1.7100552119701313e-05,473.14156799780903,283884.9407986854,logs/reacher_cdc_fixed_k_noise\run_fixed_k_K110_rho0.005_noise0.005_Kmin20_Kmax200_Kstep10_gmin1e-06_seed003.npz
fixed_k,4,110,0.005,0.005,600,110.0,0.0,1.1413248734689571e-07,3696878.2229272476,2.7813428592412945,0.025520309763711148,0.008041371556719613,20051128.482537035,3.1506997974208324e-05,0.0,0.029822452166666312,0.04437940994117031,0.18075376050906805,0.02021979456043482,1,134.9089079957074,336.8489922775088,1.4142232721140784,0.185,0.04848271162124228,1.1745581294721427e-05,1.5017789552782098e-05,466.1356549996223,279681.3929997734,logs/reacher_cdc_fixed_k_noise\run_fixed_k_K110_rho0.005_noise0.005_Kmin20_Kmax200_Kstep10_gmin1e-06_seed004.npz
fixed_k,0,120,0.005,0.005,600,120.0,0.0,1.1473552553705731e-07,4746306.679085263,2.6758577394051297,0.020021308281716225,0.007520921680479567,20055438.066746745,2.732761609329522e-05,0.0,0.04089509071612439,0.11042851513186278,0.18933254054304896,0.01932208665001818,0,121.99360022734942,315.490118725633,1.4142273791633493,0.13333333333333333,0.06486603642645582,1.5657933458871302e-05,2.0436314180532067e-05,509.88784600039554,305932.70760023734,logs/reacher_cdc_fixed_k_noise\run_fixed_k_K120_rho0.005_noise0.005_Kmin20_Kmax200_Kstep10_gmin1e-06_seed000.npz
fixed_k,1,120,0.005,0.005,600,120.0,0.0,1.0023082134046004e-07,2867295.0937844478,2.770568950494947,0.02657647556256321,0.007208780953165711,20052598.569632035,5.314312269708744e-05,0.0,0.03467814710572538,0.0665388321058867,0.1845795350613701,0.04319717705356637,0,128.29784965072,319.9924445547514,1.4142031102012687,0.15166666666666667,0.05622961821379098,1.5490961850094234e-05,1.9351972403281782e-05,523.1313593325709,313878.8155995426,logs/reacher_cdc_fixed_k_noise\run_fixed_k_K120_rho0.005_noise0.005_Kmin20_Kmax200_Kstep10_gmin1e-06_seed001.npz
fixed_k,2,120,0.005,0.005,600,120.0,0.0,9.279651477668595e-08,3386073.1010097275,2.9051526347365515,0.03028643220386557,0.0073244022090022095,20056821.503249608,1.5892608638296913e-05,0.0,0.0361593484124201,0.07925057291663387,0.1965072841060796,0.009584792792880346,1,136.89793486021026,328.57543033718,1.4141859148551408,0.205,0.06205021320190238,1.487163362394405e-05,1.8564870621153567e-05,521.2840631662402,312770.43789974414,logs/reacher_cdc_fixed_k_noise\run_fixed_k_K120_rho0.005_noise0.005_Kmin20_Kmax200_Kstep10_gmin1e-06_seed002.npz
fixed_k,3,120,0.005,0.005,600,120.0,0.0,1.0180505859136999e-07,3800197.1602292657,2.7095022174771883,0.024470501163929202,0.007572049421286837,20056329.644570194,1.0032715042854654e-05,0.0016666666666666668,0.03481847942851458,0.0668682003217853,0.2006017689611975,0.014939972636870306,0,133.81695561623292,328.230473967375,1.414204071982614,0.18333333333333332,0.05525056355854943,1.361070164799529e-05,1.7378368078518682e-05,535.9553643330582,321573.21859983495,logs/reacher_cdc_fixed_k_noise\run_fixed_k_K120_rho0.005_noise0.005_Kmin20_Kmax200_Kstep10_gmin1e-06_seed003.npz
fixed_k,4,120,0.005,0.005,600,120.0,0.0,1.193913867148604e-07,3353080.4520369763,2.768675828134959,0.02539464986293579,0.007503673350738724,20051614.90372374,1.0913148650954586e-05,0.0,0.03021103248560708,0.052289823162912995,0.18075376050906805,0.014077322322606481,0,131.53218127601968,324.6721965277011,1.4142041150123,0.16166666666666665,0.049771289314736816,1.2329155864882677e-05,1.564624240586247e-05,531.5689393343442,318941.36360060656,logs/reacher_cdc_fixed_k_noise\run_fixed_k_K120_rho0.005_noise0.005_Kmin20_Kmax200_Kstep10_gmin1e-06_seed004.npz
fixed_k,0,130,0.005,0.005,600,130.0,0.0,1.234751131485315e-07,3648543.6185779152,2.782609951458193,0.020989128148294872,0.007308326836576891,20060379.531720098,3.476779629270332e-05,0.0,0.0390067616538307,0.10394739035769299,0.18933254054304896,0.0019295655141974403,1,142.2615000759696,363.2939032077295,1.4143299885206788,0.20166666666666666,0.0647794173498658,1.493007914120782e-05,1.878882258026839e-05,587.088245000729,352252.9470004374,logs/reacher_cdc_fixed_k_noise\run_fixed_k_K130_rho0.005_noise0.005_Kmin20_Kmax200_Kstep10_gmin1e-06_seed000.npz
fixed_k,1,130,0.005,0.005,600,130.0,0.0,1.0667987091241045e-07,2993276.240280718,2.769037852018389,0.024010745828633197,0.007258914458948936,20055261.764908116,1.324753633955347e-05,0.0,0.030853951309641085,0.05306102077813112,0.1845795350613701,0.023138454055472647,1,138.35321084366984,349.97580172204084,1.4142153842240273,0.17,0.049346750391066334,1.2307449684458076e-05,1.5602297276119236e-05,596.9014531677627,358140.87190065766,logs/reacher_cdc_fixed_k_noise\run_fixed_k_K130_rho0.005_noise0.005_Kmin20_Kmax200_Kstep10_gmin1e-06_seed001.npz
fixed_k,2,130,0.005,0.005,600,130.0,0.0,1.0456893505294521e-07,3216860.5729761585,2.6914725758936537,0.03055754723098134,0.007455291951829796,20056609.392130014,1.702254520645821e-05,0.0,0.03242003352168451,0.06700416074043823,0.1965072841060796,0.003741169017557235,1,131.55755738876937,319.0943700584949,1.4139637155479663,0.15833333333333333,0.050985893430560605,1.2289202463793723e-05,1.592604599549721e-05,594.4253171674791,356655.19030048745,logs/reacher_cdc_fixed_k_noise\run_fixed_k_K130_rho0.005_noise0.005_Kmin20_Kmax200_Kstep10_gmin1e-06_seed002.npz
fixed_k,3,130,0.005,0.005,600,130.0,0.0,1.0467229919899967e-07,3374539.203610912,2.7133021950069267,0.022971142070071067,0.007299912720401558,20056024.33230102,1.0366033012859889e-05,0.0,0.03111465299902043,0.044995291605841654,0.2005980452050341,0.014840831011352197,1,129.9560305208297,327.05740529575854,1.4007203582299348,0.17,0.049178077677295345,1.1537968167651606e-05,1.488377095832986e-05,596.4273131650407,357856.3878990244,logs/reacher_cdc_fixed_k_noise\run_fixed_k_K130_rho0.005_noise0.005_Kmin20_Kmax200_Kstep10_gmin1e-06_seed003.npz
fixed_k,4,130,0.005,0.005,600,130.0,0.0,1.233184925350261e-07,2863316.534826606,2.759054093001829,0.02273500415569034,0.0069892354865457515,20051256.854110003,2.5464430140118482e-05,0.0,0.030762052730249696,0.041688367707003404,0.18075376050906805,0.013984535186255467,1,134.513979856746,325.6619819429725,1.4141865795657076,0.17333333333333334,0.049656095783751006,1.3086905013610405e-05,1.6542517658931666e-05,583.6413608325529,350184.81649953173,logs/reacher_cdc_fixed_k_noise\run_fixed_k_K130_rho0.005_noise0.005_Kmin20_Kmax200_Kstep10_gmin1e-06_seed004.npz
fixed_k,0,140,0.005,0.005,600,140.0,0.0,1.2733636230553176e-07,2669921.738768023,2.794653024335442,0.019910997730587673,0.006779517907669437,20051053.645148877,1.960896422210498e-05,0.0,0.028507516848045183,0.04669162348464727,0.18933254054304896,0.009967473263685647,0,140.9141028177674,372.0958698880549,1.4142094673846284,0.225,0.04712721072190813,1.0725119183865229e-05,1.3523297786307944e-05,659.0582623349231,395434.95740095386,logs/reacher_cdc_fixed_k_noise\run_fixed_k_K140_rho0.005_noise0.005_Kmin20_Kmax200_Kstep10_gmin1e-06_seed000.npz
fixed_k,1,140,0.005,0.005,600,140.0,0.0,1.2298721083284073e-07,2801251.2200156576,2.7140802188822617,0.02582642572746292,0.0068487137986110395,20052143.985384002,1.3894981242325767e-05,0.0,0.028474111682768994,0.04388370753742727,0.1845795350613701,0.009837487710119447,1,137.34482371655048,354.45411579209946,1.4142126271074444,0.18666666666666668,0.04494169638673047,1.1128216567420751e-05,1.4103573466904272e-05,661.041634332311,396624.9805993866,logs/reacher_cdc_fixed_k_noise\run_fixed_k_K140_rho0.005_noise0.005_Kmin20_Kmax200_Kstep10_gmin1e-06_seed001.npz
fixed_k,2,140,0.005,0.005,600,140.0,0.0,1.1309892990855154e-07,2728492.4238480385,2.7755788324265738,0.03035989962760672,0.006959866954360822,20057161.381931286,2.0440474461107512e-05,0.0016666666666666668,0.03175143962457444,0.04641285286204502,0.1965072841060796,0.037961205674745514,1,135.6023632427524,343.19075702912335,1.414210788731366,0.185,0.05113461550169999,1.3298402043737595e-05,1.7261664141614323e-05,655.2730849992562,393163.8509995537,logs/reacher_cdc_fixed_k_noise\run_fixed_k_K140_rho0.005_noise0.005_Kmin20_Kmax200_Kstep10_gmin1e-06_seed002.npz
fixed_k,3,140,0.005,0.005,600,140.0,0.0,1.0887742286970569e-07,2911705.3990343725,2.7453424332994283,0.023053035336104893,0.006943712351076005,20056227.86437552,3.261637095246934e-05,0.0,0.029114360097237366,0.04113372339758294,0.2005980452050341,0.018734815224827176,0,133.44528138274484,332.3854067190807,1.4082392756410589,0.16833333333333333,0.04733059942869788,1.1274221158919726e-05,1.426152702439744e-05,665.8425853338364,399505.55120030185,logs/reacher_cdc_fixed_k_noise\run_fixed_k_K140_rho0.005_noise0.005_Kmin20_Kmax200_Kstep10_gmin1e-06_seed003.npz
fixed_k,4,140,0.005,0.005,600,140.0,0.0,1.3401176189916439e-07,2868439.4356965725,2.7110270791523696,0.025278398564386968,0.007156005597469082,20052526.63941573,1.3936265388167481e-05,0.0,0.029861994503128764,0.051118375057064507,0.18075376050906805,0.0055289489470906235,1,134.3970450859428,351.2128405817764,1.4074430331429804,0.15333333333333332,0.0457127237673828,1.1513618643868356e-05,1.4541696028611874e-05,654.1723908313239,392503.4344987944,logs/reacher_cdc_fixed_k_noise\run_fixed_k_K140_rho0.005_noise0.005_Kmin20_Kmax200_Kstep10_gmin1e-06_seed004.npz
fixed_k,0,150,0.005,0.005,600,150.0,0.0,1.3208067559398883e-07,2565338.367104355,2.706073513187579,0.020348110400131694,0.0063639035167271036,20055148.679830823,1.711136650673454e-05,0.0,0.0309196161145906,0.052426796403167365,0.18933254054304896,0.010429494381568554,1,133.48690142520226,347.42047502269963,1.4142197296083505,0.185,0.04755334726970917,1.2004488345570771e-05,1.5009225777751936e-05,715.8602011657786,429516.12069946714,logs/reacher_cdc_fixed_k_noise\run_fixed_k_K150_rho0.005_noise0.005_Kmin20_Kmax200_Kstep10_gmin1e-06_seed000.npz
fixed_k,1,150,0.005,0.005,600,150.0,0.0,1.764221479817207e-07,2632202.2163407197,2.668956423854363,0.02366285978424186,0.006890718080384902,20051870.50184364,2.9955093487187244e-05,0.0,0.029842663580661597,0.06283536508181375,0.1845795350613701,0.007953226935242723,1,131.639025031112,346.2750507520501,1.4142221418849288,0.18333333333333332,0.04615287301242323,1.1464017328807034e-05,1.4674668874965957e-05,729.045191166127,437427.11469967617,logs/reacher_cdc_fixed_k_noise\run_fixed_k_K150_rho0.005_noise0.005_Kmin20_Kmax200_Kstep10_gmin1e-06_seed001.npz
fixed_k,2,150,0.005,0.005,600,150.0,0.0,1.2295413738962385e-07,2559168.812296974,2.675382635021489,0.023728763230612404,0.006470902400812581,20056092.31195068,1.1693073310873598e-05,0.0,0.03102494734506599,0.055942913599475334,0.1965072841060796,0.006912404797392276,0,132.91150014976702,343.9118019508423,1.407646392198391,0.17333333333333334,0.047056502076374844,1.2182642101654654e-05,1.56483890654387e-05,723.5242886684136,434114.5732010482,logs/reacher_cdc_fixed_k_noise\run_fixed_k_K150_rho0.005_noise0.005_Kmin20_Kmax200_Kstep10_gmin1e-06_seed002.npz
fixed_k,3,150,0.005,0.005,600,150.0,0.0,1.1653046044723128e-07,2828989.9944138606,2.665930464810377,0.025200372695399327,0.0064837722708719,20055824.210328538,1.1905449939078076e-05,0.0,0.03177840897090516,0.07115007588087517,0.2005980452050341,0.01910964128773278,1,141.73139263401822,372.9151629369761,1.4142515720825959,0.18333333333333332,0.04852050801567066,1.1371280614347678e-05,1.4673620130751786e-05,729.2980088332357,437578.80529994145,logs/reacher_cdc_fixed_k_noise\run_fixed_k_K150_rho0.005_noise0.005_Kmin20_Kmax200_Kstep10_gmin1e-06_seed003.npz
fixed_k,4,150,0.005,0.005,600,150.0,0.0,1.4352481451676305e-07,2759963.1803668155,2.725540230489267,0.021479216851540393,0.0069447693632045246,20063826.21835052,1.2216332341158187e-05,0.0,0.028414485190675704,0.06328276409962813,0.18075376050906805,0.009287000598982144,1,139.15828117786762,351.715708515039,1.4142172866415597,0.22,0.04480798816826871,1.0151099663397465e-05,1.2854728542302957e-05,725.5050093340105,435303.0056004063,logs/reacher_cdc_fixed_k_noise\run_fixed_k_K150_rho0.005_noise0.005_Kmin20_Kmax200_Kstep10_gmin1e-06_seed004.npz
fixed_k,0,160,0.005,0.005,600,160.0,0.0,1.383181135929251e-07,2649966.2266526595,2.7443477423448623,0.019536975960963578,0.006289879325081518,20066056.31478775,2.153535742767881e-05,0.0,0.030484789632607014,0.055596879474455345,0.18933254054304896,0.01475951100717458,1,137.9405257362301,349.28207534328936,1.4142142097813715,0.19666666666666666,0.049058684410773344,1.15422315400344e-05,1.4909405452259033e-05,790.8936803345568,474536.2082007341,logs/reacher_cdc_fixed_k_noise\run_fixed_k_K160_rho0.005_noise0.005_Kmin20_Kmax200_Kstep10_gmin1e-06_seed000.npz
fixed_k,1,160,0.005,0.005,600,160.0,0.0,1.912042400101771e-07,2367869.4270518287,2.7992210145643472,0.024445638790530744,0.006614196218760641,20059415.234106947,2.3921602108124047e-05,0.0,0.02907819664293208,0.04419181775255503,0.1845795350613701,0.021744515295943286,1,146.05722827539284,355.0770228384705,1.3661037058944425,0.21833333333333332,0.04730511275041985,1.1228852397942364e-05,1.4523801370274521e-05,793.3603003338794,476016.18020032765,logs/reacher_cdc_fixed_k_noise\run_fixed_k_K160_rho0.005_noise0.005_Kmin20_Kmax200_Kstep10_gmin1e-06_seed001.npz
fixed_k,2,160,0.005,0.005,600,160.0,0.0,1.3012671026035796e-07,2513285.0447723335,2.7516722299163323,0.02355099317949997,0.0060237054516370375,20055909.66590892,1.9914866434412948e-05,0.0,0.03263088226020174,0.06525516347523118,0.1965072841060796,0.008569970136696971,1,144.66981934617164,371.77354789377137,1.4023695301326475,0.20333333333333334,0.05111420871973647,1.29469315252064e-05,1.6564546344960866e-05,780.3462946654569,468207.77679927414,logs/reacher_cdc_fixed_k_noise\run_fixed_k_K160_rho0.005_noise0.005_Kmin20_Kmax200_Kstep10_gmin1e-06_seed002.npz
fixed_k,3,160,0.005,0.005,600,160.0,0.0,1.2367589061459816e-07,2512702.3848277787,2.718067226749643,0.025156383670597318,0.006197500730390114,20055490.43107573,4.2334016551340585e-05,0.0,0.029756141847994542,0.0382385817105011,0.2005980452050341,0.008872551513696269,1,139.14435277176432,355.05785954726684,1.409248373926781,0.18833333333333332,0.04707228693480208,1.1074690723165512e-05,1.4042401217321172e-05,797.9773266676542,478786.3960005925,logs/reacher_cdc_fixed_k_noise\run_fixed_k_K160_rho0.005_noise0.005_Kmin20_Kmax200_Kstep10_gmin1e-06_seed003.npz
fixed_k,4,160,0.005,0.005,600,160.0,0.0,1.469654725143592e-07,2485182.6886787815,2.7334215325521383,0.026133989640526618,0.006435155857821415,20051421.475970116,4.3994987412177175e-05,0.0,0.02807502274745936,0.03618269690178729,0.18075376050906805,0.0051310211380034155,1,144.8694251063543,377.2766426391837,1.4142994288410542,0.185,0.0448171892507716,1.0524140819881476e-05,1.3594984480709979e-05,787.894174833103,472736.50489986176,logs/reacher_cdc_fixed_k_noise\run_fixed_k_K160_rho0.005_noise0.005_Kmin20_Kmax200_Kstep10_gmin1e-06_seed004.npz
fixed_k,0,170,0.005,0.005,600,170.0,0.0,1.413550233356534e-07,2419748.4686306324,2.7796124901773553,0.018886786429622486,0.006001946958037253,20066321.851389434,2.765341911642248e-05,0.0016666666666666668,0.03392175807392722,0.07542821730989127,0.18933254054304896,0.009288497940515152,0,142.05203351262176,363.289513624592,1.414220116592454,0.215,0.05411688229498309,1.3776638817184374e-05,1.7690724077456205e-05,858.9093433327313,515345.6059996388,logs/reacher_cdc_fixed_k_noise\run_fixed_k_K170_rho0.005_noise0.005_Kmin20_Kmax200_Kstep10_gmin1e-06_seed000.npz
fixed_k,1,170,0.005,0.005,600,170.0,0.0,1.9316224863927463e-07,2416661.049298031,2.716007385149997,0.023871531317186407,0.006493783190637619,20072880.25906265,2.2409641492130024e-05,0.0016666666666666668,0.031862592715217825,0.058837354833026746,0.1845795350613701,0.03160383293262153,0,138.77742867461808,357.88379032724765,1.4142263932535963,0.19833333333333333,0.0491270554430958,1.2767004104909582e-05,1.6157817129102898e-05,867.1839711655048,520310.38269930286,logs/reacher_cdc_fixed_k_noise\run_fixed_k_K170_rho0.005_noise0.005_Kmin20_Kmax200_Kstep10_gmin1e-06_seed001.npz
fixed_k,2,170,0.005,0.005,600,170.0,0.0,1.4968456844593903e-07,2479711.1718181344,2.770537855694064,0.023470358442867163,0.0061062112919799605,20055978.209946264,1.9561889413459936e-05,0.0,0.031003969489424535,0.059017551613391735,0.1965072841060796,0.020813853906243487,1,147.23323012602668,370.7107805903733,1.4142235557858722,0.20166666666666666,0.049015595090934144,1.1272119692788199e-05,1.4822838247073084e-05,868.7980004991792,521278.80029950757,logs/reacher_cdc_fixed_k_noise\run_fixed_k_K170_rho0.005_noise0.005_Kmin20_Kmax200_Kstep10_gmin1e-06_seed002.npz
fixed_k,3,170,0.005,0.005,600,170.0,0.0,1.413542735676318e-07,2207628.571604975,2.739359530299588,0.024803206385161633,0.005651823059489658,20055755.794253998,4.626218165420078e-05,0.0016666666666666668,0.028976177753150298,0.03808833616004523,0.2005980452050341,0.01747287399800817,1,142.48686464377857,369.8166625726907,1.414217366694892,0.19333333333333333,0.04554658338855888,1.1024714623687452e-05,1.4140794586706699e-05,860.8935825004786,516536.14950028714,logs/reacher_cdc_fixed_k_noise\run_fixed_k_K170_rho0.005_noise0.005_Kmin20_Kmax200_Kstep10_gmin1e-06_seed003.npz
fixed_k,4,170,0.005,0.005,600,170.0,0.0,1.4986679941342994e-07,2480550.864895116,2.7170274301456128,0.09173000721484326,0.0065353033332895905,20051077.720154896,0.000484372247761007,0.0033333333333333335,0.028983990535754622,0.056572959662676475,0.18075376050906805,0.013110809246531654,1,139.97003056635288,354.1845449322142,1.4142156480702401,0.19833333333333333,0.04648628492812048,1.0667037706043277e-05,1.3577977284402945e-05,873.3831568335881,524029.8941001529,logs/reacher_cdc_fixed_k_noise\run_fixed_k_K170_rho0.005_noise0.005_Kmin20_Kmax200_Kstep10_gmin1e-06_seed004.npz
fixed_k,0,180,0.005,0.005,600,180.0,0.0,1.5637308195061883e-07,2131506.3429598175,2.8083026526555503,0.019322341657095142,0.005688630258924705,20060111.03634662,3.6762589113060124e-05,0.0016666666666666668,0.029456229728288062,0.03969106557300751,0.18933254054304896,0.017168552894763694,0,141.87013766235665,364.5973616967701,1.4142386488685208,0.20333333333333334,0.04728298626414454,1.2003293631081042e-05,1.5386118015267092e-05,929.4637165003223,557678.2299001934,logs/reacher_cdc_fixed_k_noise\run_fixed_k_K180_rho0.005_noise0.005_Kmin20_Kmax200_Kstep10_gmin1e-06_seed000.npz
fixed_k,1,180,0.005,0.005,600,180.0,0.0,2.4619515913684975e-07,2088518.4635516242,2.706441737781493,0.0233101185667786,0.005887763883172725,20064369.717469722,1.8569077193160055e-05,0.005,0.029515736775849004,0.04511724131424422,0.1845795350613701,0.02767137278616903,1,140.5651067184168,376.7720299435399,1.4142335494732492,0.185,0.04483393780587006,1.1371910853387117e-05,1.4457260660349815e-05,939.186801831238,563512.0810987428,logs/reacher_cdc_fixed_k_noise\run_fixed_k_K180_rho0.005_noise0.005_Kmin20_Kmax200_Kstep10_gmin1e-06_seed001.npz
fixed_k,2,180,0.005,0.005,600,180.0,0.0,1.5146089626656532e-07,2291996.4102282063,2.765517105236584,0.030846319791940233,0.0057790653673142674,20055641.580569915,1.521641112865772e-05,0.0016666666666666668,0.03123649841138518,0.05326245659589843,0.1965072841060796,0.013570210677237286,0,144.15009939085402,376.12766669041963,1.4142201714072418,0.22666666666666666,0.04893985870300134,1.1811589382958319e-05,1.5008764344852423e-05,933.2012576669998,559920.7546001999,logs/reacher_cdc_fixed_k_noise\run_fixed_k_K180_rho0.005_noise0.005_Kmin20_Kmax200_Kstep10_gmin1e-06_seed002.npz
fixed_k,3,180,0.005,0.005,600,180.0,0.0,1.514133573996482e-07,2325976.187606178,2.757957745192253,0.025443519914134204,0.005787459656957961,20055563.71193615,3.189379060632831e-05,0.0033333333333333335,0.028251363935792844,0.030091170686025175,0.2006017689611975,0.0032043691518359625,1,149.12577426082032,399.8539994996395,1.4142183872334149,0.245,0.04450910845947699,9.887431351039182e-06,1.2421307281467036e-05,952.8458126673164,571707.4876003899,logs/reacher_cdc_fixed_k_noise\run_fixed_k_K180_rho0.005_noise0.005_Kmin20_Kmax200_Kstep10_gmin1e-06_seed003.npz
fixed_k,4,180,0.005,0.005,600,180.0,0.0,1.5162997892639897e-07,2297383.9587361757,2.689801687877067,0.021765433498878106,0.006020686290330808,20051107.341676548,2.5935535289835344e-05,0.0,0.029557988381276115,0.06579431750794149,0.18075376050906805,0.013628696925564407,1,144.82621336134702,386.6032246368792,1.4142235338644786,0.20333333333333334,0.04421938350654996,1.0852262479012492e-05,1.3848337104516219e-05,922.6120491668311,553567.2295000986,logs/reacher_cdc_fixed_k_noise\run_fixed_k_K180_rho0.005_noise0.005_Kmin20_Kmax200_Kstep10_gmin1e-06_seed004.npz
fixed_k,0,190,0.005,0.005,600,190.0,0.0,1.6558990009915884e-07,2044170.7974247297,2.6868960534482085,0.01991971257870711,0.005328842260474163,20060420.37527554,3.8204819642608514e-05,0.0,0.030257075859976685,0.05518383430544197,0.18933254054304896,0.004073579827574537,1,145.75174060720082,396.5825638397612,1.4142522308219228,0.22,0.0456878307216367,1.183726778409911e-05,1.5352505682242667e-05,1001.6707829998146,601002.4697998888,logs/reacher_cdc_fixed_k_noise\run_fixed_k_K190_rho0.005_noise0.005_Kmin20_Kmax200_Kstep10_gmin1e-06_seed000.npz
fixed_k,1,190,0.005,0.005,600,190.0,0.0,2.593471516833224e-07,2140973.1692041126,2.723639280450963,0.024353158616502883,0.0060624626568506835,20057578.17427728,0.00012111537798154553,0.0016666666666666668,0.031050563557370885,0.06535927452307265,0.1845795350613701,0.013994099485404565,1,145.97659218033897,384.5913800031973,1.4142247401471026,0.205,0.04694433299048998,1.1458176726175045e-05,1.4647793170260373e-05,1021.5839086663133,612950.345199788,logs/reacher_cdc_fixed_k_noise\run_fixed_k_K190_rho0.005_noise0.005_Kmin20_Kmax200_Kstep10_gmin1e-06_seed001.npz
fixed_k,2,190,0.005,0.005,600,190.0,0.0,1.5502266333598008e-07,2114049.543360529,2.818646059606938,0.023817773129420038,0.005624605267561748,20055559.07830981,3.314749569916381e-05,0.0016666666666666668,0.032012869253580135,0.06410416037031645,0.1965072841060796,0.006388353873806659,1,150.18874236529342,386.28449257397057,1.414234067322316,0.20666666666666667,0.051183775492753304,1.2277583866702185e-05,1.5917252353996037e-05,997.7388918328021,598643.3350996813,logs/reacher_cdc_fixed_k_noise\run_fixed_k_K190_rho0.005_noise0.005_Kmin20_Kmax200_Kstep10_gmin1e-06_seed002.npz
fixed_k,3,190,0.005,0.005,600,190.0,0.0,1.6357441276510304e-07,2119542.8419880294,2.7663595986120058,0.025136389604389027,0.005252987299915069,20055750.217225756,4.1148109921071824e-05,0.0016666666666666668,0.0347581428291204,0.08406550221056357,0.2005980452050341,0.0013530165027774818,1,141.13343659745965,366.6867887088766,1.4142450254231937,0.18,0.05435824163781203,1.3115264130280546e-05,1.6628694538127064e-05,991.1484576657919,594689.0745994751,logs/reacher_cdc_fixed_k_noise\run_fixed_k_K190_rho0.005_noise0.005_Kmin20_Kmax200_Kstep10_gmin1e-06_seed003.npz
fixed_k,4,190,0.005,0.005,600,190.0,0.0,1.5542377654934977e-07,1996522.1710349545,2.6772518188798307,0.019991349595069076,0.005379218673215596,20051156.133561473,1.3934742994209254e-05,0.0,0.03074686441850689,0.043140736487349944,0.18075376050906805,0.020556721800357405,1,140.9858964988258,380.26679512068245,1.4142132582843177,0.18666666666666668,0.0464594266534905,1.317763673695934e-05,1.645155526429755e-05,989.9817691652182,593989.0614991309,logs/reacher_cdc_fixed_k_noise\run_fixed_k_K190_rho0.005_noise0.005_Kmin20_Kmax200_Kstep10_gmin1e-06_seed004.npz
fixed_k,0,200,0.005,0.005,600,200.0,0.0,1.7154105014817085e-07,2049985.832384483,2.762151330575665,0.034786908149447314,0.005550173445243047,20062770.946951296,0.00010853136991272424,0.005,0.027828724365683503,0.04308963228656223,0.18933254054304896,0.017723301969923423,1,143.9718927896942,375.78302011938445,1.4142130212867008,0.22166666666666668,0.04364713956097797,1.006069139377023e-05,1.2833301800076387e-05,1100.4636341667112,660278.1805000268,logs/reacher_cdc_fixed_k_noise\run_fixed_k_K200_rho0.005_noise0.005_Kmin20_Kmax200_Kstep10_gmin1e-06_seed000.npz
fixed_k,1,200,0.005,0.005,600,200.0,0.0,2.630857068115694e-07,1746174.5691983516,2.7997518988998915,0.01986865043349839,0.005262704594027559,20056837.344250064,2.0898326431962362e-05,0.005,0.0313525008207549,0.04683157266199207,0.1845795350613701,0.03180939301460197,0,147.4014552751213,389.92941904205736,1.4142429223265662,0.21166666666666667,0.0505496974252227,1.3244135963407678e-05,1.666711395854683e-05,1067.7253089983908,640635.1853990345,logs/reacher_cdc_fixed_k_noise\run_fixed_k_K200_rho0.005_noise0.005_Kmin20_Kmax200_Kstep10_gmin1e-06_seed001.npz
fixed_k,2,200,0.005,0.005,600,200.0,0.0,1.5848014219331683e-07,2110334.1519831084,2.7955265058928602,0.021717187410667027,0.005600752507578515,20055492.439028732,3.32315469021114e-05,0.0016666666666666668,0.033174869539416986,0.06574769285082671,0.1965072841060796,0.031710309885411826,1,147.7019969270649,380.503670299332,1.4142171696766321,0.21666666666666667,0.05257202145530735,1.3261748717979053e-05,1.702329469030738e-05,1085.2402174986007,651144.1304991604,logs/reacher_cdc_fixed_k_noise\run_fixed_k_K200_rho0.005_noise0.005_Kmin20_Kmax200_Kstep10_gmin1e-06_seed002.npz
fixed_k,3,200,0.005,0.005,600,200.0,0.0,1.653171878925852e-07,2123199.583968819,2.7821649182505657,0.024823475227880462,0.005402814533393817,20056015.41119314,3.088567433745684e-05,0.0033333333333333335,0.029182887762502264,0.04586030687897453,0.2006017689611975,0.03421889323268231,1,148.73807722530594,386.3842803899296,1.4142117742475886,0.2,0.04635923473299191,1.0154186439057274e-05,1.2969213433327428e-05,1097.8278279984563,658696.6967990738,logs/reacher_cdc_fixed_k_noise\run_fixed_k_K200_rho0.005_noise0.005_Kmin20_Kmax200_Kstep10_gmin1e-06_seed003.npz
fixed_k,4,200,0.005,0.005,600,200.0,0.0,1.5843955182861077e-07,2056626.1993006587,2.714297586090672,0.025909927678778,0.005599831000448039,20053582.766178757,8.990906864879671e-05,0.0033333333333333335,0.02867676078889683,0.04676271220392797,0.18075376050906805,0.0042091940605250054,1,140.27704319322254,371.81236148513403,1.414212885279604,0.205,0.04401058515533695,1.073913110561059e-05,1.3830857209219605e-05,1077.1475281669216,646288.5169001529,logs/reacher_cdc_fixed_k_noise\run_fixed_k_K200_rho0.005_noise0.005_Kmin20_Kmax200_Kstep10_gmin1e-06_seed004.npz
fixed_k,0,20,0.005,0.01,600,20.0,0.0,0.05893951241963263,104.20145588140916,2.660380360601629,1.679374850527509,0.04424257887135928,20082719.306071367,1.8930110192455966e-05,0.0033333333333333335,0.10816973999934831,0.18936143767848745,0.22927220300917184,0.06633688876065266,0,148.745541299029,356.3303177176425,1.4147419691240861,0.2733333333333333,0.32489537789288825,5.8849586974383444e-05,7.494596029766572e-05,60.480299166714154,36288.17950002849,logs/reacher_cdc_fixed_k_noise\run_fixed_k_K020_rho0.005_noise0.01_Kmin20_Kmax200_Kstep10_gmin1e-06_seed000.npz
fixed_k,1,20,0.005,0.01,600,20.0,0.0,0.04588037642461997,98.56978319220737,2.538094808541164,1.9497264292311376,0.05212036084857578,20063611.732448366,2.7117304048947266e-05,0.0033333333333333335,0.0935336119166554,0.17225851266527353,0.19229817368085356,0.1277816277277248,0,140.92787165123391,356.9381196311697,1.4138369782127047,0.20833333333333334,0.246825234296033,5.093755404624465e-05,6.371165853767907e-05,61.052010667723756,36631.206400634255,logs/reacher_cdc_fixed_k_noise\run_fixed_k_K020_rho0.005_noise0.01_Kmin20_Kmax200_Kstep10_gmin1e-06_seed001.npz
fixed_k,2,20,0.005,0.01,600,20.0,0.0,0.06201121786069191,92.183775645999,2.541931267203013,3.3943764268470327,0.05916050164575696,20087550.456446238,8.405968594736182e-05,0.005,0.1506705530103601,0.2263568924411141,0.24154452479633184,0.12256958125375533,0,138.7932281522028,331.99459973237356,1.4136455162608166,0.20166666666666666,0.5799562641591419,8.695862750084369e-05,0.0001134029517509524,60.42270399989017,36253.6223999341,logs/reacher_cdc_fixed_k_noise\run_fixed_k_K020_rho0.005_noise0.01_Kmin20_Kmax200_Kstep10_gmin1e-06_seed002.npz
fixed_k,3,20,0.005,0.01,600,20.0,0.0,0.06753368050023185,117.13648123655335,2.6901315345983803,2.7075430276833514,0.06109183634605897,20111802.388979934,4.5468257103276907e-05,0.011666666666666667,0.16463567926005726,0.26831196000753366,0.29470188496825683,0.09530145857516954,0,143.49996496043244,350.1459467618364,1.4143850391447534,0.225,0.7030348535450969,9.375162482270835e-05,0.0001201807039842726,60.32557116559474,36195.34269935684,logs/reacher_cdc_fixed_k_noise\run_fixed_k_K020_rho0.005_noise0.01_Kmin20_Kmax200_Kstep10_gmin1e-06_seed003.npz
fixed_k,4,20,0.005,0.01,600,20.0,0.0,0.05733282355826834,104.34623457940356,2.5962058635292684,4.514297886611876,0.06693575225453063,20094890.029506892,2.7586331305232353e-05,0.0033333333333333335,0.1510491165827241,0.2605690009555413,0.28734576509847437,0.19357894652798313,0,135.37659233194483,326.2529332208703,1.4146235829031144,0.22333333333333333,0.5867338527810811,8.295472272988738e-05,0.00010676665504671324,59.39029916703779,35634.17950022267,logs/reacher_cdc_fixed_k_noise\run_fixed_k_K020_rho0.005_noise0.01_Kmin20_Kmax200_Kstep10_gmin1e-06_seed004.npz
fixed_k,0,30,0.005,0.01,600,30.0,0.0,0.020321375075455127,275.6932483953913,3.183552729054228,2.2463941418702182,0.035267135344833216,20068444.465654228,8.821213468031475e-06,0.0,0.06572310867722979,0.11088039016243342,0.1897333195061151,0.052153344365830044,0,179.84109362038555,432.50519856460716,1.414792444509348,0.3416666666666667,0.1529229217693984,3.511846479906529e-05,4.427998815298532e-05,87.87016866709261,52722.101200255565,logs/reacher_cdc_fixed_k_noise\run_fixed_k_K030_rho0.005_noise0.01_Kmin20_Kmax200_Kstep10_gmin1e-06_seed000.npz
fixed_k,1,30,0.005,0.01,600,30.0,0.0,0.01772105727921793,285.4660932052059,3.2181683501223586,0.7089382430318683,0.02505772407168077,20070273.64064186,7.694424298783304e-06,0.0,0.08797724554354704,0.1156772372050954,0.1848039222842335,0.055448508824536356,0,163.674173443791,383.96005144150894,1.4143176362440895,0.295,0.23826404960522962,4.9527630179737774e-05,6.17890649786061e-05,87.29623616721558,52377.74170032935,logs/reacher_cdc_fixed_k_noise\run_fixed_k_K030_rho0.005_noise0.01_Kmin20_Kmax200_Kstep10_gmin1e-06_seed001.npz
fixed_k,2,30,0.005,0.01,600,30.0,0.0,0.014401727361209742,284.4607605025045,3.389157409292534,3.3376522654964003,0.05569967210430773,20067006.31521029,8.687476545187168e-06,0.0,0.07187463263218491,0.12751347000630078,0.1965072841060796,0.011949591650449932,0,167.73399010230185,383.9919659882065,1.4143215860135998,0.325,0.17921614352066442,3.8527316371010524e-05,4.886129499153155e-05,88.75083116736884,53250.4987004213,logs/reacher_cdc_fixed_k_noise\run_fixed_k_K030_rho0.005_noise0.01_Kmin20_Kmax200_Kstep10_gmin1e-06_seed002.npz
fixed_k,3,30,0.005,0.01,600,30.0,0.0,0.022559346672640344,285.32804174145065,3.3020198317151195,3.3327879583663806,0.0489796786836625,20087687.664934546,1.1340477104225828e-05,0.0,0.11690026951269122,0.16765607782060196,0.2083899951450773,0.10673819347465492,0,165.45852039495637,393.18773620424173,1.4146221931646934,0.30833333333333335,0.3847376075647646,6.694116472870062e-05,8.42543342629216e-05,87.84569883428048,52707.41930056829,logs/reacher_cdc_fixed_k_noise\run_fixed_k_K030_rho0.005_noise0.01_Kmin20_Kmax200_Kstep10_gmin1e-06_seed003.npz
fixed_k,4,30,0.005,0.01,600,30.0,0.0,0.02385575683494704,287.6028072475066,3.2628100259077035,0.19877174806651116,0.02341952414135837,20081865.49931192,1.3179839786315498e-05,0.0,0.09908485959335064,0.16036648951855606,0.18075376050906805,0.13922130485813186,0,170.31419084330832,396.8415495090794,1.4145345271685243,0.30333333333333334,0.2879000323949509,5.4154072491999996e-05,6.92552517720944e-05,87.35604299940557,52413.62579964334,logs/reacher_cdc_fixed_k_noise\run_fixed_k_K030_rho0.005_noise0.01_Kmin20_Kmax200_Kstep10_gmin1e-06_seed004.npz
fixed_k,0,40,0.005,0.01,600,40.0,0.0,0.00013986548337615955,6499.690314016668,3.5759143055620037,1.2093071359835528,0.02366397054311216,20075822.117388967,2.550385622358152e-05,0.0,0.06579988175101745,0.11153403291946944,0.18933254054304896,0.055730560899991836,0,185.83362291051827,420.37882193442346,1.4145600444662367,0.385,0.1608592046861417,3.438817528111274e-05,4.314037915149736e-05,127.78853216703283,76673.1193002197,logs/reacher_cdc_fixed_k_noise\run_fixed_k_K040_rho0.005_noise0.01_Kmin20_Kmax200_Kstep10_gmin1e-06_seed000.npz
fixed_k,1,40,0.005,0.01,600,40.0,0.0,0.0002627373499455921,7079.779859861018,3.6136252109916427,2.034982122361355,0.027749660543695605,20069705.970577158,3.108187383696756e-05,0.0,0.05893649494312419,0.0980729138346294,0.18553052858704108,0.08132430173552302,0,183.1802362238132,411.22015066903907,1.414511486049888,0.33166666666666667,0.14512463493934602,3.089282783095396e-05,3.8562775799803015e-05,127.23853166641977,76343.11899985187,logs/reacher_cdc_fixed_k_noise\run_fixed_k_K040_rho0.005_noise0.01_Kmin20_Kmax200_Kstep10_gmin1e-06_seed001.npz
fixed_k,2,40,0.005,0.01,600,40.0,0.0,0.00027365380059152217,6705.909102322807,3.636198501924003,0.832566295476295,0.023556949702432717,20074214.596398164,2.4502077942482204e-05,0.0,0.05967052458580317,0.0974587337603017,0.1969218743027255,0.018917880598890005,0,187.19251619298063,413.6586392228849,1.4144682444206103,0.38333333333333336,0.1472026700955757,3.095376031848348e-05,3.856260104626871e-05,128.02551050078668,76815.306300472,logs/reacher_cdc_fixed_k_noise\run_fixed_k_K040_rho0.005_noise0.01_Kmin20_Kmax200_Kstep10_gmin1e-06_seed002.npz
fixed_k,3,40,0.005,0.01,600,40.0,0.0,0.0001462240973566568,6115.2626384255145,3.6416223599818114,2.175023517391068,0.05304600048130769,20079894.750722222,1.167970599323205e-05,0.0,0.0958997912643796,0.13657724363338383,0.20105928380349283,0.10683431788812116,0,177.83447984326955,421.6504379780693,1.41442130355726,0.34833333333333333,0.28716191060616486,5.435375072867675e-05,6.65575626770639e-05,125.48749483578528,75292.49690147117,logs/reacher_cdc_fixed_k_noise\run_fixed_k_K040_rho0.005_noise0.01_Kmin20_Kmax200_Kstep10_gmin1e-06_seed003.npz
fixed_k,4,40,0.005,0.01,600,40.0,0.0,0.0003005334068480396,5456.601127263606,3.5760740752661233,4.5493264746804325,0.04083196316724559,20070888.24664245,3.1801705281533536e-05,0.0,0.08821256710963715,0.1289699010555507,0.18075376050906805,0.12190645822991295,0,185.91061296158685,433.1105384024321,1.414522462678583,0.36833333333333335,0.24393777434995237,4.735772992910514e-05,6.331464651554226e-05,127.22515500082712,76335.09300049627,logs/reacher_cdc_fixed_k_noise\run_fixed_k_K040_rho0.005_noise0.01_Kmin20_Kmax200_Kstep10_gmin1e-06_seed004.npz
fixed_k,0,50,0.005,0.01,600,50.0,0.0,6.136718887733284e-10,267738199.4320789,3.9775542159833654,0.06053426384613399,0.019903615377736928,20065047.96761082,5.4988091810918815e-05,0.0,0.06581549128320534,0.11139714853906467,0.18933254054304896,0.012986296619046156,0,195.85788574676184,434.39189906490515,1.414317574154061,0.4066666666666667,0.17607807584284377,3.428771315328049e-05,4.393220906009879e-05,161.7726240012174,97063.57440073043,logs/reacher_cdc_fixed_k_noise\run_fixed_k_K050_rho0.005_noise0.01_Kmin20_Kmax200_Kstep10_gmin1e-06_seed000.npz
fixed_k,1,50,0.005,0.01,600,50.0,0.0,2.327653697818234e-10,350376380.7713538,3.756954462439396,0.4878618638826102,0.020242941367393352,20066096.721083805,3.4166302667000076e-05,0.0,0.07086992837174406,0.11678524314106482,0.1911607115453211,0.047025802992043085,0,195.34063109742578,449.3107792220312,1.4143073305538338,0.385,0.1836284412262445,3.66729019631327e-05,4.560906975462463e-05,161.1104180016749,96666.25080100494,logs/reacher_cdc_fixed_k_noise\run_fixed_k_K050_rho0.005_noise0.01_Kmin20_Kmax200_Kstep10_gmin1e-06_seed001.npz
fixed_k,2,50,0.005,0.01,600,50.0,0.0,3.311450899560814e-10,330926431.99532706,4.066976983643432,2.4579309748957296,0.03992851171757625,20099135.631889034,2.8992616119479738e-05,0.0,0.07145103999137685,0.10966766563175406,0.1965072841060796,0.08704239488102473,0,196.53890247531328,462.5487156400022,1.4145953219547494,0.3983333333333333,0.19549172566132553,3.951002439213245e-05,5.190724067885987e-05,161.08657483341327,96651.94490004797,logs/reacher_cdc_fixed_k_noise\run_fixed_k_K050_rho0.005_noise0.01_Kmin20_Kmax200_Kstep10_gmin1e-06_seed002.npz
fixed_k,3,50,0.005,0.01,600,50.0,0.0,4.809645554579266e-10,241963872.96908426,3.6175725690254588,1.426826494632395,0.022813290290345463,20062155.859418966,2.7423497902444753e-05,0.0,0.0613717402958256,0.09651458155669876,0.2005980452050341,0.004731151475510506,0,188.45819267208947,431.13501624932553,1.4143307794415143,0.4116666666666667,0.14560569650005714,3.274976558992675e-05,4.2417271653356294e-05,160.58366033432927,96350.19620059757,logs/reacher_cdc_fixed_k_noise\run_fixed_k_K050_rho0.005_noise0.01_Kmin20_Kmax200_Kstep10_gmin1e-06_seed003.npz
fixed_k,4,50,0.005,0.01,600,50.0,0.0,1.9595619070312056e-09,142627030.58920914,3.879556479102483,2.666222567264958,0.02474245053070018,20065696.919696145,2.058449648946582e-05,0.0,0.06566860874757079,0.1072170818843935,0.18075376050906805,0.04164622756209718,0,186.6194402554744,418.0268761762677,1.4144554790417667,0.335,0.17056250374008441,3.4676604127069095e-05,4.4848786665727644e-05,162.89545966613028,97737.27579967817,logs/reacher_cdc_fixed_k_noise\run_fixed_k_K050_rho0.005_noise0.01_Kmin20_Kmax200_Kstep10_gmin1e-06_seed004.npz
fixed_k,0,60,0.005,0.01,600,60.0,0.0,3.592821457436821e-08,12201383.460281465,3.7307307440189703,1.24309434359784,0.02148357829281615,20064158.32078105,3.091002807101546e-05,0.0,0.05936656832307712,0.11016317483087439,0.18933254054304896,0.011128306997424411,0,189.4953232814935,426.5438568651149,1.4143951509623158,0.37666666666666665,0.14110971681250026,3.013290674862703e-05,3.821466831752075e-05,207.30596850034394,124383.58110020636,logs/reacher_cdc_fixed_k_noise\run_fixed_k_K060_rho0.005_noise0.01_Kmin20_Kmax200_Kstep10_gmin1e-06_seed000.npz
fixed_k,1,60,0.005,0.01,600,60.0,0.0,5.034094317869539e-08,8256977.466909717,3.9998511351426207,3.7391676217063736,0.025064450254552235,20089314.213182986,0.00011615337944671858,0.0,0.05196398914675946,0.0934004507558605,0.18509547863346254,0.041091199398097036,0,194.13468052899253,436.2507198823697,1.4143186037839997,0.34833333333333333,0.13120521338101046,2.643005182014704e-05,3.43540599715006e-05,208.76155466607693,125256.93279964617,logs/reacher_cdc_fixed_k_noise\run_fixed_k_K060_rho0.005_noise0.01_Kmin20_Kmax200_Kstep10_gmin1e-06_seed001.npz
fixed_k,2,60,0.005,0.01,600,60.0,0.0,2.927740374267276e-08,11023377.422995714,3.7515211288095074,0.05045836638104009,0.019174247764698737,20087549.185765676,3.577395205744043e-05,0.0,0.05098698052388369,0.08454551635375547,0.1965072841060796,0.009148917859361033,0,190.11226538472596,443.93679021326045,1.4145514112560233,0.36833333333333335,0.12355884922789778,2.4538105452429586e-05,3.169977172807386e-05,206.78794633509824,124072.76780105894,logs/reacher_cdc_fixed_k_noise\run_fixed_k_K060_rho0.005_noise0.01_Kmin20_Kmax200_Kstep10_gmin1e-06_seed002.npz
fixed_k,3,60,0.005,0.01,600,60.0,0.0,2.385875578132777e-08,9372736.955002142,3.976004966676895,0.04938050066518511,0.018878638932981168,20194650.39819576,0.00016950890892778757,0.0,0.056646315802187854,0.09983491571976601,0.2005980452050341,0.040201783210100754,0,197.42928564521145,447.31667246558425,1.41465644342974,0.385,0.14572593540226556,2.896292565088516e-05,3.683388485801999e-05,209.40658050016887,125643.94830010133,logs/reacher_cdc_fixed_k_noise\run_fixed_k_K060_rho0.005_noise0.01_Kmin20_Kmax200_Kstep10_gmin1e-06_seed003.npz
fixed_k,4,60,0.005,0.01,600,60.0,0.0,4.533438103226724e-08,9336713.647404572,3.9310518567589035,3.7225957480032736,0.05344808083985033,20116757.186733402,2.720127129726132e-05,0.0,0.08479225026241215,0.12932632366299407,0.18075376050906805,0.08841007418803505,0,200.3885321734045,459.79305360797275,1.4144203403142765,0.37833333333333335,0.2397175088560283,4.506267986989303e-05,5.909182539241495e-05,207.38309166704616,124429.85500022769,logs/reacher_cdc_fixed_k_noise\run_fixed_k_K060_rho0.005_noise0.01_Kmin20_Kmax200_Kstep10_gmin1e-06_seed004.npz
fixed_k,0,70,0.005,0.01,600,70.0,0.0,4.715391814064693e-08,6839495.672462337,3.736572467509221,0.05024916003232367,0.018167200436730344,20091651.916867662,3.5594374127333245e-05,0.0,0.04667044459659278,0.08826796271432426,0.18933254054304896,0.0242300925643098,0,186.86680003567798,435.72128867470735,1.4142527156652047,0.295,0.1085096892112059,2.2641679099511924e-05,2.905193964799696e-05,264.5859621675724,158751.57730054343,logs/reacher_cdc_fixed_k_noise\run_fixed_k_K070_rho0.005_noise0.01_Kmin20_Kmax200_Kstep10_gmin1e-06_seed000.npz
fixed_k,1,70,0.005,0.01,600,70.0,0.0,7.319356257847788e-08,5608776.829311134,3.7447875506912713,0.04755783703851657,0.017605296355951358,20066867.91241399,6.115847056016114e-05,0.0,0.04549736993231496,0.07173777500446207,0.1845795350613701,0.03061959396718354,0,190.5285997412809,438.29965018168343,1.4143368626955983,0.3616666666666667,0.10590188844261768,2.3376932470731856e-05,2.9106024843257262e-05,260.254958999091,156152.9753994546,logs/reacher_cdc_fixed_k_noise\run_fixed_k_K070_rho0.005_noise0.01_Kmin20_Kmax200_Kstep10_gmin1e-06_seed001.npz
fixed_k,2,70,0.005,0.01,600,70.0,0.0,4.5472251178948034e-08,9284282.157626232,3.8146442028707965,1.9403821249437685,0.021169445298921428,20072387.72086977,5.028532080010189e-05,0.0,0.054475080424358335,0.11226711846915559,0.1965072841060796,0.069641892535243,0,184.94715003216584,415.22071982689147,1.414258375240177,0.2966666666666667,0.13006157538424426,2.6033374023411228e-05,3.3780830765461535e-05,260.4622596653644,156277.35579921864,logs/reacher_cdc_fixed_k_noise\run_fixed_k_K070_rho0.005_noise0.01_Kmin20_Kmax200_Kstep10_gmin1e-06_seed002.npz
fixed_k,3,70,0.005,0.01,600,70.0,0.0,4.4181576376386014e-08,7030244.508368983,3.7308998434109664,0.04949025729156853,0.01791165672976335,20089931.234904446,3.765676146230657e-05,0.0,0.04942791709470488,0.09229305052227176,0.2005980452050341,0.07914208503159485,0,182.72160932475128,411.54384224619923,1.4142703539269872,0.3016666666666667,0.11415299374314129,2.4924308103229508e-05,3.171023930468257e-05,273.3866348330048,164031.98089980287,logs/reacher_cdc_fixed_k_noise\run_fixed_k_K070_rho0.005_noise0.01_Kmin20_Kmax200_Kstep10_gmin1e-06_seed003.npz
fixed_k,4,70,0.005,0.01,600,70.0,0.0,6.730637885099904e-08,5721107.553468019,3.8573358849704906,4.955705666812913,0.026361811021421027,20097603.412273828,4.2891551644244465e-05,0.0016666666666666668,0.047016939432933995,0.08523075876203194,0.18075376050906805,0.015005460441572051,0,188.19694566345706,413.62573288939524,1.4142433951044644,0.3566666666666667,0.11522374475859534,2.3285621029253e-05,2.9798895292136273e-05,264.0387508330362,158423.25049982173,logs/reacher_cdc_fixed_k_noise\run_fixed_k_K070_rho0.005_noise0.01_Kmin20_Kmax200_Kstep10_gmin1e-06_seed004.npz
fixed_k,0,80,0.005,0.01,600,80.0,0.0,6.045175051764244e-08,5497699.233042982,3.642987133578074,0.17278378071543743,0.017511220257087408,20088851.43763546,3.153589595997116e-05,0.0,0.05187010530817761,0.10355794054438819,0.18933254054304896,0.017643584827097467,0,178.8660989931566,393.7790444407815,1.4142334034852173,0.2966666666666667,0.1165711590552843,2.6242105402433686e-05,3.370932660501461e-05,321.76137916598236,193056.82749958942,logs/reacher_cdc_fixed_k_noise\run_fixed_k_K080_rho0.005_noise0.01_Kmin20_Kmax200_Kstep10_gmin1e-06_seed000.npz
fixed_k,1,80,0.005,0.01,600,80.0,0.0,7.831572870650746e-08,4939356.01142517,3.5752668211351035,0.04719592829543333,0.01719505496328988,20069841.277721837,0.0001305866923951803,0.0,0.038997368259020615,0.06987971833031995,0.1845795350613701,0.020596539274640866,0,180.40370101537587,412.7923925762707,1.4142544386129383,0.33166666666666667,0.08699352258530628,1.9192586444509967e-05,2.4419894668576238e-05,329.4060973341887,197643.65840051323,logs/reacher_cdc_fixed_k_noise\run_fixed_k_K080_rho0.005_noise0.01_Kmin20_Kmax200_Kstep10_gmin1e-06_seed001.npz
fixed_k,2,80,0.005,0.01,600,80.0,0.0,5.558826719252101e-08,5974681.650745686,3.547846263796506,0.050787692109941884,0.01780965281595951,20091714.502454963,3.267993388184171e-05,0.0,0.049742340210668236,0.10985168777618004,0.1965072841060796,0.02884340786843084,0,174.61328715275113,394.80132795870566,1.4142283916374019,0.275,0.11080187388324021,2.4364875681090112e-05,3.144056271774751e-05,340.78864933292306,204473.18959975382,logs/reacher_cdc_fixed_k_noise\run_fixed_k_K080_rho0.005_noise0.01_Kmin20_Kmax200_Kstep10_gmin1e-06_seed002.npz
fixed_k,3,80,0.005,0.01,600,80.0,0.0,6.1615739732505e-08,5195878.979576804,3.577225018773385,0.05001323634831751,0.017549281319613374,20071691.03085826,4.386522670732679e-05,0.0,0.050404252171197775,0.09538425797801428,0.2005980452050341,0.003661741226357624,0,181.5901494469997,423.6245190436425,1.4142584123292565,0.315,0.1119648280502764,2.5324955781048338e-05,3.2301083573838714e-05,342.9005225011497,205740.3135006898,logs/reacher_cdc_fixed_k_noise\run_fixed_k_K080_rho0.005_noise0.01_Kmin20_Kmax200_Kstep10_gmin1e-06_seed003.npz
fixed_k,4,80,0.005,0.01,600,80.0,0.0,7.533090065559196e-08,5268209.771238187,3.4891200282242223,0.047879718280167446,0.017517775407949205,20075369.30618366,4.5186715549045415e-05,0.0016666666666666668,0.04846815403881706,0.09969014126563859,0.18076940152087556,0.04897710794744122,0,178.75493532807133,410.2704164748646,1.4142995428179252,0.305,0.10198416540782498,2.3334319112218818e-05,3.055294589957012e-05,341.5843303334744,204950.59820008464,logs/reacher_cdc_fixed_k_noise\run_fixed_k_K080_rho0.005_noise0.01_Kmin20_Kmax200_Kstep10_gmin1e-06_seed004.npz
fixed_k,0,90,0.005,0.01,600,90.0,0.0,6.698140705986199e-08,5261989.913165979,3.5740194762664106,0.050806313192749,0.01722630602123496,20093982.74403669,5.26777781221431e-05,0.0,0.04640586183192596,0.1077225394120115,0.1895800418640118,0.02726123869042881,0,178.63476155897433,413.48143607283083,1.4143313409210174,0.285,0.10139675020420576,2.1787370522759813e-05,2.8185466611447433e-05,391.5557733319777,234933.46399918664,logs/reacher_cdc_fixed_k_noise\run_fixed_k_K090_rho0.005_noise0.01_Kmin20_Kmax200_Kstep10_gmin1e-06_seed000.npz
fixed_k,1,90,0.005,0.01,600,90.0,0.0,9.071275105088185e-08,4607122.4631281765,3.349211055963588,0.046843731120777506,0.016751654476825265,20067882.0249334,3.960980443460617e-05,0.0,0.04913528597447984,0.10490205679010457,0.1845795350613701,0.004003669555203974,0,174.545349131793,411.56751720233507,1.4142862794285995,0.28,0.10159530654512036,2.3740858832998286e-05,2.9710836003156707e-05,395.44341066774604,237266.0464006476,logs/reacher_cdc_fixed_k_noise\run_fixed_k_K090_rho0.005_noise0.01_Kmin20_Kmax200_Kstep10_gmin1e-06_seed001.npz
fixed_k,2,90,0.005,0.01,600,90.0,0.0,6.702079586661618e-08,4623934.709941699,3.422375167741764,0.049775056616629995,0.01667118851712541,20087799.87026921,4.9373481499220727e-05,0.0,0.0397407553197151,0.0686950875705592,0.1965072841060796,0.012189362210481797,1,169.27602510008435,372.364372701692,1.4142181557044584,0.27166666666666667,0.08195883606149106,1.8211618054069555e-05,2.3001784614525148e-05,388.0893031668772,232853.5819001263,logs/reacher_cdc_fixed_k_noise\run_fixed_k_K090_rho0.005_noise0.01_Kmin20_Kmax200_Kstep10_gmin1e-06_seed002.npz
fixed_k,3,90,0.005,0.01,600,90.0,0.0,6.847365824162618e-08,4227533.495610547,3.544433004658005,0.049516226179373526,0.016668140462308974,20092183.499711193,3.2261775925599e-05,0.0,0.044910635718137915,0.08052316635445296,0.2005980452050341,0.032107217578022616,0,179.850155737546,420.59192416079713,1.414279448331869,0.28,0.09561790241400533,2.1795150521002516e-05,2.8385118403637216e-05,387.483019833647,232489.81190018822,logs/reacher_cdc_fixed_k_noise\run_fixed_k_K090_rho0.005_noise0.01_Kmin20_Kmax200_Kstep10_gmin1e-06_seed003.npz
fixed_k,4,90,0.005,0.01,600,90.0,0.0,1.0201823535583067e-07,4219395.928279036,3.3855285207814023,0.05049032492709024,0.01651617839895844,20073501.19384425,3.3928290403317256e-05,0.0016666666666666668,0.041156317251294164,0.07354028675739956,0.18075376050906805,0.01267760001234427,0,175.54510545925325,401.6527052739731,1.4142828059938701,0.32166666666666666,0.08346764120117192,1.9733668125883993e-05,2.5266758347499626e-05,382.2141206696203,229328.47240177216,logs/reacher_cdc_fixed_k_noise\run_fixed_k_K090_rho0.005_noise0.01_Kmin20_Kmax200_Kstep10_gmin1e-06_seed004.npz
fixed_k,0,100,0.005,0.01,600,100.0,0.0,8.123503084931667e-08,3986875.393109842,3.483136622314029,0.050639219643811365,0.016398126743367117,20093745.462099954,3.7988626257766236e-05,0.0,0.04108129329993572,0.09335670299868035,0.18933254054304896,0.025546990511065196,0,169.18667473312482,395.4388203219958,1.4142145433497377,0.28833333333333333,0.0875991591925893,1.8674655259095655e-05,2.362191213260053e-05,437.11457200047636,262268.7432002858,logs/reacher_cdc_fixed_k_noise\run_fixed_k_K100_rho0.005_noise0.01_Kmin20_Kmax200_Kstep10_gmin1e-06_seed000.npz
fixed_k,1,100,0.005,0.01,600,100.0,0.0,1.0356159683169386e-07,3505622.248317045,3.339628977530566,0.046843203439067116,0.015685881168018737,20098919.36673873,5.9999010503027185e-05,0.0,0.03919024038201477,0.06913589741253595,0.1845795350613701,0.030491092574428745,0,170.32050600832895,411.8338962013782,1.414224475432051,0.295,0.07840679566252327,1.8830273607396824e-05,2.421585708970504e-05,435.5130004995347,261307.80029972084,logs/reacher_cdc_fixed_k_noise\run_fixed_k_K100_rho0.005_noise0.01_Kmin20_Kmax200_Kstep10_gmin1e-06_seed001.npz
fixed_k,2,100,0.005,0.01,600,100.0,0.0,7.678073242827457e-08,3933976.4088841677,3.3085677155267756,0.050210790643137666,0.017032268023930784,20073556.450657703,3.844262449595562e-05,0.0,0.040623580410034645,0.07610804912680147,0.1965072841060796,0.058803817000384846,0,167.58542610998936,389.45439807006824,1.4142375401170886,0.2633333333333333,0.08239173136046175,1.899058097097398e-05,2.4131812570499795e-05,436.2929898336491,261775.79390018946,logs/reacher_cdc_fixed_k_noise\run_fixed_k_K100_rho0.005_noise0.01_Kmin20_Kmax200_Kstep10_gmin1e-06_seed002.npz
fixed_k,3,100,0.005,0.01,600,100.0,0.0,7.975117204406342e-08,3638481.0667240922,3.5991531241792267,0.049143473411643906,0.01627224249043972,20110579.63348071,4.6047068211126046e-05,0.0,0.03949789393916023,0.06749495989844419,0.2005980452050341,0.023266300185598277,0,172.41439066929462,385.6914528041836,1.4143694009896095,0.3016666666666667,0.0876176973581459,1.8787836143496484e-05,2.4346931184344843e-05,435.5041299998023,261302.47799988138,logs/reacher_cdc_fixed_k_noise\run_fixed_k_K100_rho0.005_noise0.01_Kmin20_Kmax200_Kstep10_gmin1e-06_seed003.npz
fixed_k,4,100,0.005,0.01,600,100.0,0.0,1.1356550687990182e-07,3601414.402860775,3.403273739328434,0.05038216932187227,0.01541154989014838,20075421.18464188,7.748580917044435e-05,0.0,0.04814272362903686,0.07774860449217144,0.18075376050906805,0.06693626811797584,0,175.25431983606683,433.91224462944666,1.4142838141316618,0.28833333333333333,0.09801860653876902,2.4385982262172886e-05,3.024707898757496e-05,431.094668667259,258656.8012003554,logs/reacher_cdc_fixed_k_noise\run_fixed_k_K100_rho0.005_noise0.01_Kmin20_Kmax200_Kstep10_gmin1e-06_seed004.npz
fixed_k,0,110,0.005,0.01,600,110.0,0.0,9.037490744009698e-08,4029571.1222261866,3.354499159165733,0.05068027802498595,0.01591463581698364,20096101.453840863,4.807822944141877e-05,0.0,0.04273139325492122,0.10488213623447964,0.18933254054304896,0.013476423285857105,0,170.9988676675413,394.60090129599973,1.4142249659660102,0.23333333333333334,0.08709881394007161,1.854638130502639e-05,2.4014167505416182e-05,497.5261098323972,298515.6658994383,logs/reacher_cdc_fixed_k_noise\run_fixed_k_K110_rho0.005_noise0.01_Kmin20_Kmax200_Kstep10_gmin1e-06_seed000.npz
fixed_k,1,110,0.005,0.01,600,110.0,0.0,1.1063495078003499e-07,3336117.393626757,3.2977121665962787,0.04742252618523201,0.015407802227174442,20086363.09221103,6.607933222349472e-05,0.0,0.036978885388350424,0.052663510448412,0.1845795350613701,0.008551932157371621,0,168.97045537516905,411.6290950538017,1.4142840394165501,0.275,0.07270843818272743,1.7237081744773532e-05,2.1552281523321612e-05,498.26844500144944,298961.06700086966,logs/reacher_cdc_fixed_k_noise\run_fixed_k_K110_rho0.005_noise0.01_Kmin20_Kmax200_Kstep10_gmin1e-06_seed001.npz
fixed_k,2,110,0.005,0.01,600,110.0,0.0,8.172631652344822e-08,3831770.607258611,3.0884903926411384,0.05035840207209216,0.01622910638081147,20079731.286450848,6.720626728172997e-05,0.0,0.03558540486658175,0.09288831696361338,0.1965072841060796,0.025054262711025226,0,164.8498350811634,394.07489248271736,1.4142634925822333,0.25666666666666665,0.0656852852124939,1.4372900338792677e-05,1.8531596970670582e-05,501.5229008352617,300913.740501157,logs/reacher_cdc_fixed_k_noise\run_fixed_k_K110_rho0.005_noise0.01_Kmin20_Kmax200_Kstep10_gmin1e-06_seed002.npz
fixed_k,3,110,0.005,0.01,600,110.0,0.0,9.113340636455196e-08,3316609.0940291383,3.4026074223179443,0.04580009414563525,0.015617670728714993,20078022.796158236,3.222263878569443e-05,0.0,0.03676665619972829,0.05846766610828329,0.2005980452050341,0.01431220991768302,0,171.52059201952946,407.29592923742166,1.41421347669322,0.2683333333333333,0.07518943262424836,1.6660339937134654e-05,2.1677967958476396e-05,494.86260716725764,296917.56430035457,logs/reacher_cdc_fixed_k_noise\run_fixed_k_K110_rho0.005_noise0.01_Kmin20_Kmax200_Kstep10_gmin1e-06_seed003.npz
fixed_k,4,110,0.005,0.01,600,110.0,0.0,1.1711243242508633e-07,3213988.574393144,3.3496132768483124,0.050082166589259895,0.01556822619141174,20095636.849329688,5.668150141843207e-05,0.0016666666666666668,0.0369278287019191,0.07001725864770766,0.18075376050906805,0.018548858580989414,0,172.05922641808354,413.5285747492327,1.414245062309055,0.28,0.0745331597310163,1.6747713237223128e-05,2.1806847775818206e-05,496.6356025006583,297981.361500395,logs/reacher_cdc_fixed_k_noise\run_fixed_k_K110_rho0.005_noise0.01_Kmin20_Kmax200_Kstep10_gmin1e-06_seed004.npz
fixed_k,0,120,0.005,0.01,600,120.0,0.0,1.0083488700937402e-07,4756845.940117722,3.1426614354019624,0.06607426987802349,0.0153276046101273,20070803.36997585,0.00028208895350204257,0.0,0.04800255260930822,0.11070554360521109,0.18933254054304896,0.017261432747570513,0,164.8424770187646,396.76978905701486,1.414234232400949,0.27666666666666667,0.09216044700989787,2.0633802928051958e-05,2.685138139979107e-05,560.0153583327968,336009.2149996781,logs/reacher_cdc_fixed_k_noise\run_fixed_k_K120_rho0.005_noise0.01_Kmin20_Kmax200_Kstep10_gmin1e-06_seed000.npz
fixed_k,1,120,0.005,0.01,600,120.0,0.0,1.1273266852917198e-07,3196251.0471031223,3.2942614102972017,0.04713243200488495,0.015010304232728628,20096353.391262874,2.254110078283553e-05,0.0,0.03674740466677637,0.05725042759481147,0.1845795350613701,0.01420023490708774,1,169.98862902166786,390.0270371461125,1.4142940171161082,0.2816666666666667,0.07327156932393578,1.7413743852247614e-05,2.190868656240249e-05,561.2389055004072,336743.3433002443,logs/reacher_cdc_fixed_k_noise\run_fixed_k_K120_rho0.005_noise0.01_Kmin20_Kmax200_Kstep10_gmin1e-06_seed001.npz
fixed_k,2,120,0.005,0.01,600,120.0,0.0,9.803107455959867e-08,4259895.1669320185,3.1820231331445377,0.04911301002852061,0.015793400711124218,20084342.64544727,2.5944681621623088e-05,0.0,0.044819576112077306,0.10926331627493902,0.1965072841060796,0.016319256601786264,0,168.8247208562301,414.07750169118196,1.4142405867450316,0.2733333333333333,0.08546869834216599,1.842407872507324e-05,2.3711913867644984e-05,562.3649306666144,337418.9583999687,logs/reacher_cdc_fixed_k_noise\run_fixed_k_K120_rho0.005_noise0.01_Kmin20_Kmax200_Kstep10_gmin1e-06_seed002.npz
fixed_k,3,120,0.005,0.01,600,120.0,0.0,9.708369366775536e-08,3289041.600750835,3.181249778907051,0.04952185813210597,0.015274010252414696,20074414.586150847,2.406680105553108e-05,0.0016666666666666668,0.03988004813709211,0.06825965605996338,0.2005980452050341,0.01161599298872571,0,169.55737683098354,415.40620462516677,1.4142214857885032,0.25,0.07422284110467989,1.7790398783702326e-05,2.284469708230439e-05,560.4141886660364,336248.5131996218,logs/reacher_cdc_fixed_k_noise\run_fixed_k_K120_rho0.005_noise0.01_Kmin20_Kmax200_Kstep10_gmin1e-06_seed003.npz
fixed_k,4,120,0.005,0.01,600,120.0,0.0,1.2227597484123867e-07,3130157.10652139,3.301165980258661,0.050701732246040784,0.015393298757909145,20079734.82757367,6.493532796927014e-05,0.0,0.03592551355146739,0.06082589231593679,0.18075376050906805,0.010477373943823571,1,173.67522218300343,426.3332620891406,1.4142479724619554,0.2833333333333333,0.0709329305521873,1.6303225946314467e-05,2.127980637024587e-05,562.1706690010615,337302.4014006369,logs/reacher_cdc_fixed_k_noise\run_fixed_k_K120_rho0.005_noise0.01_Kmin20_Kmax200_Kstep10_gmin1e-06_seed004.npz
fixed_k,0,130,0.005,0.01,600,130.0,0.0,1.0762644110022084e-07,3005415.479013836,3.3439143070052855,0.04910173610046811,0.014614495854848144,20071240.78842783,5.1233945126774704e-05,0.0,0.039286573685090316,0.06172122762875047,0.18933254054304896,0.013689442142699413,0,167.35225546529887,396.7571712740413,1.4142809271603018,0.3016666666666667,0.07916937892851789,1.876172297069607e-05,2.3935624352773336e-05,626.1675758335817,375700.545500149,logs/reacher_cdc_fixed_k_noise\run_fixed_k_K130_rho0.005_noise0.01_Kmin20_Kmax200_Kstep10_gmin1e-06_seed000.npz
fixed_k,1,130,0.005,0.01,600,130.0,0.0,1.4186202453412454e-07,2895421.281218435,3.1572208187357016,0.0471403167737439,0.014697322749476606,20096981.476907272,1.9939380127160577e-05,0.0,0.03129165687442069,0.040468626391148885,0.1845795350613701,0.019467209430438025,0,168.11130716368254,427.14571920020154,1.4142373822358703,0.27,0.059942579187772134,1.3630716539335138e-05,1.7397081023252038e-05,631.6132911650735,378967.97469904413,logs/reacher_cdc_fixed_k_noise\run_fixed_k_K130_rho0.005_noise0.01_Kmin20_Kmax200_Kstep10_gmin1e-06_seed001.npz
fixed_k,2,130,0.005,0.01,600,130.0,0.0,1.0151490684983458e-07,3128672.788070685,3.2270360141342924,0.049781284405784276,0.014784941804043052,20072420.050146293,3.566060271116687e-05,0.0,0.04064094973062063,0.09498258015768486,0.1965072841060796,0.02187709678114537,0,168.29775122576444,420.64409117229206,1.414217191194334,0.27,0.07772102131624077,1.7911710469513216e-05,2.2995084286291802e-05,615.1004161677944,369060.24970067665,logs/reacher_cdc_fixed_k_noise\run_fixed_k_K130_rho0.005_noise0.01_Kmin20_Kmax200_Kstep10_gmin1e-06_seed002.npz
fixed_k,3,130,0.005,0.01,600,130.0,0.0,1.025716365716145e-07,3170699.878880597,3.2231941301290727,0.04976958437534283,0.015380335183437748,20083225.96639339,2.463697404335947e-05,0.0,0.031990687466986474,0.05260156546610292,0.2005980452050341,0.026996564035009073,0,167.90423050571547,407.92465383573824,1.41422280533969,0.275,0.06253209941935162,1.3184748617170983e-05,1.7136132084013706e-05,617.4343718333208,370460.6230999925,logs/reacher_cdc_fixed_k_noise\run_fixed_k_K130_rho0.005_noise0.01_Kmin20_Kmax200_Kstep10_gmin1e-06_seed003.npz
fixed_k,4,130,0.005,0.01,600,130.0,0.0,1.3070807989202387e-07,2687186.827590976,3.425067545801268,0.050397713395993096,0.014140351936710316,20071970.0753117,0.00010739201445658036,0.0016666666666666668,0.036452252403043624,0.059649990898344996,0.18075376050906805,0.03390710974074944,0,169.06747648367875,404.7594744770047,1.4142750691710302,0.29,0.07582411521778461,1.691721309259743e-05,2.1360921522936086e-05,608.9247758320804,365354.86549924826,logs/reacher_cdc_fixed_k_noise\run_fixed_k_K130_rho0.005_noise0.01_Kmin20_Kmax200_Kstep10_gmin1e-06_seed004.npz
fixed_k,0,140,0.005,0.01,600,140.0,0.0,1.0994369230547538e-07,2606498.1375290654,3.333535318534519,0.05055149850922209,0.013673889224880487,20075773.12488862,0.00011423214325885229,0.0016666666666666668,0.03948642919201577,0.07697280160772223,0.18933254054304896,0.007540783484155412,0,169.91909674618267,417.6745627137361,1.414212847443918,0.2833333333333333,0.07804250838212366,1.8382295657315773e-05,2.3665328095593762e-05,678.3509278324588,407010.5566994753,logs/reacher_cdc_fixed_k_noise\run_fixed_k_K140_rho0.005_noise0.01_Kmin20_Kmax200_Kstep10_gmin1e-06_seed000.npz
fixed_k,1,140,0.005,0.01,600,140.0,0.0,1.7304831388781875e-07,2438500.933996165,3.37375030436259,0.04668293460470958,0.013767830090760397,20072600.442220274,2.459978270757089e-05,0.0016666666666666668,0.03501478358843119,0.05209902828431943,0.1845795350613701,0.02445304469702159,0,173.78280940481528,420.74421502791654,1.4142321696619187,0.2733333333333333,0.07231543884892304,1.64494439216657e-05,2.0577699740779137e-05,678.4887449996313,407093.2469997788,logs/reacher_cdc_fixed_k_noise\run_fixed_k_K140_rho0.005_noise0.01_Kmin20_Kmax200_Kstep10_gmin1e-06_seed001.npz
fixed_k,2,140,0.005,0.01,600,140.0,0.0,1.1253979723909545e-07,2672948.925405021,3.200732616175558,0.0505082849741942,0.0143602822696835,20072016.77030694,7.10323198983583e-05,0.0016666666666666668,0.03327115034986133,0.05484913843655245,0.1965072841060796,0.027764362945505425,1,169.49690442992826,427.29607010841926,1.4142273780969172,0.27666666666666667,0.0626973810581555,1.4575220683230506e-05,1.8822285428258533e-05,684.4975890013544,410698.55340081267,logs/reacher_cdc_fixed_k_noise\run_fixed_k_K140_rho0.005_noise0.01_Kmin20_Kmax200_Kstep10_gmin1e-06_seed002.npz
fixed_k,3,140,0.005,0.01,600,140.0,0.0,1.1188983999127259e-07,2738145.8914067447,3.202806198714993,0.04977718636577838,0.014129406057935091,20080294.919333674,4.416394584407902e-05,0.0016666666666666668,0.03817978971158521,0.057687441518773745,0.2005980452050341,0.07052722145368306,1,170.38138023688316,416.0818096254892,1.4142346001834176,0.30833333333333335,0.07042781613940136,1.6989342338952897e-05,2.209164061381486e-05,688.5231789991182,413113.9073994709,logs/reacher_cdc_fixed_k_noise\run_fixed_k_K140_rho0.005_noise0.01_Kmin20_Kmax200_Kstep10_gmin1e-06_seed003.npz
fixed_k,4,140,0.005,0.01,600,140.0,0.0,1.5975342100796696e-07,2565389.113756695,3.262266128953931,0.04607131840462586,0.014292057022406776,20102981.188717153,7.972401980059833e-05,0.0,0.03501457224473654,0.05253807500608572,0.18075376050906805,0.020067730541812937,0,172.16344717958978,421.6534911058827,1.4142961177835445,0.27166666666666667,0.06814745175205392,1.626789930068263e-05,2.094695718861384e-05,687.6408823328287,412584.5293996972,logs/reacher_cdc_fixed_k_noise\run_fixed_k_K140_rho0.005_noise0.01_Kmin20_Kmax200_Kstep10_gmin1e-06_seed004.npz
fixed_k,0,150,0.005,0.01,600,150.0,0.0,1.270414840214348e-07,2453412.6430577827,3.16558060785608,0.04200789499037349,0.013355743443546751,20110079.03969244,6.030088942893589e-05,0.0016666666666666668,0.04016606768356463,0.07654983845310426,0.18933254054304896,0.04001200147386639,0,176.8662951240251,448.1300723827202,1.4143009136929925,0.32666666666666666,0.07343666113187983,1.8590400813414373e-05,2.3948761542603936e-05,740.6039518330363,444362.37109982176,logs/reacher_cdc_fixed_k_noise\run_fixed_k_K150_rho0.005_noise0.01_Kmin20_Kmax200_Kstep10_gmin1e-06_seed000.npz
fixed_k,1,150,0.005,0.01,600,150.0,0.0,1.8051285262666445e-07,2330202.108101942,3.24627746098976,0.05374981679359109,0.012985024956246392,20080938.6018064,0.0004206474522109459,0.0016666666666666668,0.03801556000907739,0.07094713152656032,0.1845795350613701,0.0093094309322222,0,177.29766300440122,447.07034772367183,1.4142600102649865,0.30833333333333335,0.0715076822603052,1.7367803304556603e-05,2.22811565435888e-05,741.1533780010844,444692.02680065064,logs/reacher_cdc_fixed_k_noise\run_fixed_k_K150_rho0.005_noise0.01_Kmin20_Kmax200_Kstep10_gmin1e-06_seed001.npz
fixed_k,2,150,0.005,0.01,600,150.0,0.0,1.1724234623154135e-07,2717568.27856418,3.1661250460342014,0.050223284856439725,0.014539986821409372,20069186.667924438,7.26503711072808e-05,0.0016666666666666668,0.03589060046214207,0.06488591923336043,0.1965072841060796,0.009420128423281326,0,165.87116162408728,401.8997813927491,1.41424099257813,0.26666666666666666,0.06734363199747098,1.631308412962693e-05,2.057803740761852e-05,753.4743681686814,452084.62090120884,logs/reacher_cdc_fixed_k_noise\run_fixed_k_K150_rho0.005_noise0.01_Kmin20_Kmax200_Kstep10_gmin1e-06_seed002.npz
fixed_k,3,150,0.005,0.01,600,150.0,0.0,1.2137409550751836e-07,2556311.9121430065,3.2941862374533706,0.049422310551557644,0.013902445851587513,20066835.8755296,3.836425785217958e-05,0.0,0.03940836711151477,0.07844825813311909,0.2005980452050341,0.02950985935262519,0,176.8008922554298,442.61633172949524,1.414248941979275,0.295,0.07562991614569496,1.72568729629816e-05,2.2598636242615907e-05,742.8863708326631,445731.8224995979,logs/reacher_cdc_fixed_k_noise\run_fixed_k_K150_rho0.005_noise0.01_Kmin20_Kmax200_Kstep10_gmin1e-06_seed003.npz
fixed_k,4,150,0.005,0.01,600,150.0,0.0,1.6344613515874997e-07,2203626.563618789,3.3014237423929442,0.04970734622442725,0.013293374422947781,20077696.455299564,9.95310099247849e-05,0.0016666666666666668,0.035054351830966494,0.05464349502445145,0.18075376050906805,0.017107062272075528,0,171.97630786705201,431.8351655337186,1.4142710771424034,0.32,0.06701919078265428,1.6933788206017364e-05,2.160844363173865e-05,748.9778438331754,449386.7062999052,logs/reacher_cdc_fixed_k_noise\run_fixed_k_K150_rho0.005_noise0.01_Kmin20_Kmax200_Kstep10_gmin1e-06_seed004.npz
fixed_k,0,160,0.005,0.01,600,160.0,0.0,1.3043268948129598e-07,2488565.985742659,3.2238291807019355,2.8493048310659637,0.01799034036704249,20347492.86783263,0.03124732502286129,0.0016666666666666668,0.03338211582335862,0.04818334039921003,0.18933254054304896,0.013269265510944057,0,165.31300521214868,425.87323961449823,1.4142543182330667,0.2833333333333333,0.06267600384202525,1.4745533169015968e-05,1.8781747502166277e-05,826.4118476650523,495847.10859903134,logs/reacher_cdc_fixed_k_noise\run_fixed_k_K160_rho0.005_noise0.01_Kmin20_Kmax200_Kstep10_gmin1e-06_seed000.npz
fixed_k,1,160,0.005,0.01,600,160.0,0.0,1.8497182038624163e-07,2365154.7826326312,3.246946969617143,0.04711394183992937,0.01357559353056521,20102040.223573342,7.247111764482574e-05,0.0016666666666666668,0.034941077866851473,0.05385319483084913,0.1845795350613701,0.010682907978345627,0,173.75796618575606,424.7050347621478,1.4142489819606452,0.28,0.06527010029514087,1.5646524720973105e-05,1.993886011552648e-05,823.4241759994378,494054.50559966266,logs/reacher_cdc_fixed_k_noise\run_fixed_k_K160_rho0.005_noise0.01_Kmin20_Kmax200_Kstep10_gmin1e-06_seed001.npz
fixed_k,2,160,0.005,0.01,600,160.0,0.0,1.2819519391760932e-07,2883366.5982936565,3.2241661813023432,0.04952511474405706,0.01351588423177765,20089665.0156589,5.748580987377599e-05,0.0,0.03980177044882503,0.09866685251156754,0.1965072841060796,0.038014508890410845,0,167.87685259519495,402.68759145823026,1.414295286648887,0.27166666666666667,0.07619708643888576,1.7344528901993405e-05,2.236048669883034e-05,825.1450024998243,495087.00149989454,logs/reacher_cdc_fixed_k_noise\run_fixed_k_K160_rho0.005_noise0.01_Kmin20_Kmax200_Kstep10_gmin1e-06_seed002.npz
fixed_k,3,160,0.005,0.01,600,160.0,0.0,1.3387393825284038e-07,2248816.8171851225,3.3152639725263833,0.050110180395345275,0.01334014878978271,20099797.873569205,6.23353331172577e-05,0.0033333333333333335,0.03626547317131752,0.05780093226688315,0.2005980452050341,0.037821462035358626,0,180.3480412990713,465.35956453293403,1.4145262043629288,0.325,0.07032750471809851,1.7075377567451993e-05,2.1704761415567045e-05,820.0952308327154,492057.1384996292,logs/reacher_cdc_fixed_k_noise\run_fixed_k_K160_rho0.005_noise0.01_Kmin20_Kmax200_Kstep10_gmin1e-06_seed003.npz
fixed_k,4,160,0.005,0.01,600,160.0,0.0,1.702515031170644e-07,2334057.832702947,3.283965531257989,0.046506261887074726,0.012231323572155365,20116241.458430476,3.779188341454531e-05,0.0016666666666666668,0.045806447861123395,0.09229834920166977,0.18075376050906805,0.041959700723213915,0,174.91683479777618,429.14767798623217,1.4142410629047968,0.31333333333333335,0.08902099481841702,2.198510664895782e-05,2.8458865620466888e-05,817.3921393336301,490435.2836001781,logs/reacher_cdc_fixed_k_noise\run_fixed_k_K160_rho0.005_noise0.01_Kmin20_Kmax200_Kstep10_gmin1e-06_seed004.npz
fixed_k,0,170,0.005,0.01,600,170.0,0.0,1.3587835297568934e-07,2701957.6729663047,3.239488040744809,0.05204462299024122,0.013072504549178824,20077179.88184744,2.2243642762864554e-05,0.0016666666666666668,0.03687531625209886,0.09229507524565998,0.18933254054304896,0.044943995730288455,0,180.85351934563414,457.8456643350704,1.4143196090494703,0.3466666666666667,0.06885191093313613,1.5187619235430736e-05,1.909632430913957e-05,908.323777000478,544994.2662002868,logs/reacher_cdc_fixed_k_noise\run_fixed_k_K170_rho0.005_noise0.01_Kmin20_Kmax200_Kstep10_gmin1e-06_seed000.npz
fixed_k,1,170,0.005,0.01,600,170.0,0.0,2.4469907763367827e-07,2086415.2011972007,3.177919883737418,0.04599109524357257,0.012802558981479813,20091722.397325054,0.0001885821566956329,0.005,0.03665697520545761,0.06447763501317036,0.1845795350613701,0.028689092465880677,1,169.59659218702575,435.1061703442284,1.4142278807652036,0.30333333333333334,0.06825985048108715,1.7414942621759652e-05,2.2549175640698953e-05,894.3078284997804,536584.6970998682,logs/reacher_cdc_fixed_k_noise\run_fixed_k_K170_rho0.005_noise0.01_Kmin20_Kmax200_Kstep10_gmin1e-06_seed001.npz
fixed_k,2,170,0.005,0.01,600,170.0,0.0,1.3554810438470116e-07,2524415.0158518846,3.3291860884196964,0.049832706478833574,0.01333140226068314,20095997.962508388,5.2382977607897474e-05,0.0,0.036361124336496124,0.06533202358528914,0.1965072841060796,0.04690532081858112,0,175.5348443282112,431.5508285845038,1.4143084019878929,0.2833333333333333,0.07170725213955852,1.6157643140018046e-05,2.044343600834468e-05,911.5797759995136,546947.8655997082,logs/reacher_cdc_fixed_k_noise\run_fixed_k_K170_rho0.005_noise0.01_Kmin20_Kmax200_Kstep10_gmin1e-06_seed002.npz
fixed_k,3,170,0.005,0.01,600,170.0,0.0,1.4215265767375564e-07,2238200.1187861883,3.233847924398777,0.04932894960462772,0.01297557418376182,20080606.73111121,3.786129492181214e-05,0.0,0.035625774252147586,0.05121031907410688,0.2005980452050341,0.002872088610096917,1,175.0607389883021,455.3204986637033,1.4142560928695498,0.295,0.06748597098924869,1.610873447555033e-05,2.0432748695097483e-05,897.563054166676,538537.8325000056,logs/reacher_cdc_fixed_k_noise\run_fixed_k_K170_rho0.005_noise0.01_Kmin20_Kmax200_Kstep10_gmin1e-06_seed003.npz
fixed_k,4,170,0.005,0.01,600,170.0,0.0,1.7812923055482808e-07,2212683.736551349,3.2753646088701127,0.04743322413948174,0.012578296657149155,20081397.382683244,5.474291407507082e-05,0.0016666666666666668,0.03406004587152178,0.06331759119839796,0.18075376050906805,0.051639864742148434,1,179.94514751886766,460.70226719024834,1.4143519222443282,0.30666666666666664,0.06510080184122907,1.4526065514967049e-05,1.8586401185230698e-05,899.983092166658,539989.8552999948,logs/reacher_cdc_fixed_k_noise\run_fixed_k_K170_rho0.005_noise0.01_Kmin20_Kmax200_Kstep10_gmin1e-06_seed004.npz
fixed_k,0,180,0.005,0.01,600,180.0,0.0,1.3879421423030876e-07,2279354.607960648,3.266225042366285,0.051837250234789536,0.01274051482072734,20102012.369098768,4.2818652080890914e-05,0.0016666666666666668,0.042940336911636616,0.08073157756858881,0.18933254054304896,0.05801027736341587,0,167.49016554342742,414.5440109350511,1.4142396099128265,0.3,0.08230333150735583,2.0676991616482242e-05,2.6631556743692824e-05,977.7416935007204,586645.0161004323,logs/reacher_cdc_fixed_k_noise\run_fixed_k_K180_rho0.005_noise0.01_Kmin20_Kmax200_Kstep10_gmin1e-06_seed000.npz
fixed_k,1,180,0.005,0.01,600,180.0,0.0,2.6011145882523e-07,1902006.1532900373,3.2026651312224734,0.045376761844030784,0.011846171879474359,20071073.073405612,4.573064318292403e-05,0.0016666666666666668,0.035524952434210576,0.055710231564135,0.1845795350613701,0.009277986735976169,0,176.30546852116444,445.327924126668,1.4142145951776453,0.2916666666666667,0.06635643742745229,1.6754710946562156e-05,2.171702031807366e-05,976.2413888342174,585744.8333005304,logs/reacher_cdc_fixed_k_noise\run_fixed_k_K180_rho0.005_noise0.01_Kmin20_Kmax200_Kstep10_gmin1e-06_seed001.npz
fixed_k,2,180,0.005,0.01,600,180.0,0.0,1.3787488378227475e-07,2485853.1325946935,3.1809553864463465,0.04979664792220986,0.01373688184767316,20092710.69508423,3.661033851029158e-05,0.0016666666666666668,0.03649713505417228,0.06804719068844432,0.1965072841060796,0.014677003510616158,0,180.70142801638994,449.61516712787795,1.4142213253188265,0.32666666666666666,0.0673655694917988,1.639551945285962e-05,2.065761081973183e-05,990.367823834143,594220.6943004858,logs/reacher_cdc_fixed_k_noise\run_fixed_k_K180_rho0.005_noise0.01_Kmin20_Kmax200_Kstep10_gmin1e-06_seed002.npz
fixed_k,3,180,0.005,0.01,600,180.0,0.0,1.5408588971022182e-07,1951124.417344397,3.2229073906192034,0.05046614152934818,0.012252710909961877,20101659.27101411,4.222975907872853e-05,0.0,0.036735429923380476,0.05226248387315893,0.2005980452050341,0.010826740107003307,0,180.14686563614387,466.38844572946937,1.414230652715476,0.3,0.06812243736154615,1.6907133061270826e-05,2.1545642311429523e-05,969.0372303332939,581422.3381999764,logs/reacher_cdc_fixed_k_noise\run_fixed_k_K180_rho0.005_noise0.01_Kmin20_Kmax200_Kstep10_gmin1e-06_seed003.npz
fixed_k,4,180,0.005,0.01,600,180.0,0.0,1.8637724009103635e-07,2236330.52258492,3.2294135098342394,0.04969012201791945,0.0128657525625498,20062755.304100104,2.110332296279214e-05,0.0,0.03413232792114692,0.04970285492053448,0.18075376050906805,0.02379010103563596,1,179.60940083440636,458.29327741271163,1.4142403635651681,0.2966666666666667,0.0635764645956205,1.4612588726986351e-05,1.8490994541427156e-05,979.770361999496,587862.2171996976,logs/reacher_cdc_fixed_k_noise\run_fixed_k_K180_rho0.005_noise0.01_Kmin20_Kmax200_Kstep10_gmin1e-06_seed004.npz
fixed_k,0,190,0.005,0.01,600,190.0,0.0,1.5121709250931404e-07,2113363.2773474264,3.2957881719820445,0.04306287109919934,0.012229512586064578,20087904.23504711,4.092861393914387e-05,0.005,0.03830758284872329,0.08135179499971469,0.18933254054304896,0.02208429656434701,0,181.2810670464105,469.93570702138584,1.4142498737433011,0.30666666666666664,0.07198601951478018,1.6719842514678666e-05,2.1481198514355632e-05,1061.0768935000913,636646.1361000547,logs/reacher_cdc_fixed_k_noise\run_fixed_k_K190_rho0.005_noise0.01_Kmin20_Kmax200_Kstep10_gmin1e-06_seed000.npz
fixed_k,1,190,0.005,0.01,600,190.0,0.0,2.930493098718792e-07,1912913.6821387056,3.206386957019263,0.04720570507534701,0.012236678406966635,20077856.859606117,5.671417939668209e-05,0.0033333333333333335,0.03630969436597065,0.052850271309097245,0.1845795350613701,0.018260327372923286,0,177.46224275346816,451.78451957513596,1.4142601884594401,0.2916666666666667,0.06915161823957452,1.6535005557129e-05,2.106091741035048e-05,1065.8648554990457,639518.9132994274,logs/reacher_cdc_fixed_k_noise\run_fixed_k_K190_rho0.005_noise0.01_Kmin20_Kmax200_Kstep10_gmin1e-06_seed001.npz
fixed_k,2,190,0.005,0.01,600,190.0,0.0,1.455246761233608e-07,2075166.1555100917,3.217291794579204,0.04973729543161972,0.012208551137262123,20097245.215093303,6.52688823513145e-05,0.0,0.030927512495326867,0.04774655749795123,0.1965072841060796,0.035008409244605694,0,180.04770756748977,458.9020243465262,1.4142212311978746,0.32166666666666666,0.05889391080619857,1.2854432785498271e-05,1.6466557651044487e-05,1063.7846321686327,638270.7793011796,logs/reacher_cdc_fixed_k_noise\run_fixed_k_K190_rho0.005_noise0.01_Kmin20_Kmax200_Kstep10_gmin1e-06_seed002.npz
fixed_k,3,190,0.005,0.01,600,190.0,0.0,1.601541173000152e-07,1991603.8020491973,3.256856332044941,0.04993380242816458,0.01219693366601259,20080482.66271942,0.0001243413336182973,0.0016666666666666668,0.037512138208503715,0.065349974120433,0.2005980452050341,0.025259860413224918,0,180.58843567817922,452.14155045599614,1.4142637199693735,0.32666666666666666,0.06966744870815432,1.7091018667307916e-05,2.185360175902044e-05,1047.466730666153,628480.0383996917,logs/reacher_cdc_fixed_k_noise\run_fixed_k_K190_rho0.005_noise0.01_Kmin20_Kmax200_Kstep10_gmin1e-06_seed003.npz
fixed_k,4,190,0.005,0.01,600,190.0,0.0,1.902750537755954e-07,1922223.7268470803,3.309939221797157,0.05020455871293792,0.011724232637094652,20084917.722443484,3.749620607971268e-05,0.0,0.036040814194584214,0.053830504840102586,0.18075376050906805,0.020007919993936408,0,185.19209688539704,475.56377007819407,1.414299686646011,0.33,0.06942238131463487,1.7610938771501798e-05,2.2685340859853578e-05,1052.1734000013869,631304.0400008322,logs/reacher_cdc_fixed_k_noise\run_fixed_k_K190_rho0.005_noise0.01_Kmin20_Kmax200_Kstep10_gmin1e-06_seed004.npz
fixed_k,0,200,0.005,0.01,600,200.0,0.0,1.7275664706479705e-07,2008605.2642058546,3.288755319740892,0.05160293338379469,0.012358080868547573,20080928.408905387,6.761669144995061e-05,0.0033333333333333335,0.03485378745154015,0.06403169086269872,0.18933254054304896,0.009311547397125747,1,183.46459732373012,474.0352172488334,1.414389316765103,0.31666666666666665,0.06601661982077152,1.5101181187361345e-05,1.930039779803267e-05,1144.7005983328563,686820.3589997138,logs/reacher_cdc_fixed_k_noise\run_fixed_k_K200_rho0.005_noise0.01_Kmin20_Kmax200_Kstep10_gmin1e-06_seed000.npz
fixed_k,1,200,0.005,0.01,600,200.0,0.0,2.95905400935906e-07,1574704.6032211217,3.1049656057128043,0.04411355679270551,0.011199418374338169,20077716.17946493,2.9222365166824685e-05,0.0016666666666666668,0.04056779942100796,0.06636736276408345,0.1845795350613701,0.018922828672598355,0,178.0895126453322,476.12400350440225,1.4142412878414545,0.32666666666666666,0.0722445728641007,2.0462365487207693e-05,2.6385687196820392e-05,1118.940006500634,671364.0039003803,logs/reacher_cdc_fixed_k_noise\run_fixed_k_K200_rho0.005_noise0.01_Kmin20_Kmax200_Kstep10_gmin1e-06_seed001.npz
fixed_k,2,200,0.005,0.01,600,200.0,0.0,1.565652589329336e-07,1877955.692207207,3.1970576590682303,0.05001065200952916,0.011719250471661431,20077169.190212537,4.620119062042927e-05,0.0033333333333333335,0.03624096831479551,0.05238696448027362,0.1965072841060796,0.012976432819498285,0,178.47700011197503,450.44187969723475,1.4142515785913308,0.30833333333333335,0.0655884258592597,1.7027287130667466e-05,2.2192134464932536e-05,1137.29426083349,682376.556500094,logs/reacher_cdc_fixed_k_noise\run_fixed_k_K200_rho0.005_noise0.01_Kmin20_Kmax200_Kstep10_gmin1e-06_seed002.npz
fixed_k,3,200,0.005,0.01,600,200.0,0.0,1.6433583696624459e-07,2004207.0011034496,3.330038528350154,0.05013317219292704,0.011957590961910024,20100783.30032311,5.730744016889688e-05,0.0033333333333333335,0.0396121732054457,0.09593209433512401,0.2005980452050341,0.01840907090311294,0,184.961119314857,474.45369618085886,1.4142696143615228,0.3333333333333333,0.0774411003114219,1.716631968800793e-05,2.1836173791667488e-05,1148.4790089997114,689087.4053998268,logs/reacher_cdc_fixed_k_noise\run_fixed_k_K200_rho0.005_noise0.01_Kmin20_Kmax200_Kstep10_gmin1e-06_seed003.npz
fixed_k,4,200,0.005,0.01,600,200.0,0.0,1.9444101663195415e-07,1942210.9312609597,3.21982738744435,0.049920602042678744,0.011944043449840158,20075352.752725992,3.394206091922605e-05,0.0016666666666666668,0.031793464331698565,0.04885504265956345,0.18075376050906805,0.007120666186900333,0,182.68037969498138,466.3269016384956,1.41423403124929,0.345,0.0585397169092562,1.4043497091818411e-05,1.8354052089556658e-05,1172.7740366671544,703664.4220002927,logs/reacher_cdc_fixed_k_noise\run_fixed_k_K200_rho0.005_noise0.01_Kmin20_Kmax200_Kstep10_gmin1e-06_seed004.npz
