mode,seed,K,rho,measurement_noise_std,steps,k_opt_mean,k_opt_var,sigma_min_Ag,kappa_Ag_mean,localness_mean,slack_max,slack_mean,kkt_res_max,eq_res_max,solver_fail_rate,rmse_ee,err_p95,err_max,err_final,success,effort_sum_sq,jerk_sum_sq,jerk_max,u_violation_rate,total_cost,ISE,IAE,solve_ms_mean,solve_ms_total,npz_path
adaptive_rho,0,40,0.1,0.005,600,40.43333333333333,112.47888888888896,2.4197051374223386e-05,8271.5946457376,3.282791551944403,2.740192811206464,0.023288855487933146,20147808.783751044,4.2847712191313205e-05,0.0,0.08788446064645469,0.1162781617904094,0.18933254054304896,0.06051640107348176,0,164.0616975352338,367.5835593939097,1.4169637415422636,0.2816666666666667,0.2397279370382206,4.942663054134713e-05,6.247798884023202e-05,142.9826616651068,85789.59699906409,logs/reacher_cdc_adaptive_k_noise_40\run_adaptive_rho_K040_rho0.1_noise0.005_Kmin40_Kmax300_Kstep1_gmin1e-06_seed000.npz
adaptive_rho,1,40,0.1,0.005,600,43.03333333333333,779.4655555555556,4.5389564460447965e-07,146312.3485740528,3.2066752685791804,0.032581383586920865,0.01065201377663945,20052522.986674465,1.5030300935972534e-05,0.0,0.051715937510725764,0.09757490913110146,0.1845795350613701,0.034202278417269055,0,168.76900972501323,397.6553591602732,1.414238030152002,0.28833333333333333,0.10901719758958812,2.6084407254018208e-05,3.375680570381828e-05,155.1741193329993,93104.47159979958,logs/reacher_cdc_adaptive_k_noise_40\run_adaptive_rho_K040_rho0.1_noise0.005_Kmin40_Kmax300_Kstep1_gmin1e-06_seed001.npz
adaptive_rho,2,40,0.1,0.005,600,40.86666666666667,224.58222222222213,0.0001299147690435469,7525.670068223576,3.2679698348183104,2.7494858183910305,0.019833678304349654,20153468.898605004,6.443401776368995e-05,0.0016666666666666668,0.06050213390505732,0.10739862538928506,0.1965072841060796,0.018889070760990025,0,162.97204414561733,386.91812590825987,1.4148363068398793,0.2866666666666667,0.13671845449813272,3.1547817852866595e-05,4.028264185956478e-05,144.87185600106992,86923.11360064195,logs/reacher_cdc_adaptive_k_noise_40\run_adaptive_rho_K040_rho0.1_noise0.005_Kmin40_Kmax300_Kstep1_gmin1e-06_seed002.npz
adaptive_rho,3,40,0.1,0.005,600,41.3,336.31,1.928124564348144e-05,13475.919614832968,3.1518857601335917,1.980216161301275,0.017070449043890587,20057703.932982177,8.118597233338762e-06,0.0,0.054545907493979445,0.08418595466208578,0.2005980452050341,0.02391418635221831,0,166.5378905860788,395.6946400933486,1.414198243571014,0.2733333333333333,0.11768175176287093,2.7755670447540294e-05,3.610226815390524e-05,149.37360549976196,89624.16329985717,logs/reacher_cdc_adaptive_k_noise_40\run_adaptive_rho_K040_rho0.1_noise0.005_Kmin40_Kmax300_Kstep1_gmin1e-06_seed003.npz
adaptive_rho,4,40,0.1,0.005,600,41.3,336.31,3.190663281762348e-05,10062.680849814527,3.255936977529666,0.9791399777015153,0.012937244228441154,20058895.242152132,2.253416063994055e-05,0.0,0.05696807427459201,0.08441899511806565,0.18075376050906805,0.07026677006498996,0,167.85807861634555,403.86189466036654,1.4144297667187995,0.28,0.13090693402720066,2.984006634780494e-05,3.770031644717417e-05,148.56102300002627,89136.61380001577,logs/reacher_cdc_adaptive_k_noise_40\run_adaptive_rho_K040_rho0.1_noise0.005_Kmin40_Kmax300_Kstep1_gmin1e-06_seed004.npz
adaptive_rho,5,40,0.1,0.005,600,40.86666666666667,224.5822222222221,3.4851484801005664e-05,10201.765185287017,3.178265476963064,0.05753272701764835,0.010712161037759618,20067163.678961784,8.125989362181974e-06,0.0,0.0569978755594578,0.09780809326536738,0.18032128630000863,0.041531907983553315,0,163.84336544254563,395.8574682110118,1.4142987962654792,0.29333333333333333,0.12118688913608662,2.9566233920854754e-05,3.7684178293933105e-05,140.9747961659256,84584.87769955536,logs/reacher_cdc_adaptive_k_noise_40\run_adaptive_rho_K040_rho0.1_noise0.005_Kmin40_Kmax300_Kstep1_gmin1e-06_seed005.npz
adaptive_rho,6,40,0.1,0.005,600,42.6,669.2399999999997,2.159249666691446e-05,21409.03664043623,3.2150948713691267,0.05094374886513693,0.011217580135765725,20061717.510989916,3.069198643683776e-05,0.0,0.052164220049430714,0.10090374586481175,0.19056018734854613,0.020561743985282124,0,162.12595673127186,362.4827838888571,1.414332221802091,0.2733333333333333,0.11464546222088318,2.600291253049243e-05,3.329555618727622e-05,159.29434216726804,95576.60530036082,logs/reacher_cdc_adaptive_k_noise_40\run_adaptive_rho_K040_rho0.1_noise0.005_Kmin40_Kmax300_Kstep1_gmin1e-06_seed006.npz
adaptive_rho,7,40,0.1,0.005,600,40.86666666666667,224.5822222222221,2.3965855321896698e-05,9648.265953461947,3.1962172229350942,0.025414410707971506,0.010361827969896783,20064105.825702403,1.9861537255175188e-05,0.0,0.06127005355108594,0.09988305796192083,0.18291799181937143,0.03158886585250267,0,167.35880119284377,397.1484580950066,1.4148555562935647,0.275,0.13398274712053393,3.185781815600737e-05,4.251326407408963e-05,149.13177566602826,89479.06539961696,logs/reacher_cdc_adaptive_k_noise_40\run_adaptive_rho_K040_rho0.1_noise0.005_Kmin40_Kmax300_Kstep1_gmin1e-06_seed007.npz
adaptive_rho,8,40,0.1,0.005,600,41.3,336.31,2.4472568355967076e-05,12598.087200939786,3.194327762022026,5.502924450252033,0.022575147567216937,20052579.159412324,1.7229769966346036e-05,0.0,0.06347123489275616,0.10227047632789578,0.18784995195697984,0.040692498210476075,0,165.26896515327599,391.4152256109651,1.414368443411525,0.2833333333333333,0.14319663229002316,3.391709220679611e-05,4.28695606688903e-05,142.5499248324195,85529.9548994517,logs/reacher_cdc_adaptive_k_noise_40\run_adaptive_rho_K040_rho0.1_noise0.005_Kmin40_Kmax300_Kstep1_gmin1e-06_seed008.npz
adaptive_rho,9,40,0.1,0.005,600,43.03333333333333,779.4655555555555,2.5663762700914994e-07,243873.3757778278,3.3823772821230573,0.05865568234327187,0.011100322181550226,20058699.261882484,2.4358939079627878e-05,0.0,0.057449077375246904,0.11027905853580923,0.1845092985691772,0.05649737396614359,0,165.87132572729428,368.1667919974105,1.4145694641559783,0.3016666666666667,0.13648943757542825,3.0271120169881318e-05,3.875645653057869e-05,162.6544406672474,97592.66440034844,logs/reacher_cdc_adaptive_k_noise_40\run_adaptive_rho_K040_rho0.1_noise0.005_Kmin40_Kmax300_Kstep1_gmin1e-06_seed009.npz
adaptive_rho,0,40,0.2,0.005,600,49.96666666666667,2491.9988888888893,2.6609920161647264e-07,276671.1840633491,3.3233007019700147,0.03280251293326053,0.010174151371459604,20054032.127806105,8.981408733057638e-06,0.0,0.05595839003727086,0.09390364801545506,0.18933254054304896,0.04841001634167372,0,167.67486221545425,384.09138657508674,1.4144577365811626,0.3016666666666667,0.12540364427227332,2.9254729355604203e-05,3.682639273070864e-05,203.75640566577204,122253.84339946322,logs/reacher_cdc_adaptive_k_noise_40\run_adaptive_rho_K040_rho0.2_noise0.005_Kmin40_Kmax300_Kstep1_gmin1e-06_seed000.npz
adaptive_rho,1,40,0.2,0.005,600,50.833333333333336,2699.305555555555,4.5389564460447965e-07,188519.13070174088,3.2644588103710324,0.02730264720279542,0.010249642143929505,20052522.986674465,1.3515529290982601e-05,0.0,0.051766486677334654,0.0865388430175846,0.1845795350613701,0.03539573030311493,0,162.60841221412707,381.0656472824006,1.4145878070225602,0.32166666666666666,0.11244814140124935,2.5857351860593118e-05,3.3881952915359294e-05,219.69562583321627,131817.37549992977,logs/reacher_cdc_adaptive_k_noise_40\run_adaptive_rho_K040_rho0.2_noise0.005_Kmin40_Kmax300_Kstep1_gmin1e-06_seed001.npz
adaptive_rho,2,40,0.2,0.005,600,51.7,2905.1100000000006,6.781702175038602e-06,91551.28158158665,3.2640260596291295,0.16037927158207205,0.011196937393813116,20087828.80747822,1.2416990675950453e-05,0.0,0.062219531423382456,0.10910460978497329,0.1965072841060796,0.04079623310143778,0,160.65809966599446,375.5594733750306,1.4141901379921364,0.29,0.14663983128190328,3.2830520065125936e-05,4.221134400357948e-05,232.00742316509908,139204.45389905944,logs/reacher_cdc_adaptive_k_noise_40\run_adaptive_rho_K040_rho0.2_noise0.005_Kmin40_Kmax300_Kstep1_gmin1e-06_seed002.npz
adaptive_rho,3,40,0.2,0.005,600,46.5,1647.75,2.523152650881606e-07,264475.60492949764,3.221311728993625,3.346329055663848,0.05516039995286006,20057549.6677798,2.4050446998985022e-05,0.0,0.09099839097133451,0.12370596901099665,0.2005980452050341,0.11348727460321528,0,173.44569901487307,395.1042774612034,1.4138921761052654,0.32,0.24714900020423378,4.99535213429326e-05,6.242210037415213e-05,185.98482216659855,111590.89329995913,logs/reacher_cdc_adaptive_k_noise_40\run_adaptive_rho_K040_rho0.2_noise0.005_Kmin40_Kmax300_Kstep1_gmin1e-06_seed003.npz
adaptive_rho,4,40,0.2,0.005,600,46.5,1647.75,3.0067526023228097e-05,20867.99882975138,3.2099139487413635,2.182714616561795,0.01777517230195375,20055483.46605781,2.253416063994055e-05,0.0,0.057663074515362296,0.08507757337064747,0.18075376050906805,0.041070334807591896,0,166.58509046826615,385.7648429585728,1.4142297608170784,0.3,0.12668172408837938,3.012969508782291e-05,3.7811943305115986e-05,189.47127399772094,113682.76439863257,logs/reacher_cdc_adaptive_k_noise_40\run_adaptive_rho_K040_rho0.2_noise0.005_Kmin40_Kmax300_Kstep1_gmin1e-06_seed004.npz
adaptive_rho,5,40,0.2,0.005,600,43.03333333333333,779.4655555555556,2.072497386822445e-05,14861.497813301577,3.266759418597008,3.5419878325197054,0.05921974132819974,20076288.721384086,2.6025156216113113e-05,0.0,0.09613489801610581,0.13109643924320605,0.18032128630000863,0.12239298051149432,0,169.7428910573825,392.69828355826854,1.414496255871282,0.3016666666666667,0.27066913609655024,5.454622311672972e-05,6.647560683281007e-05,152.8252343334801,91695.14060008805,logs/reacher_cdc_adaptive_k_noise_40\run_adaptive_rho_K040_rho0.2_noise0.005_Kmin40_Kmax300_Kstep1_gmin1e-06_seed005.npz
adaptive_rho,6,40,0.2,0.005,600,49.53333333333333,2387.7822222222226,2.354914623372799e-07,413368.87528370303,3.2716556887294246,0.03503539541618028,0.010893576148501503,20078330.43699073,1.2566896537666617e-05,0.0,0.0544252899417185,0.09520802080424694,0.19056018734854613,0.05335141996205826,0,162.80868124325593,379.6318159574728,1.4140974328958422,0.25833333333333336,0.11936199063033617,2.7288354442981333e-05,3.577363885090034e-05,215.6441738345893,129386.50430075359,logs/reacher_cdc_adaptive_k_noise_40\run_adaptive_rho_K040_rho0.2_noise0.005_Kmin40_Kmax300_Kstep1_gmin1e-06_seed006.npz
adaptive_rho,7,40,0.2,0.005,600,44.333333333333336,1107.8888888888891,4.378558494933408e-07,158702.1474707336,3.1023023004561825,3.7436537887396044,0.0382601301368607,20071855.80531105,1.9762597109030658e-05,0.0,0.08293149874647923,0.12496033091718625,0.18291799181937143,0.11079045740734476,0,166.69171470793577,390.38612218562537,1.414264408449568,0.29833333333333334,0.20577709963647947,4.330233163251704e-05,5.6864531779586054e-05,171.81326083334474,103087.95650000684,logs/reacher_cdc_adaptive_k_noise_40\run_adaptive_rho_K040_rho0.2_noise0.005_Kmin40_Kmax300_Kstep1_gmin1e-06_seed007.npz
adaptive_rho,8,40,0.2,0.005,600,46.06666666666667,1540.528888888889,8.669920560182988e-06,47634.98111678528,3.032534735790323,0.7317932228907085,0.011235667570566902,20061086.028883006,1.2609453264639805e-05,0.0,0.06442876346949057,0.10946810052430922,0.18784995195697984,0.048667034144420494,0,159.18029613402933,376.3714696160603,1.4144123882738493,0.24333333333333335,0.1408054211260072,3.3444417426555615e-05,4.32793202214029e-05,183.99564166436903,110397.38499862142,logs/reacher_cdc_adaptive_k_noise_40\run_adaptive_rho_K040_rho0.2_noise0.005_Kmin40_Kmax300_Kstep1_gmin1e-06_seed008.npz
adaptive_rho,9,40,0.2,0.005,600,48.233333333333334,2072.8788888888885,2.5663762700914994e-07,271328.2847888932,3.2710844251961317,1.7015743919128812,0.015929289310351875,20066394.909932185,9.391971631598128e-06,0.0,0.06192324830705828,0.11027905853580923,0.1845092985691772,0.07718798864535839,0,175.23214113465792,405.05866362014774,1.4145570461671189,0.29333333333333333,0.1443325835327798,3.259065831099678e-05,4.204744569530049e-05,192.6282549997753,115576.95299986517,logs/reacher_cdc_adaptive_k_noise_40\run_adaptive_rho_K040_rho0.2_noise0.005_Kmin40_Kmax300_Kstep1_gmin1e-06_seed009.npz
adaptive_rho,0,40,0.3,0.005,600,49.96666666666667,2491.998888888889,2.6609920161647264e-07,271983.9862808841,3.1220195921089777,3.547641752772772,0.0473284270669978,20054475.445795864,5.069636287198324e-05,0.0,0.09432441804460183,0.13820100321832385,0.18933254054304896,0.10674438000433847,0,166.65191467157808,406.26743643046177,1.4147583523306448,0.32666666666666666,0.25665900841108363,5.0776230534247816e-05,6.61458788001674e-05,222.66898866655538,133601.39319993323,logs/reacher_cdc_adaptive_k_noise_40\run_adaptive_rho_K040_rho0.3_noise0.005_Kmin40_Kmax300_Kstep1_gmin1e-06_seed000.npz
adaptive_rho,1,40,0.3,0.005,600,59.93333333333333,4785.328888888889,4.5389564460447965e-07,246668.9781779829,3.2647805338527633,0.2863699298065853,0.011044524010937936,20073815.0630456,1.8580583249026866e-05,0.0016666666666666668,0.04858580996219112,0.0740490610641879,0.1845795350613701,0.035905649488647134,0,164.74070603875174,385.8159215184706,1.4142661169588442,0.3283333333333333,0.10339489296460841,2.5022671122791924e-05,3.150209598258591e-05,307.78917650080984,184673.5059004859,logs/reacher_cdc_adaptive_k_noise_40\run_adaptive_rho_K040_rho0.3_noise0.005_Kmin40_Kmax300_Kstep1_gmin1e-06_seed001.npz
adaptive_rho,2,40,0.3,0.005,600,61.233333333333334,5069.812222222222,3.849687291735179e-06,134333.66007389667,3.3434883413444942,1.4188033796428323,0.01582817402676346,20093121.559142753,4.042511364648805e-05,0.0,0.0535729490880482,0.08651297190496872,0.1965072841060796,0.06561834542496288,0,164.74400473930024,367.27510010745243,1.4143724308209717,0.32166666666666666,0.1217842202639114,2.6688444500622032e-05,3.352572243380126e-05,306.84310833351145,184105.86500010686,logs/reacher_cdc_adaptive_k_noise_40\run_adaptive_rho_K040_rho0.3_noise0.005_Kmin40_Kmax300_Kstep1_gmin1e-06_seed002.npz
adaptive_rho,3,40,0.3,0.005,600,60.36666666666667,4880.532222222222,2.523152650881606e-07,348895.97379757045,3.3228775919647466,0.046897750818235814,0.010351032020861583,20070566.16939483,6.336380836176854e-05,0.0,0.04425074731334748,0.07609541809246981,0.2005980452050341,0.037669731314249694,0,159.24439402485189,356.17104084150674,1.4142830594070772,0.23166666666666666,0.09769712665095454,2.1584177986891002e-05,2.749586775165734e-05,305.65585400084575,183393.51240050746,logs/reacher_cdc_adaptive_k_noise_40\run_adaptive_rho_K040_rho0.3_noise0.005_Kmin40_Kmax300_Kstep1_gmin1e-06_seed003.npz
adaptive_rho,4,40,0.3,0.005,600,59.93333333333333,4785.328888888889,2.957317138196261e-06,127628.70410154824,3.32722912786811,0.043034293693264655,0.010418502248131583,20064497.634929616,2.253416063994055e-05,0.0,0.053828299079738746,0.09348481613847402,0.18075376050906805,0.015392594307231241,0,171.37965012022312,386.7117628944898,1.4143366864288835,0.2866666666666667,0.1204339134026552,2.8211311685685536e-05,3.577306945833253e-05,297.03916866720346,178223.50120032206,logs/reacher_cdc_adaptive_k_noise_40\run_adaptive_rho_K040_rho0.3_noise0.005_Kmin40_Kmax300_Kstep1_gmin1e-06_seed004.npz
adaptive_rho,5,40,0.3,0.005,600,64.26666666666667,5720.462222222223,2.2155242394191877e-07,380538.03091433784,3.1973884363176253,0.09302499531796365,0.010104570150914137,20072237.69457537,2.7228035746659733e-05,0.0,0.05313416045110425,0.09437907362547807,0.18032128630000863,0.051725191328512256,0,158.7311315533076,380.80553555358165,1.4142403583670917,0.27666666666666667,0.11260274985344215,2.6711690415439757e-05,3.406598108881335e-05,332.07844233411987,199247.0654004719,logs/reacher_cdc_adaptive_k_noise_40\run_adaptive_rho_K040_rho0.3_noise0.005_Kmin40_Kmax300_Kstep1_gmin1e-06_seed005.npz
adaptive_rho,6,40,0.3,0.005,600,55.6,3812.64,2.354914623372799e-07,435449.74767813965,3.207157807086946,0.0282583049651789,0.010487563300667935,20058283.703847703,1.842072821567084e-05,0.0,0.05876058210271913,0.10694746026241347,0.19056018734854613,0.05534314771884988,0,163.14509167771934,389.0486004952045,1.4141656249750558,0.2966666666666667,0.12955691595379215,3.0084007682928667e-05,3.805062606422537e-05,267.95031133350375,160770.18680010224,logs/reacher_cdc_adaptive_k_noise_40\run_adaptive_rho_K040_rho0.3_noise0.005_Kmin40_Kmax300_Kstep1_gmin1e-06_seed006.npz
adaptive_rho,7,40,0.3,0.005,600,58.63333333333333,4497.465555555556,4.378558494933408e-07,331564.10689689545,3.209137487826591,0.09153478037570677,0.01035458407248344,20066916.853636935,1.3895558542454654e-05,0.0,0.058851040293501314,0.09829420792281256,0.18291799181937143,0.06239675810343097,0,161.2278986684883,371.80445045616466,1.4143464530096963,0.2783333333333333,0.1315233036871107,3.0251864015025903e-05,3.816483249567248e-05,290.81108299879514,174486.64979927707,logs/reacher_cdc_adaptive_k_noise_40\run_adaptive_rho_K040_rho0.3_noise0.005_Kmin40_Kmax300_Kstep1_gmin1e-06_seed007.npz
adaptive_rho,8,40,0.3,0.005,600,57.766666666666666,4303.67888888889,5.462335437523029e-07,171343.15971251024,3.182142136393599,2.727258255782451,0.014282394808294291,20052296.389200874,4.268340030498366e-05,0.0,0.05939818334204529,0.10758329871705634,0.18784995195697984,0.020369645289580064,0,161.4774610931109,389.0656919496281,1.4149336537085966,0.2683333333333333,0.1294638903011804,3.1207510600259266e-05,4.056842740365111e-05,259.6284749986565,155777.0849991939,logs/reacher_cdc_adaptive_k_noise_40\run_adaptive_rho_K040_rho0.3_noise0.005_Kmin40_Kmax300_Kstep1_gmin1e-06_seed008.npz
adaptive_rho,9,40,0.3,0.005,600,62.96666666666667,5443.865555555556,2.5663762700914994e-07,379916.2979781501,3.1805160338299414,0.07875265272753654,0.010311378799554415,20055260.327713937,5.374507355732488e-05,0.0,0.06402280599990401,0.11425573772218507,0.1845092985691772,0.012094336970130942,0,156.0651330400989,367.0804431881372,1.414251939297391,0.2633333333333333,0.14114566128458914,3.200553142453273e-05,4.1589937701430465e-05,314.29948000150034,188579.6880009002,logs/reacher_cdc_adaptive_k_noise_40\run_adaptive_rho_K040_rho0.3_noise0.005_Kmin40_Kmax300_Kstep1_gmin1e-06_seed009.npz
adaptive_rho,0,40,0.4,0.005,600,66.43333333333334,6173.945555555555,2.6609920161647264e-07,353394.0415130053,3.3438290826468267,1.3193574592581752,0.012286424648708149,20072129.571218405,8.615719350808755e-05,0.0016666666666666668,0.058188007197550976,0.08946511904495862,0.18933254054304896,0.05134552555370705,0,162.6465180235566,366.2258262317749,1.4142270673877289,0.29,0.13359857707021905,3.07933932321153e-05,4.042527971045752e-05,328.9677251676524,197380.63510059146,logs/reacher_cdc_adaptive_k_noise_40\run_adaptive_rho_K040_rho0.4_noise0.005_Kmin40_Kmax300_Kstep1_gmin1e-06_seed000.npz
adaptive_rho,1,40,0.4,0.005,600,80.3,8853.909999999996,4.5389564460447965e-07,351351.24279711157,3.1220555839870476,0.04406427532143378,0.00986517045525836,20061117.754614174,1.650173257947476e-05,0.0,0.04251669229206072,0.07410788213408497,0.1845795350613701,0.04241596358905373,1,164.7750904695647,386.1458769036293,1.4142155441901942,0.25166666666666665,0.08473209671286033,1.977600904757378e-05,2.5146398599065707e-05,473.50260416744277,284101.56250046566,logs/reacher_cdc_adaptive_k_noise_40\run_adaptive_rho_K040_rho0.4_noise0.005_Kmin40_Kmax300_Kstep1_gmin1e-06_seed001.npz
adaptive_rho,2,40,0.4,0.005,600,74.23333333333333,7728.745555555556,2.3586709357729993e-07,498595.22213704675,3.226884104381883,1.29381114812717,0.0137832873064191,20055636.069332864,1.0826456948898895e-05,0.0,0.060550791342156664,0.11485455289406461,0.1965072841060796,0.012278449795893114,0,160.53333590987245,379.2789898224096,1.4143751035000216,0.28833333333333333,0.13465043123236925,3.053138917016827e-05,3.862633396594185e-05,393.6627511680126,236197.65070080757,logs/reacher_cdc_adaptive_k_noise_40\run_adaptive_rho_K040_rho0.4_noise0.005_Kmin40_Kmax300_Kstep1_gmin1e-06_seed002.npz
adaptive_rho,3,40,0.4,0.005,600,69.9,6879.99,2.523152650881606e-07,409827.3221920531,3.3229217785356724,0.028391418148188442,0.009983962526444705,20055189.22131307,1.949987989600228e-05,0.0016666666666666668,0.05161321777563631,0.09000568060685217,0.2005980452050341,0.04597089554267398,0,167.7561341852355,375.6876956932376,1.4142602315332709,0.31166666666666665,0.11546166130699943,2.7121277076951565e-05,3.5122913881329004e-05,373.76868816674687,224261.21290004812,logs/reacher_cdc_adaptive_k_noise_40\run_adaptive_rho_K040_rho0.4_noise0.005_Kmin40_Kmax300_Kstep1_gmin1e-06_seed003.npz
adaptive_rho,4,40,0.4,0.005,600,66.86666666666666,6263.515555555554,2.957317138196261e-06,151311.59016616375,3.169316243987821,0.061248398755861,0.010280680733470644,20065903.821115337,2.253416063994055e-05,0.0,0.053060278935349835,0.0912686209039696,0.18075376050906805,0.06396182226161072,0,165.28904221729778,376.08214067045003,1.4142153104237274,0.27666666666666667,0.11171409248578978,2.7628136591089968e-05,3.463969571573636e-05,339.94448283464106,203966.68970078463,logs/reacher_cdc_adaptive_k_noise_40\run_adaptive_rho_K040_rho0.4_noise0.005_Kmin40_Kmax300_Kstep1_gmin1e-06_seed004.npz
adaptive_rho,5,40,0.4,0.005,600,69.03333333333333,6705.732222222223,2.2155242394191877e-07,483064.6728257717,3.3872715461194804,2.4596208062841844,0.014365142435637364,20049102.844299313,2.4228302127504668e-05,0.0,0.05014053760652229,0.08128122376237018,0.18032128630000863,0.004697342033241954,0,161.27749815738548,366.20418520728913,1.4147257715902084,0.25666666666666665,0.11302995533868088,2.5704918967984662e-05,3.2873115741994644e-05,377.0834215011564,226250.05290069385,logs/reacher_cdc_adaptive_k_noise_40\run_adaptive_rho_K040_rho0.4_noise0.005_Kmin40_Kmax300_Kstep1_gmin1e-06_seed005.npz
adaptive_rho,6,40,0.4,0.005,600,70.33333333333333,6966.555555555557,2.354914623372799e-07,528839.3843160281,3.0156227995205187,0.02612128983507009,0.010126172787610547,20055038.580017142,2.2566664935585312e-05,0.0,0.05401115844790017,0.10951142179378862,0.19056018734854613,0.006814362776576338,0,156.3160718949475,367.9181750624148,1.4143447453555407,0.275,0.10933302077721112,2.5853347405464515e-05,3.2931528741288024e-05,387.484908499852,232490.9450999112,logs/reacher_cdc_adaptive_k_noise_40\run_adaptive_rho_K040_rho0.4_noise0.005_Kmin40_Kmax300_Kstep1_gmin1e-06_seed006.npz
adaptive_rho,7,40,0.4,0.005,600,71.63333333333334,7223.99888888889,4.378558494933408e-07,371923.33041884814,3.2356875693848233,0.23795467704013157,0.010503630263455289,20050677.447319448,1.9116580899949868e-05,0.0,0.05560652332764953,0.0893532631661993,0.18291799181937143,0.08159536150211247,0,169.0238295497639,403.9604117779647,1.4142996096200524,0.2866666666666667,0.1226715042652229,2.8846733066035593e-05,3.6567670867718566e-05,389.9192953322199,233951.57719933195,logs/reacher_cdc_adaptive_k_noise_40\run_adaptive_rho_K040_rho0.4_noise0.005_Kmin40_Kmax300_Kstep1_gmin1e-06_seed007.npz
adaptive_rho,8,40,0.4,0.005,600,68.6,6618.04,5.462335437523029e-07,247510.03005042463,3.1258078917443752,1.2854805065120511,0.011871023308106944,20184402.80002595,3.487591377859296e-05,0.0016666666666666668,0.053973400131636144,0.07916293342489353,0.18784995195697984,0.03077715949086193,0,168.89341932352795,413.82648609875173,1.4143955485841102,0.2816666666666667,0.1107217511853686,2.8943133284153324e-05,3.503319174244046e-05,343.1959051665035,205917.5430999021,logs/reacher_cdc_adaptive_k_noise_40\run_adaptive_rho_K040_rho0.4_noise0.005_Kmin40_Kmax300_Kstep1_gmin1e-06_seed008.npz
adaptive_rho,9,40,0.4,0.005,600,75.1,7893.99,2.5663762700914994e-07,464962.81713272264,3.198554912852105,0.04285864649165565,0.009669487778605329,20059420.610498235,2.5550878128907043e-05,0.0016666666666666668,0.058783287472042776,0.11068338089858229,0.1845092985691772,0.055635332767014566,0,159.51530358264625,368.0552236152396,1.4144040782637302,0.25,0.12785368275970369,2.820120041487424e-05,3.6486768287110854e-05,403.177278166501,241906.3668999006,logs/reacher_cdc_adaptive_k_noise_40\run_adaptive_rho_K040_rho0.4_noise0.005_Kmin40_Kmax300_Kstep1_gmin1e-06_seed009.npz
adaptive_rho,0,40,0.5,0.005,600,89.4,10403.64,2.6609920161647264e-07,446564.5643176865,3.168521592619142,1.2278929780009311,0.01140269281505932,20049388.708702303,1.4362444956121838e-05,0.0,0.04880168642997096,0.08890119158724194,0.18933254054304896,0.011047974981487844,0,161.1103923557453,368.32499585530434,1.4143438660453784,0.2833333333333333,0.10077803457054697,2.3136884343120106e-05,3.00008302380228e-05,490.0298413335501,294017.90480013005,logs/reacher_cdc_adaptive_k_noise_40\run_adaptive_rho_K040_rho0.5_noise0.005_Kmin40_Kmax300_Kstep1_gmin1e-06_seed000.npz
adaptive_rho,1,40,0.5,0.005,600,75.1,7893.99,4.5389564460447965e-07,306080.80863836635,3.3072359981869153,0.10224583890160752,0.010261625319260545,20070052.31436897,0.0005285595202078517,0.0016666666666666668,0.048454525066482644,0.07814068709638924,0.1845795350613701,0.07102862650090802,0,172.50854319261165,396.12686186263875,1.4143515477097184,0.30666666666666664,0.10512614566249097,2.4901264393108014e-05,3.246298190693662e-05,372.2590489993066,223355.42939958395,logs/reacher_cdc_adaptive_k_noise_40\run_adaptive_rho_K040_rho0.5_noise0.005_Kmin40_Kmax300_Kstep1_gmin1e-06_seed001.npz
adaptive_rho,2,40,0.5,0.005,600,90.26666666666667,10542.595555555557,2.3586709357729993e-07,671684.360081876,3.1977704382668475,0.030360000756617607,0.009492065051132976,20055636.069332864,1.8410957024241794e-05,0.0,0.05466724647716408,0.11007555994343958,0.1965072841060796,0.07310622499153187,0,161.1580338472308,379.5691440090832,1.4144662121035592,0.22666666666666666,0.11490510992133002,2.593361402565339e-05,3.2500424463179364e-05,499.0523823357459,299431.42940144753,logs/reacher_cdc_adaptive_k_noise_40\run_adaptive_rho_K040_rho0.5_noise0.005_Kmin40_Kmax300_Kstep1_gmin1e-06_seed002.npz
adaptive_rho,3,40,0.5,0.005,600,85.93333333333334,9832.795555555555,2.523152650881606e-07,496477.8699342227,3.2082001882239344,0.5066582122018657,0.010165750966592356,20055189.22131307,1.902146386317111e-05,0.0016666666666666668,0.04664970914167139,0.08231728418305648,0.2005980452050341,0.017257168992979306,0,163.22472714618098,370.6384876964897,1.4142497681480781,0.2733333333333333,0.09697642381925144,2.248593981588706e-05,2.932734855211712e-05,465.73463850004674,279440.78310002806,logs/reacher_cdc_adaptive_k_noise_40\run_adaptive_rho_K040_rho0.5_noise0.005_Kmin40_Kmax300_Kstep1_gmin1e-06_seed003.npz
adaptive_rho,4,40,0.5,0.005,600,80.73333333333333,8931.462222222222,2.957317138196261e-06,198462.21304831046,3.3237055976629852,0.9568463980877329,0.011399942384295184,20055483.46605781,2.280810712586992e-05,0.0016666666666666668,0.050577921612975286,0.0821597283294096,0.18075376050906805,0.00817494580206288,0,160.1464963556465,363.3448790771506,1.4142971213971982,0.28833333333333333,0.1102853028610003,2.6143611543981694e-05,3.32309369148971e-05,396.1318868341429,237679.13210048573,logs/reacher_cdc_adaptive_k_noise_40\run_adaptive_rho_K040_rho0.5_noise0.005_Kmin40_Kmax300_Kstep1_gmin1e-06_seed004.npz
adaptive_rho,5,40,0.5,0.005,600,81.16666666666667,9008.638888888887,2.2155242394191877e-07,506583.6742517168,3.1911003084514977,0.12451552157541451,0.009854132940416411,20057062.613202732,3.912918868738773e-05,0.0016666666666666668,0.04499349836081015,0.0897009715310507,0.18032128630000863,0.045215527095535085,0,160.97137407363013,371.0337771187215,1.4144165992863758,0.26,0.0926256466874788,2.1490758455626716e-05,2.7733130103701586e-05,426.39885416584247,255839.31249950547,logs/reacher_cdc_adaptive_k_noise_40\run_adaptive_rho_K040_rho0.5_noise0.005_Kmin40_Kmax300_Kstep1_gmin1e-06_seed005.npz
adaptive_rho,6,40,0.5,0.005,600,85.5,9759.75,2.354914623372799e-07,903413.472378719,3.0974305843574985,0.028232956034744856,0.010094096558530195,20052801.119969197,0.00022529941497991275,0.0016666666666666668,0.054793444587504875,0.11126063743774718,0.19056018734854613,0.08439187284851526,0,158.27646304445335,363.9070435411791,1.4142826555000365,0.275,0.1115199908266167,2.522950427604499e-05,3.273142858188377e-05,487.5015173318873,292500.9103991324,logs/reacher_cdc_adaptive_k_noise_40\run_adaptive_rho_K040_rho0.5_noise0.005_Kmin40_Kmax300_Kstep1_gmin1e-06_seed006.npz
adaptive_rho,7,40,0.5,0.005,600,90.7,10611.51,4.378558494933408e-07,512547.1144957053,3.2568657597378334,0.12720770446783186,0.010095820904515615,20062849.58504081,1.4115324395484771e-05,0.0016666666666666668,0.05502514095686827,0.08464559250099353,0.18291799181937143,0.07420542517811855,0,157.79817055570248,368.1829573918616,1.4142410350815209,0.27,0.12170357089316264,2.865877562449369e-05,3.5681019181145814e-05,493.72971800146235,296237.8308008774,logs/reacher_cdc_adaptive_k_noise_40\run_adaptive_rho_K040_rho0.5_noise0.005_Kmin40_Kmax300_Kstep1_gmin1e-06_seed007.npz
adaptive_rho,8,40,0.5,0.005,600,90.26666666666667,10542.595555555557,5.163367364110634e-07,305177.3046436145,3.1002045232383684,2.070297881783425,0.012744673992722727,20054951.059434168,1.0023214184864689e-05,0.0,0.053131555385179295,0.08223387967345926,0.18784995195697984,0.025831748667110268,0,156.70151820676546,362.36302204843724,1.4142563847132787,0.265,0.10621094053191328,2.8392006276181938e-05,3.447749352644295e-05,448.5323251656761,269119.39509940566,logs/reacher_cdc_adaptive_k_noise_40\run_adaptive_rho_K040_rho0.5_noise0.005_Kmin40_Kmax300_Kstep1_gmin1e-06_seed008.npz
adaptive_rho,9,40,0.5,0.005,600,93.73333333333333,11083.395555555553,2.5663762700914994e-07,581493.7142094101,3.1877553087290242,0.02785027639391649,0.009679208046200448,20052559.469229344,5.215453221924849e-05,0.0016666666666666668,0.05808230684530422,0.11038180189483206,0.1845092985691772,0.04697312270887062,0,156.23503656459474,362.3483861550775,1.413614166121601,0.26,0.12421049302519681,2.9036817152389402e-05,3.780319122030575e-05,483.042352165988,289825.4112995928,logs/reacher_cdc_adaptive_k_noise_40\run_adaptive_rho_K040_rho0.5_noise0.005_Kmin40_Kmax300_Kstep1_gmin1e-06_seed009.npz
adaptive_rho,0,40,0.6,0.005,600,88.96666666666667,10333.59888888889,2.6609920161647264e-07,480770.89560500183,3.2465107462981093,0.027700335437039224,0.009303969624860216,20051809.69470384,1.4198192726596406e-05,0.0,0.05176580741646574,0.08315502861504463,0.18933254054304896,0.03847638048234897,0,162.8481914923126,386.64990300323245,1.4142387175915456,0.265,0.11140686175932134,2.616833397328008e-05,3.3404989591290254e-05,469.0508383354366,281430.50300126197,logs/reacher_cdc_adaptive_k_noise_40\run_adaptive_rho_K040_rho0.6_noise0.005_Kmin40_Kmax300_Kstep1_gmin1e-06_seed000.npz
adaptive_rho,1,40,0.6,0.005,600,105.86666666666666,12786.915555555554,4.5389564460447965e-07,478256.7503417809,3.206801228403233,0.1329320209192204,0.009550324975198598,20056256.424189452,5.912272349308466e-05,0.0016666666666666668,0.04464675351759662,0.07551878343930447,0.1845795350613701,0.0313579358792908,0,160.84540708222,370.12235088616507,1.4143749593305828,0.29333333333333333,0.09132538398999364,2.2046139218207927e-05,2.825901625027665e-05,617.425303500689,370455.18210041337,logs/reacher_cdc_adaptive_k_noise_40\run_adaptive_rho_K040_rho0.6_noise0.005_Kmin40_Kmax300_Kstep1_gmin1e-06_seed001.npz
adaptive_rho,2,40,0.6,0.005,600,111.5,13477.75,2.3586709357729993e-07,884846.8244153231,3.1888531679282504,0.05561066775675878,0.009234459182730654,20055636.069332864,2.245109143207187e-05,0.0016666666666666668,0.05823705968600901,0.1112073587317736,0.1965072841060796,0.011245178879446571,0,161.21330541657426,393.54430331731953,1.4143095240229044,0.27,0.12324901517231722,2.813666569114053e-05,3.666309807009696e-05,619.8043106669016,371882.586400141,logs/reacher_cdc_adaptive_k_noise_40\run_adaptive_rho_K040_rho0.6_noise0.005_Kmin40_Kmax300_Kstep1_gmin1e-06_seed002.npz
adaptive_rho,3,40,0.6,0.005,600,100.23333333333333,12032.61222222222,2.523152650881606e-07,554625.9339979001,3.200843065787585,0.032574139959652276,0.009166322595119382,20055189.22131307,2.083485590062977e-05,0.0,0.055293062421778436,0.09980470423727633,0.2005980452050341,0.058982354872522354,0,160.00066108137588,371.839227273054,1.414198079178792,0.29,0.11854619473564382,2.7698173054792174e-05,3.464409700771697e-05,562.0875740009554,337252.54440057324,logs/reacher_cdc_adaptive_k_noise_40\run_adaptive_rho_K040_rho0.6_noise0.005_Kmin40_Kmax300_Kstep1_gmin1e-06_seed003.npz
adaptive_rho,4,40,0.6,0.005,600,100.66666666666667,12092.888888888887,2.424084036863888e-07,588763.0800933671,3.2053473951790212,0.09234451728699775,0.00979263908386291,20089182.45337644,2.742593571690581e-05,0.0016666666666666668,0.04391011948662585,0.07218731811670431,0.18075376050906805,0.05186006505257179,0,164.85406480691302,388.23685957936004,1.414372969148014,0.265,0.08723907121401112,2.0930419063098077e-05,2.6378884005938594e-05,571.2055898326798,342723.3538996079,logs/reacher_cdc_adaptive_k_noise_40\run_adaptive_rho_K040_rho0.6_noise0.005_Kmin40_Kmax300_Kstep1_gmin1e-06_seed004.npz
adaptive_rho,5,40,0.6,0.005,600,105.43333333333334,12731.145555555557,2.2155242394191877e-07,634103.207819087,3.256518964457846,0.05869649533273313,0.009410787225550247,20054205.049171407,2.3895021494210292e-05,0.0016666666666666668,0.04407563389968156,0.07516535532940494,0.18032128630000863,0.020936566652134014,0,152.52397628576415,346.11938654841805,1.4144335690687553,0.2733333333333333,0.08884707515736003,2.1712124904258826e-05,2.758520602883667e-05,564.4882211672181,338692.93270033086,logs/reacher_cdc_adaptive_k_noise_40\run_adaptive_rho_K040_rho0.6_noise0.005_Kmin40_Kmax300_Kstep1_gmin1e-06_seed005.npz
adaptive_rho,6,40,0.6,0.005,600,108.46666666666667,13113.64888888889,2.354914623372799e-07,675183.9967341207,3.1968871431464625,0.02913523278215665,0.009308324194585032,20051080.12873965,3.54232787974262e-05,0.005,0.04886418293722955,0.1068673004940621,0.19056018734854613,0.020811438336745737,0,154.5285962806307,368.72603628165683,1.4143977762171251,0.24833333333333332,0.09982506428839812,2.441685848902133e-05,3.108296500391956e-05,555.0151748326607,333009.1048995964,logs/reacher_cdc_adaptive_k_noise_40\run_adaptive_rho_K040_rho0.6_noise0.005_Kmin40_Kmax300_Kstep1_gmin1e-06_seed006.npz
adaptive_rho,7,40,0.6,0.005,600,99.36666666666666,11910.93222222222,4.378558494933408e-07,520636.3257103056,3.3567093176287215,0.09320150725387316,0.009525942502616227,20050677.447319448,2.178618560514845e-05,0.0,0.050942374968835774,0.09221214532760684,0.18291799181937143,0.0784495334690748,0,169.4702912871133,384.74281342502616,1.4142410350815209,0.265,0.11125384958840744,2.5185198895154165e-05,3.170044536166467e-05,574.2096284997145,344525.7770998287,logs/reacher_cdc_adaptive_k_noise_40\run_adaptive_rho_K040_rho0.6_noise0.005_Kmin40_Kmax300_Kstep1_gmin1e-06_seed007.npz
adaptive_rho,8,40,0.6,0.005,600,101.53333333333333,12212.315555555557,5.163367364110634e-07,457123.8685951243,3.195867830125566,0.2972979816166832,0.009827814823228934,20091208.770255677,0.0018981841492086873,0.0016666666666666668,0.04730442385990006,0.08224766126719753,0.18784995195697984,0.06617585916598914,0,158.79682873279006,366.62911640763923,1.4142143513913026,0.26666666666666666,0.09870021872045823,2.3861569766849902e-05,3.088096324975223e-05,576.1121571648013,345667.29429888073,logs/reacher_cdc_adaptive_k_noise_40\run_adaptive_rho_K040_rho0.6_noise0.005_Kmin40_Kmax300_Kstep1_gmin1e-06_seed008.npz
adaptive_rho,9,40,0.6,0.005,600,111.06666666666666,13426.862222222222,2.5663762700914994e-07,621651.3234337233,3.010853131268304,0.02542261603034763,0.00941000215517347,20049393.299407795,2.4085467808865468e-05,0.0,0.05057330358460407,0.11028028895876851,0.1845092985691772,0.018991662185236464,0,154.70756014522664,376.61204142939033,1.4143428638608917,0.23666666666666666,0.0972748150266361,2.4392085152896622e-05,3.108070966367436e-05,581.9568696670467,349174.121800228,logs/reacher_cdc_adaptive_k_noise_40\run_adaptive_rho_K040_rho0.6_noise0.005_Kmin40_Kmax300_Kstep1_gmin1e-06_seed009.npz
adaptive_rho,0,40,0.7,0.005,600,112.8,13628.159999999996,2.6609920161647264e-07,582524.7513521322,3.0700274278525774,0.030839089285850493,0.008868977827941474,20049388.708702303,0.00022528696832051893,0.0,0.044168848196772505,0.09647286228608444,0.18933254054304896,0.05133176821068075,0,162.47491113792063,385.11043072774385,1.4142594619641857,0.2733333333333333,0.08583907580811297,2.0564276234097406e-05,2.696492088274256e-05,631.0671488314983,378640.289298899,logs/reacher_cdc_adaptive_k_noise_40\run_adaptive_rho_K040_rho0.7_noise0.005_Kmin40_Kmax300_Kstep1_gmin1e-06_seed000.npz
adaptive_rho,1,40,0.7,0.005,600,123.2,14709.760000000004,4.5389564460447965e-07,633892.3527573075,3.3071610458908647,0.027913110742114132,0.009039008661398482,20063369.7641911,2.722527146056301e-05,0.0,0.041723271897526254,0.0778559252000667,0.1845795350613701,0.05555595316037296,0,165.07983190754942,388.9674424083683,1.4143890874402707,0.29333333333333333,0.08826149976347139,1.983486297625232e-05,2.5422873560034644e-05,751.782773831607,451069.6642989642,logs/reacher_cdc_adaptive_k_noise_40\run_adaptive_rho_K040_rho0.7_noise0.005_Kmin40_Kmax300_Kstep1_gmin1e-06_seed001.npz
adaptive_rho,2,40,0.7,0.005,600,104.56666666666666,12618.478888888887,2.3586709357729993e-07,997841.4233820003,3.155783155801558,0.030515467687878304,0.009210834732856058,20055636.069332864,2.0803861903652423e-05,0.0016666666666666668,0.05664298209978542,0.11054786996488394,0.1965072841060796,0.10085958443749779,0,158.9837295213702,373.67954478148863,1.4143244519863454,0.25833333333333336,0.12129262647585001,2.6791389308767496e-05,3.4390594565434383e-05,606.469081667116,363881.44900026964,logs/reacher_cdc_adaptive_k_noise_40\run_adaptive_rho_K040_rho0.7_noise0.005_Kmin40_Kmax300_Kstep1_gmin1e-06_seed002.npz
adaptive_rho,3,40,0.7,0.005,600,113.23333333333333,13677.54555555555,2.523152650881606e-07,626829.3693452511,3.1609494382856034,0.15491444037327712,0.009445814756134928,20055189.22131307,0.0004081363459209422,0.0033333333333333335,0.03823897031936666,0.06571034456092115,0.2005980452050341,0.026395056614762546,0,164.6860395665865,383.5565663319993,1.4142557496968928,0.285,0.07679210701088296,1.7127177201533754e-05,2.1891625090277125e-05,660.801526667492,396480.9160004952,logs/reacher_cdc_adaptive_k_noise_40\run_adaptive_rho_K040_rho0.7_noise0.005_Kmin40_Kmax300_Kstep1_gmin1e-06_seed003.npz
adaptive_rho,4,40,0.7,0.005,600,116.26666666666667,14012.72888888889,2.424084036863888e-07,697462.056413661,3.1561887819557364,0.02698692347328217,0.009098449973091324,20050810.23932168,2.00402562119104e-05,0.0,0.04537656867658919,0.0759603281373844,0.18075376050906805,0.019209408648402385,0,157.12719487921692,367.31144030183555,1.4142633358847347,0.25833333333333336,0.0920951168758615,2.291172832473628e-05,2.985010313930641e-05,653.1538958336265,391892.3375001759,logs/reacher_cdc_adaptive_k_noise_40\run_adaptive_rho_K040_rho0.7_noise0.005_Kmin40_Kmax300_Kstep1_gmin1e-06_seed004.npz
adaptive_rho,5,40,0.7,0.005,600,112.36666666666666,13578.398888888887,2.2155242394191877e-07,734180.6288513422,2.9778581653298164,0.028953676461906056,0.009008006423391314,20049585.412907034,2.1165792543316624e-05,0.0,0.05415706616613738,0.10498922048867396,0.18032128630000863,0.06071853462473128,0,159.38462337507912,394.33194064552555,1.4129106261478668,0.2816666666666667,0.10527220033862719,2.6560817149824267e-05,3.295375818123394e-05,670.274674500688,402164.8047004128,logs/reacher_cdc_adaptive_k_noise_40\run_adaptive_rho_K040_rho0.7_noise0.005_Kmin40_Kmax300_Kstep1_gmin1e-06_seed005.npz
adaptive_rho,6,40,0.7,0.005,600,110.2,13323.96,2.354914623372799e-07,707412.1139519794,3.2996177383010545,0.04298252729893892,0.009438032833832198,20051080.12873965,1.471375406942702e-05,0.0,0.04945178219744921,0.1068673004940621,0.19056018734854613,0.018138765062450633,0,163.3119693685417,381.619041515041,1.4143129579487939,0.2683333333333333,0.10492471549517844,2.4157584540845736e-05,3.1202615610988744e-05,569.308196999967,341584.91819998017,logs/reacher_cdc_adaptive_k_noise_40\run_adaptive_rho_K040_rho0.7_noise0.005_Kmin40_Kmax300_Kstep1_gmin1e-06_seed006.npz
adaptive_rho,7,40,0.7,0.005,600,111.06666666666666,13426.862222222222,4.378558494933408e-07,549052.3703539734,3.147090051281308,0.29484514165409026,0.009857644553846405,20145048.737113453,0.0025757179117137804,0.0016666666666666668,0.04254365238223729,0.086834456269253,0.18291799181937143,0.007604458541578091,0,161.92185835817293,378.373112348981,1.4142252389193346,0.26166666666666666,0.08379248439697771,2.04084396083903e-05,2.62752259179705e-05,622.1765670007638,373305.9402004583,logs/reacher_cdc_adaptive_k_noise_40\run_adaptive_rho_K040_rho0.7_noise0.005_Kmin40_Kmax300_Kstep1_gmin1e-06_seed007.npz
adaptive_rho,8,40,0.7,0.005,600,117.13333333333334,14105.115555555556,5.163367364110634e-07,503500.07646498777,3.204141229749111,0.04752470887409933,0.008393438038730779,20072936.81065675,1.816627381931405e-05,0.0016666666666666668,0.04087333804351015,0.060582685300491074,0.18784995195697984,0.03004241422455842,0,164.2708456626505,386.45079260417685,1.414204738883433,0.26166666666666666,0.08322674085309999,2.022473714301339e-05,2.54985053018762e-05,693.1375903329657,415882.5541997794,logs/reacher_cdc_adaptive_k_noise_40\run_adaptive_rho_K040_rho0.7_noise0.005_Kmin40_Kmax300_Kstep1_gmin1e-06_seed008.npz
adaptive_rho,9,40,0.7,0.005,600,117.13333333333334,14105.11555555556,2.5663762700914994e-07,687706.9775460529,3.0580632104252516,0.13030308505476534,0.009299314870968588,20057609.641899444,1.8760221349712248e-05,0.0,0.05165633657123979,0.11200885971345088,0.1845092985691772,0.032792300365421044,1,158.2551203888324,371.9826065602931,1.4142838483281048,0.27166666666666667,0.10128280960616609,2.3303814343056733e-05,2.9956665534724424e-05,694.3451071654757,416607.0642992854,logs/reacher_cdc_adaptive_k_noise_40\run_adaptive_rho_K040_rho0.7_noise0.005_Kmin40_Kmax300_Kstep1_gmin1e-06_seed009.npz
adaptive_rho,0,40,0.8,0.005,600,132.3,15478.71,2.6609920161647264e-07,778405.662050551,2.980906857758158,0.22391028877104488,0.00876247305680129,20061435.06878897,0.00013689565803384293,0.0016666666666666668,0.03903244931968046,0.059471202092687116,0.18933254054304896,0.03202872009385338,0,153.51490051400674,378.24171411097643,1.414261683043584,0.24,0.06939972712672836,1.902095041138452e-05,2.4488284778211924e-05,829.8875326659376,497932.5195995625,logs/reacher_cdc_adaptive_k_noise_40\run_adaptive_rho_K040_rho0.8_noise0.005_Kmin40_Kmax300_Kstep1_gmin1e-06_seed000.npz
adaptive_rho,1,40,0.8,0.005,600,123.63333333333334,14750.132222222222,4.5389564460447965e-07,598121.746578204,3.075926948578988,0.027481236154855978,0.00880783973634092,20052419.1337567,4.8401839360646234e-05,0.0,0.04668687531778375,0.07793286920068059,0.1845795350613701,0.047320361969044406,0,157.37472857755336,367.25538013067217,1.4142238401268654,0.245,0.08947246157412952,2.347125297684451e-05,2.9939017272723358e-05,727.8531218326922,436711.87309961533,logs/reacher_cdc_adaptive_k_noise_40\run_adaptive_rho_K040_rho0.8_noise0.005_Kmin40_Kmax300_Kstep1_gmin1e-06_seed001.npz
adaptive_rho,2,40,0.8,0.005,600,127.96666666666667,15133.198888888886,2.3586709357729993e-07,788908.2186576782,3.227601629775001,0.12740270603675458,0.008676845327628087,20062047.16961611,2.467196136661665e-05,0.0033333333333333335,0.04282823368652242,0.06251104831311396,0.1965072841060796,0.04432439358379635,0,155.71113727071923,345.97124145151076,1.4145787767001183,0.25666666666666665,0.08615900591615476,2.124553111068962e-05,2.7687584140607444e-05,749.1904180007017,449514.250800421,logs/reacher_cdc_adaptive_k_noise_40\run_adaptive_rho_K040_rho0.8_noise0.005_Kmin40_Kmax300_Kstep1_gmin1e-06_seed002.npz
adaptive_rho,3,40,0.8,0.005,600,131.86666666666667,15445.84888888889,2.523152650881606e-07,670629.6509139172,3.1653360248261158,0.03539001278413377,0.008384284728968142,20055189.22131307,2.8870533114614618e-05,0.0,0.044985187864865266,0.07298972103002349,0.2005980452050341,0.02079648885658902,0,158.03949897347914,369.0961361123704,1.4142131075136972,0.25333333333333335,0.08912395450598125,2.217859206181396e-05,2.7782056181013074e-05,782.2073993346809,469324.43960080855,logs/reacher_cdc_adaptive_k_noise_40\run_adaptive_rho_K040_rho0.8_noise0.005_Kmin40_Kmax300_Kstep1_gmin1e-06_seed003.npz
adaptive_rho,4,40,0.8,0.005,600,140.96666666666667,16057.065555555553,2.424084036863888e-07,920832.6391907005,3.070170539954743,0.09551947747151388,0.008791084171968768,20050810.23932168,6.77967368236865e-05,0.0016666666666666668,0.04078785750471314,0.07165967625725843,0.18075376050906805,0.05340661714682687,1,156.74778238598674,378.8218535011372,1.4117126778875315,0.25,0.07677628485250773,1.9930155108814238e-05,2.509192888740417e-05,893.1138993329174,535868.3395997505,logs/reacher_cdc_adaptive_k_noise_40\run_adaptive_rho_K040_rho0.8_noise0.005_Kmin40_Kmax300_Kstep1_gmin1e-06_seed004.npz
adaptive_rho,5,40,0.8,0.005,600,119.3,14329.509999999997,2.2155242394191877e-07,707541.5811595318,2.9686189490912795,0.14763325151773157,0.00914392144735193,20049585.412907034,4.490995947238541e-05,0.0,0.047501077149948785,0.10498922048867396,0.18032128630000863,0.0196922669486226,0,156.28323526903037,375.47277053941525,1.414342701401786,0.275,0.08719018830537348,2.2823441234651475e-05,2.869649902069911e-05,674.2806088349122,404568.36530094733,logs/reacher_cdc_adaptive_k_noise_40\run_adaptive_rho_K040_rho0.8_noise0.005_Kmin40_Kmax300_Kstep1_gmin1e-06_seed005.npz
adaptive_rho,6,40,0.8,0.005,600,141.4,16082.04,2.354914623372799e-07,992526.4063598185,3.111238775946296,0.028232956034744856,0.00867679905592131,20049195.683583096,7.512785233041633e-05,0.0,0.04778897345870592,0.10853453476418028,0.19056018734854613,0.030645071773901557,0,157.2477479626662,368.5570642079216,1.4143016428707753,0.25833333333333336,0.0947930189755649,2.22694047539845e-05,2.909039581253602e-05,767.7339249990958,460640.3549994575,logs/reacher_cdc_adaptive_k_noise_40\run_adaptive_rho_K040_rho0.8_noise0.005_Kmin40_Kmax300_Kstep1_gmin1e-06_seed006.npz
adaptive_rho,7,40,0.8,0.005,600,150.93333333333334,16536.46222222222,4.378558494933408e-07,802601.7684428879,2.9622592484112693,0.022522983345244108,0.008472533195006907,20063738.344556395,2.73794013640331e-05,0.0,0.0372550499404236,0.07395599733269262,0.18291799181937143,0.014276018693286647,0,152.97503302801232,368.54306512550204,1.4142677732827196,0.22166666666666668,0.06934676320298093,1.660471627080393e-05,2.0937653790326655e-05,967.6917756654439,580615.0653992663,logs/reacher_cdc_adaptive_k_noise_40\run_adaptive_rho_K040_rho0.8_noise0.005_Kmin40_Kmax300_Kstep1_gmin1e-06_seed007.npz
adaptive_rho,8,40,0.8,0.005,600,134.03333333333333,15606.398888888887,5.163367364110634e-07,588651.4132631351,3.017110073792897,0.05856630867562608,0.00819629184108058,20054969.37766973,1.5854756761345796e-05,0.0,0.03626510651246838,0.06081428794722182,0.18784995195697984,0.018669142010024987,1,152.24906788696595,366.2697476217469,1.4142199306718144,0.23833333333333334,0.06798780168685381,1.6771638151237483e-05,2.183927815559948e-05,805.289007500202,483173.40450012125,logs/reacher_cdc_adaptive_k_noise_40\run_adaptive_rho_K040_rho0.8_noise0.005_Kmin40_Kmax300_Kstep1_gmin1e-06_seed008.npz
adaptive_rho,9,40,0.8,0.005,600,145.3,16289.91,2.5663762700914994e-07,804041.2932254344,2.8876803553436963,0.02902159655806811,0.00878326000221709,20057485.199762553,7.096939587645113e-05,0.0016666666666666668,0.04610296139770574,0.11134703395789959,0.1845092985691772,0.0031709928810863134,0,147.52974934674455,362.4075106048365,1.4144316984045933,0.22666666666666666,0.08174682402219235,1.837320972405087e-05,2.4040813754541887e-05,762.0085873345184,457205.1524007111,logs/reacher_cdc_adaptive_k_noise_40\run_adaptive_rho_K040_rho0.8_noise0.005_Kmin40_Kmax300_Kstep1_gmin1e-06_seed009.npz
adaptive_rho,0,40,0.9,0.005,600,138.8,15926.56,2.6609920161647264e-07,868937.3981333465,2.995984794866863,1.0364675538662174,0.012429267176450558,20061435.06878897,2.716988069450294e-05,0.0033333333333333335,0.04464733072098715,0.09236148233014435,0.18933254054304896,0.009484154703754846,0,147.81911662847335,362.4794947421599,1.414720664542614,0.21666666666666667,0.08387833778465537,2.1579330055140924e-05,2.7475761411653115e-05,843.9680273340977,506380.81640045857,logs/reacher_cdc_adaptive_k_noise_40\run_adaptive_rho_K040_rho0.9_noise0.005_Kmin40_Kmax300_Kstep1_gmin1e-06_seed000.npz
adaptive_rho,1,40,0.9,0.005,600,140.53333333333333,16031.715555555553,4.5389564460447965e-07,692301.332686848,3.065394885173365,0.05085804458623493,0.008486565524761822,20052419.1337567,1.9112513487678243e-05,0.0,0.04140321193074049,0.0761579337316912,0.1845795350613701,0.011530867744687884,0,152.221657046818,368.47647475493267,1.4141985587337942,0.215,0.07943697463342615,2.0187835997063623e-05,2.5614384681000418e-05,868.9765591686592,521385.9355011955,logs/reacher_cdc_adaptive_k_noise_40\run_adaptive_rho_K040_rho0.9_noise0.005_Kmin40_Kmax300_Kstep1_gmin1e-06_seed001.npz
adaptive_rho,2,40,0.9,0.005,600,146.6,16352.44,2.3586709357729993e-07,1034292.2445995599,3.2399116325444095,0.0718186755082959,0.008365121023053037,20056025.29441694,1.9103029602268858e-05,0.0,0.04002161602962384,0.07028294727704042,0.1965072841060796,0.04423300392685646,0,165.39537666086164,386.3320977878646,1.4143833060972644,0.2783333333333333,0.08219449632622741,1.86298815629743e-05,2.388773762651372e-05,949.3006199984424,569580.3719990654,logs/reacher_cdc_adaptive_k_noise_40\run_adaptive_rho_K040_rho0.9_noise0.005_Kmin40_Kmax300_Kstep1_gmin1e-06_seed002.npz
adaptive_rho,3,40,0.9,0.005,600,144.86666666666667,16268.315555555553,2.523152650881606e-07,780954.8532730568,3.1921772505369024,0.0793054651732227,0.008435236193128673,20071168.644796807,2.7425096635886765e-05,0.0016666666666666668,0.04765931739320117,0.08570514741934117,0.2005980452050341,0.06217995390825946,0,156.43087645762074,371.7767125495824,1.4142623236753968,0.26166666666666666,0.09776255958876048,2.3403156879582647e-05,2.950663700554783e-05,876.4199426686779,525851.9656012068,logs/reacher_cdc_adaptive_k_noise_40\run_adaptive_rho_K040_rho0.9_noise0.005_Kmin40_Kmax300_Kstep1_gmin1e-06_seed003.npz
adaptive_rho,4,40,0.9,0.005,600,147.46666666666667,16392.24888888889,2.424084036863888e-07,875884.5449825305,2.9717675652802344,0.15910469036623445,0.008577324149818632,20059082.55797027,7.116185785333674e-05,0.0016666666666666668,0.03665895498518126,0.0591798459244213,0.18075376050906805,0.019342911353999334,0,151.85852099568214,368.60830498853846,1.4142397974145793,0.23166666666666666,0.06524221214235514,1.6895651506227836e-05,2.1506195490610466e-05,904.6412961658401,542784.777699504,logs/reacher_cdc_adaptive_k_noise_40\run_adaptive_rho_K040_rho0.9_noise0.005_Kmin40_Kmax300_Kstep1_gmin1e-06_seed004.npz
adaptive_rho,5,40,0.9,0.005,600,127.96666666666667,15133.19888888889,2.2155242394191877e-07,801429.7177968669,3.1196067726628187,0.25754203587316526,0.009246329309322536,20056012.82453085,1.755105026197518e-05,0.0016666666666666668,0.04850162443892039,0.10474710938228377,0.18032128630000863,0.07295611710543771,0,160.94327398028094,379.5160565198812,1.414358487477283,0.27166666666666667,0.09717474047743048,2.3269048403952277e-05,2.931048869358617e-05,755.419100332947,453251.4601997682,logs/reacher_cdc_adaptive_k_noise_40\run_adaptive_rho_K040_rho0.9_noise0.005_Kmin40_Kmax300_Kstep1_gmin1e-06_seed005.npz
adaptive_rho,6,40,0.9,0.005,600,159.6,16791.84,2.354914623372799e-07,1179566.4496703644,3.0138897818337695,0.028232956034744856,0.008547079445093357,20049872.49001455,4.277442401475572e-05,0.0,0.05104969211357475,0.11026691888909236,0.19056018734854613,0.03419952686037234,1,149.33752141578668,352.0792046129375,1.4145841198810354,0.21333333333333335,0.09807510677868526,2.2791463878843777e-05,2.9462257766835732e-05,914.1174948319289,548470.4968991573,logs/reacher_cdc_adaptive_k_noise_40\run_adaptive_rho_K040_rho0.9_noise0.005_Kmin40_Kmax300_Kstep1_gmin1e-06_seed006.npz
adaptive_rho,7,40,0.9,0.005,600,144.0,16224.0,4.378558494933408e-07,771707.323863099,3.1762337705087194,0.1262198114534364,0.008772716615950946,20127319.390435643,6.527392108324055e-05,0.0016666666666666668,0.03988503247152212,0.08005097522325168,0.18291799181937143,0.021716247309681806,0,156.03337701456542,354.2139918606131,1.4145251232679754,0.265,0.07976138166216842,1.82737566080104e-05,2.3111896302990567e-05,860.013813333353,516008.2880000118,logs/reacher_cdc_adaptive_k_noise_40\run_adaptive_rho_K040_rho0.9_noise0.005_Kmin40_Kmax300_Kstep1_gmin1e-06_seed007.npz
adaptive_rho,8,40,0.9,0.005,600,132.3,15478.71,5.163367364110634e-07,505863.4166256895,3.093796587824723,0.09621575884992606,0.008053641354948984,20054951.059434168,2.8426086818154142e-05,0.0016666666666666668,0.04009957333813548,0.06500329930486194,0.18784995195697984,0.027659823492541365,0,152.69885557323786,361.98646376598407,1.4149153965588315,0.23833333333333334,0.07785139913399951,1.9636980303784423e-05,2.471193646793292e-05,747.2307519991106,448338.45119946636,logs/reacher_cdc_adaptive_k_noise_40\run_adaptive_rho_K040_rho0.9_noise0.005_Kmin40_Kmax300_Kstep1_gmin1e-06_seed008.npz
adaptive_rho,9,40,0.9,0.005,600,141.83333333333334,16106.638888888887,2.5663762700914994e-07,729885.9799515298,3.0112584998550527,0.18140922484330124,0.008773583708440648,20089344.549143773,9.410978949713876e-05,0.0033333333333333335,0.03802795791189829,0.06758653495393234,0.1845092985691772,0.02196172867736749,0,158.28677168868592,377.63473894440597,1.4142460908750314,0.2733333333333333,0.07072804125726484,1.7731826074728597e-05,2.2433734408712064e-05,822.4599756671038,493475.9854002623,logs/reacher_cdc_adaptive_k_noise_40\run_adaptive_rho_K040_rho0.9_noise0.005_Kmin40_Kmax300_Kstep1_gmin1e-06_seed009.npz
adaptive_rho,0,40,1.0,0.005,600,152.23333333333332,16584.345555555552,2.6609920161647264e-07,909123.346551515,3.1495865625472326,0.07266350463694493,0.008320416173018283,20063268.708331697,1.545353077826957e-05,0.006666666666666667,0.04607105928708493,0.09707043867675991,0.18933254054304896,0.020775468945901817,0,154.10552896142167,361.5040041242204,1.4142025416907313,0.23833333333333334,0.08999449305985799,2.1574973001720773e-05,2.794242030940827e-05,857.2712271680939,514362.73630085634,logs/reacher_cdc_adaptive_k_noise_40\run_adaptive_rho_K040_rho1_noise0.005_Kmin40_Kmax300_Kstep1_gmin1e-06_seed000.npz
adaptive_rho,1,40,1.0,0.005,600,138.8,15926.56,4.5389564460447965e-07,586798.785182249,3.1480426989328065,0.87649357135825,0.009797824715760921,20052419.1337567,0.00026575791182880407,0.005,0.04410009126437381,0.06984744257294759,0.1845795350613701,0.027953006736341518,0,157.19029871950173,382.67452833942104,1.4142914376300242,0.24333333333333335,0.08527232373061568,2.2074686454940927e-05,2.748206476919391e-05,786.4442844999334,471866.57069996,logs/reacher_cdc_adaptive_k_noise_40\run_adaptive_rho_K040_rho1_noise0.005_Kmin40_Kmax300_Kstep1_gmin1e-06_seed001.npz
adaptive_rho,2,40,1.0,0.005,600,157.43333333333334,16742.078888888886,2.3586709357729993e-07,864212.6182159479,3.0132225332919758,0.04486207517844691,0.00790114771076385,20056025.29441694,0.0003981950172982179,0.0016666666666666668,0.04107703167364867,0.06975210653300963,0.1965072841060796,0.038933035733932995,0,154.1679731074974,368.75263978160103,1.4142261514376024,0.25833333333333336,0.07519963267102435,2.023946120322405e-05,2.4879328888908183e-05,929.7072346659843,557824.3407995906,logs/reacher_cdc_adaptive_k_noise_40\run_adaptive_rho_K040_rho1_noise0.005_Kmin40_Kmax300_Kstep1_gmin1e-06_seed002.npz
adaptive_rho,3,40,1.0,0.005,600,165.23333333333332,16877.278888888886,2.523152650881606e-07,967632.1126600254,3.0345393644801932,0.025734696916624646,0.008056820511983583,20060090.438510112,0.00011320287692849532,0.0016666666666666668,0.03991482083788325,0.07661249890022645,0.2005980452050341,0.00939130894117487,0,157.67227121727996,387.9519489647672,1.414222537997655,0.235,0.07373279631355185,1.8191687077804457e-05,2.3210344722976503e-05,1022.3456163322165,613407.3697993299,logs/reacher_cdc_adaptive_k_noise_40\run_adaptive_rho_K040_rho1_noise0.005_Kmin40_Kmax300_Kstep1_gmin1e-06_seed003.npz
adaptive_rho,4,40,1.0,0.005,600,160.9,16817.19,2.424084036863888e-07,1074427.469282102,2.9939437549019656,0.061786050862167256,0.008365955017169545,20057330.49780726,5.65465039193173e-05,0.0,0.037140543955838094,0.07646703563184652,0.18075376050906805,0.007146473610721341,0,154.30051569219802,359.5927498612766,1.4142215281136845,0.25333333333333335,0.067321536931587,1.6579867771569298e-05,2.1214032623384727e-05,1021.8428706686245,613105.7224011747,logs/reacher_cdc_adaptive_k_noise_40\run_adaptive_rho_K040_rho1_noise0.005_Kmin40_Kmax300_Kstep1_gmin1e-06_seed004.npz
adaptive_rho,5,40,1.0,0.005,600,150.93333333333334,16536.462222222224,2.2155242394191877e-07,890022.6026208628,2.988938163288903,0.03244065249948798,0.008189419629360503,20064981.902086854,0.0001322718168400914,0.0016666666666666668,0.045944748633894285,0.10474710938228377,0.18032128630000863,0.027807457554460225,0,148.11015200763703,356.1571006248296,1.4143300938584393,0.22666666666666666,0.08638620402162143,2.1179232717530554e-05,2.6800368725521142e-05,901.2527393333343,540751.6436000005,logs/reacher_cdc_adaptive_k_noise_40\run_adaptive_rho_K040_rho1_noise0.005_Kmin40_Kmax300_Kstep1_gmin1e-06_seed005.npz
adaptive_rho,6,40,1.0,0.005,600,180.83333333333334,16782.638888888887,2.354914623372799e-07,1287263.7520405834,2.853376106476773,0.03385339977519578,0.008171588750400855,20049195.683583096,0.00024721934071783553,0.0033333333333333335,0.04583274053854888,0.11063971446976724,0.19056018734854613,0.004040013180104152,1,140.12404265132784,342.71497277096677,1.4100921674069964,0.22166666666666668,0.07865480388129581,1.81770247897975e-05,2.282990085691088e-05,1020.5459566678231,612327.5740006939,logs/reacher_cdc_adaptive_k_noise_40\run_adaptive_rho_K040_rho1_noise0.005_Kmin40_Kmax300_Kstep1_gmin1e-06_seed006.npz
adaptive_rho,7,40,1.0,0.005,600,153.1,16614.39,4.378558494933408e-07,847722.556130534,3.011450719868206,0.02827556341640939,0.008446186015591793,20050677.447319448,0.00010294525257306154,0.0016666666666666668,0.041175927135875354,0.068259298241584,0.18291799181937143,0.02152364990260887,0,152.69769327122657,362.02388369138407,1.4142131035664032,0.26,0.07644045595997373,2.0077002209947216e-05,2.5589783844285088e-05,939.8022365000603,563881.3419000362,logs/reacher_cdc_adaptive_k_noise_40\run_adaptive_rho_K040_rho1_noise0.005_Kmin40_Kmax300_Kstep1_gmin1e-06_seed007.npz
adaptive_rho,8,40,1.0,0.005,600,159.16666666666666,16782.638888888887,5.163367364110634e-07,674125.3462674443,2.993956480104295,0.10015601046827004,0.007721173874825936,20060980.436247572,5.500131007984032e-05,0.0016666666666666668,0.037655135904279005,0.06197075713680682,0.18784995195697984,0.004831506711696232,0,151.5651462622225,358.23442865633564,1.4142111841438179,0.27166666666666667,0.06961146250564974,1.7759772622501243e-05,2.312586425104376e-05,911.5128249996147,546907.6949997689,logs/reacher_cdc_adaptive_k_noise_40\run_adaptive_rho_K040_rho1_noise0.005_Kmin40_Kmax300_Kstep1_gmin1e-06_seed008.npz
adaptive_rho,9,40,1.0,0.005,600,156.56666666666666,16719.545555555556,2.5663762700914994e-07,800806.172720321,3.179887092316657,0.09784736967133026,0.008185505866467222,20065203.864838254,2.5381197733962924e-05,0.0016666666666666668,0.037562090591609115,0.0705690713224372,0.1845092985691772,0.032064419741409764,0,157.34538089144408,366.35049607036905,1.4143117652765858,0.3016666666666667,0.07664857042755156,1.7403857474572964e-05,2.2324878553517915e-05,900.627318166371,540376.3908998226,logs/reacher_cdc_adaptive_k_noise_40\run_adaptive_rho_K040_rho1_noise0.005_Kmin40_Kmax300_Kstep1_gmin1e-06_seed009.npz
adaptive_rho,0,40,1.5,0.005,600,207.26666666666668,15511.195555555556,2.6609920161647264e-07,1208534.266040322,2.9485874780034504,0.03634198342196685,0.0069070975885484375,20061435.06878897,2.344452604285358e-05,0.0,0.03370613951637323,0.05301332759591755,0.18933254054304896,0.013028983430479915,0,149.46048416082849,363.8492914212394,1.4142165486592,0.24666666666666667,0.05855255900977139,1.4474839512030731e-05,1.835769649198554e-05,1326.5460871640244,795927.6522984146,logs/reacher_cdc_adaptive_k_noise_40\run_adaptive_rho_K040_rho1.5_noise0.005_Kmin40_Kmax300_Kstep1_gmin1e-06_seed000.npz
adaptive_rho,1,40,1.5,0.005,600,208.56666666666666,15412.612222222226,4.5389564460447965e-07,1106148.093830193,3.0002103098865445,0.06392751458667784,0.007110379672935883,20052419.1337567,2.609087476035125e-05,0.0016666666666666668,0.029745840492347842,0.043693924579493955,0.1845795350613701,0.01414566916234657,0,156.36790636973595,383.0287170946043,1.4142154256131936,0.24833333333333332,0.05365561369994344,1.2505023653111485e-05,1.5714165977558492e-05,1369.796012834219,821877.6077005314,logs/reacher_cdc_adaptive_k_noise_40\run_adaptive_rho_K040_rho1.5_noise0.005_Kmin40_Kmax300_Kstep1_gmin1e-06_seed001.npz
adaptive_rho,2,40,1.5,0.005,600,211.16666666666666,15205.305555555553,2.3586709357729993e-07,1310979.5268885817,2.980437761292444,0.03666965310710034,0.006937401254286998,20056025.29441694,0.00010941381674512782,0.0016666666666666668,0.0336944479616234,0.05555726041190379,0.1965072841060796,0.01816434982232069,0,156.06052267319097,378.1926236447695,1.413946321772638,0.25833333333333336,0.06143560878843606,1.4700330959089522e-05,1.887733172783921e-05,1405.8860953319042,843531.6571991425,logs/reacher_cdc_adaptive_k_noise_40\run_adaptive_rho_K040_rho1.5_noise0.005_Kmin40_Kmax300_Kstep1_gmin1e-06_seed002.npz
adaptive_rho,3,40,1.5,0.005,600,205.53333333333333,15637.382222222222,2.523152650881606e-07,1061698.188200359,2.9318639514646883,0.0229334918426635,0.006509034857142183,20055189.22131307,8.341233285289315e-05,0.005,0.03296105217933984,0.04643114130634005,0.2005980452050341,0.014193790501429904,0,148.87585972608412,373.87383806850255,1.4143976353743928,0.24166666666666667,0.057140837590204115,1.4325051657219996e-05,1.8164100123454264e-05,1289.898211833206,773938.9270999236,logs/reacher_cdc_adaptive_k_noise_40\run_adaptive_rho_K040_rho1.5_noise0.005_Kmin40_Kmax300_Kstep1_gmin1e-06_seed003.npz
adaptive_rho,4,40,1.5,0.005,600,206.4,15575.04,2.424084036863888e-07,1142664.768608326,2.9568995762404904,0.050508636288072895,0.0069815008999563385,20057321.682184312,1.9816202344468697e-05,0.0,0.03688036956635888,0.0545406743052418,0.18075376050906805,0.0231473841105664,1,146.40506210074682,357.81773747984784,1.414283402555307,0.23666666666666666,0.06485563006581192,1.7209550424187146e-05,2.193880901260737e-05,1258.6639478348661,755198.3687009197,logs/reacher_cdc_adaptive_k_noise_40\run_adaptive_rho_K040_rho1.5_noise0.005_Kmin40_Kmax300_Kstep1_gmin1e-06_seed004.npz
adaptive_rho,5,40,1.5,0.005,600,202.5,15843.75,2.2155242394191877e-07,1202992.169012042,2.9623886022293195,0.030240235956527067,0.0070870481965835865,20050013.626219068,3.57116333987644e-05,0.006666666666666667,0.035214845875014986,0.06276492098425049,0.18032128630000863,0.02210170786896473,0,145.10329429081975,352.4629718818452,1.4142135658866126,0.21666666666666667,0.06138310944156,1.6224964935845215e-05,2.057587390961552e-05,1287.7410431706812,772644.6259024087,logs/reacher_cdc_adaptive_k_noise_40\run_adaptive_rho_K040_rho1.5_noise0.005_Kmin40_Kmax300_Kstep1_gmin1e-06_seed005.npz
adaptive_rho,6,40,1.5,0.005,600,202.5,15843.75,2.354914623372799e-07,1199598.8398351213,2.975118135096501,0.022020885219109637,0.0069879427227332895,20066038.97516167,2.1343347469090747e-05,0.0033333333333333335,0.03657632960876028,0.07605268483375699,0.19056018734854613,0.004188866516682033,0,150.46603337514443,364.71590128318496,1.4140824194608546,0.22666666666666666,0.0645979640355745,1.6484280340078446e-05,2.1291399510447283e-05,1303.6357880017022,782181.4728010213,logs/reacher_cdc_adaptive_k_noise_40\run_adaptive_rho_K040_rho1.5_noise0.005_Kmin40_Kmax300_Kstep1_gmin1e-06_seed006.npz
adaptive_rho,7,40,1.5,0.005,600,208.56666666666666,15412.612222222226,4.378558494933408e-07,998342.8750105737,2.906268175634842,0.02925734649993807,0.007019596880883506,20050677.447319448,1.9800198323902365e-05,0.0016666666666666668,0.034199759190531864,0.06485277668913915,0.18291799181937143,0.027419618747791637,0,144.69492759475798,358.8474533081105,1.4144098299259344,0.22166666666666668,0.05868906274957784,1.506123663509678e-05,1.8958392661204906e-05,1308.804864001965,785282.9184011789,logs/reacher_cdc_adaptive_k_noise_40\run_adaptive_rho_K040_rho1.5_noise0.005_Kmin40_Kmax300_Kstep1_gmin1e-06_seed007.npz
adaptive_rho,8,40,1.5,0.005,600,207.7,15478.710000000003,5.163367364110634e-07,975477.4471552052,2.8905216290129996,0.03238971343033302,0.006618391666603194,20054997.600826953,0.0001467184985291966,0.0,0.03191713238943688,0.04539280251493142,0.18784995195697984,0.03014948680683253,1,149.98783667163138,387.23006512949235,1.4142179414500222,0.25333333333333335,0.05314127048239935,1.386963736858725e-05,1.7611088615263014e-05,1308.0915371654555,784854.9222992733,logs/reacher_cdc_adaptive_k_noise_40\run_adaptive_rho_K040_rho1.5_noise0.005_Kmin40_Kmax300_Kstep1_gmin1e-06_seed008.npz
adaptive_rho,9,40,1.5,0.005,600,199.03333333333333,16057.065555555553,2.5663762700914994e-07,1086635.4105397123,2.9230969386935497,0.032298269475501754,0.006983848971392466,20049393.299407795,2.158049068279003e-05,0.0016666666666666668,0.03638376741496422,0.07518726852900262,0.1845092985691772,0.008164852529961126,0,146.79661499372588,358.07752364776934,1.41421652035139,0.20833333333333334,0.0628162850159123,1.644203266580714e-05,2.1383452980005842e-05,1213.2112726633204,727926.7635979922,logs/reacher_cdc_adaptive_k_noise_40\run_adaptive_rho_K040_rho1.5_noise0.005_Kmin40_Kmax300_Kstep1_gmin1e-06_seed009.npz
adaptive_rho,0,40,0.1,0.01,600,40.43333333333333,112.4788888888889,9.779527088027518e-05,7001.105611451328,3.553913366726644,1.2093071359835528,0.023586556523638745,20075822.117388967,2.550385622358152e-05,0.0,0.06592603065583233,0.11153403291946944,0.18933254054304896,0.07216581339727575,0,185.2036046964938,419.68539869063494,1.4145600444662367,0.38333333333333336,0.16064123239779907,3.447093961807628e-05,4.329620503328022e-05,131.2143784990379,78728.62709942274,logs/reacher_cdc_adaptive_k_noise_40\run_adaptive_rho_K040_rho0.1_noise0.01_Kmin40_Kmax300_Kstep1_gmin1e-06_seed000.npz
adaptive_rho,1,40,0.1,0.01,600,41.3,336.31,1.888081563097893e-05,14415.361879499598,3.591028243198163,2.5913445692062584,0.03665706640489031,20069705.970577158,3.108187383696756e-05,0.0,0.07470204173410783,0.12510726312231712,0.18553052858704108,0.09168792464402879,0,177.79879451001003,405.2065786026282,1.414511486049888,0.34833333333333333,0.19695517638500562,3.940427804790778e-05,4.949067856511882e-05,136.72176633728668,82033.05980237201,logs/reacher_cdc_adaptive_k_noise_40\run_adaptive_rho_K040_rho0.1_noise0.01_Kmin40_Kmax300_Kstep1_gmin1e-06_seed001.npz
adaptive_rho,2,40,0.1,0.01,600,41.3,336.31,2.5414584129827388e-05,10682.346714685369,3.7413905704401063,0.8241341347312412,0.02232442921660779,20060040.340003747,2.8910921452394807e-05,0.0,0.06802407158979427,0.12015269812066462,0.1969218743027255,0.11895104240458394,0,188.57698321863282,422.6235667971641,1.4143390205527266,0.3883333333333333,0.17628759009696793,3.496637810965315e-05,4.403291458623683e-05,134.45542483144285,80673.2548988657,logs/reacher_cdc_adaptive_k_noise_40\run_adaptive_rho_K040_rho0.1_noise0.01_Kmin40_Kmax300_Kstep1_gmin1e-06_seed002.npz
adaptive_rho,3,40,0.1,0.01,600,41.733333333333334,447.66222222222245,2.6469489166880173e-07,233875.1421281684,3.818424185676137,5.453092623542624,0.03406117908140174,20065773.77215382,5.296585372441572e-05,0.0,0.07685303870840608,0.12842763440644842,0.2005980452050341,0.08945249137182351,0,187.61040676058093,423.0660226948888,1.4145910259930148,0.37166666666666665,0.20976598843874736,4.034659273121509e-05,5.211646130635466e-05,138.4858995018294,83091.53970109764,logs/reacher_cdc_adaptive_k_noise_40\run_adaptive_rho_K040_rho0.1_noise0.01_Kmin40_Kmax300_Kstep1_gmin1e-06_seed003.npz
adaptive_rho,4,40,0.1,0.01,600,40.86666666666667,224.5822222222221,2.0788002157875835e-05,10268.306807038241,3.6878788693447055,3.540523759908472,0.02726940063544515,20090238.726720326,2.756526814085903e-05,0.0,0.06166958341036992,0.09972954557576212,0.18075376050906805,0.045270768802169736,0,184.27505026555792,428.3655105149205,1.414522462678583,0.36333333333333334,0.15589422335565062,3.333319825257847e-05,4.289913880811245e-05,135.62246600204767,81373.47960122861,logs/reacher_cdc_adaptive_k_noise_40\run_adaptive_rho_K040_rho0.1_noise0.01_Kmin40_Kmax300_Kstep1_gmin1e-06_seed004.npz
adaptive_rho,5,40,0.1,0.01,600,42.166666666666664,558.6388888888886,2.932586248188508e-07,210649.64315068178,3.792132462931463,4.60635459123969,0.03518394633772781,20057253.46835205,5.757454730778678e-05,0.0,0.06476219404421528,0.10388943437305194,0.18032128630000863,0.032229316357458654,0,195.0004919615596,456.6697505751949,1.4143264326715603,0.3983333333333333,0.16756944711352734,3.484576724331626e-05,4.3972636962649534e-05,135.5612651668101,81336.75910008606,logs/reacher_cdc_adaptive_k_noise_40\run_adaptive_rho_K040_rho0.1_noise0.01_Kmin40_Kmax300_Kstep1_gmin1e-06_seed005.npz
adaptive_rho,6,40,0.1,0.01,600,41.3,336.31,2.5702237108032385e-07,247180.80767421803,3.598485758102458,2.7586121580206893,0.02935824541802435,20070217.9082016,1.5093675142555566e-05,0.0,0.0752186998678433,0.11576114815821878,0.19056018734854613,0.0362233888696855,0,182.78417784637045,420.54648100616464,1.4146879673399457,0.36666666666666664,0.19270903156890273,4.0105175276720855e-05,5.232302803467691e-05,136.3918436675643,81835.10620053858,logs/reacher_cdc_adaptive_k_noise_40\run_adaptive_rho_K040_rho0.1_noise0.01_Kmin40_Kmax300_Kstep1_gmin1e-06_seed006.npz
adaptive_rho,7,40,0.1,0.01,600,41.733333333333334,447.6622222222223,4.32586442499157e-07,143454.13106588944,3.6420108444712103,3.034883146155059,0.042777370858610254,20093978.618094034,1.4369640810923343e-05,0.0,0.07723914106069012,0.11699487276051182,0.18291799181937143,0.06327761960826653,0,188.38627372404568,428.1472715036134,1.4145344181451314,0.36,0.2045685819762176,4.2161835660138464e-05,5.2167123205633396e-05,142.82141549959002,85692.84929975402,logs/reacher_cdc_adaptive_k_noise_40\run_adaptive_rho_K040_rho0.1_noise0.01_Kmin40_Kmax300_Kstep1_gmin1e-06_seed007.npz
adaptive_rho,8,40,0.1,0.01,600,40.43333333333333,112.4788888888889,0.00012222975565611853,6443.2954686781095,3.6216079456059393,3.9267506345981307,0.04296371275771419,20068946.022147957,2.534681082884178e-05,0.0,0.0872655030933694,0.1327743684688982,0.18916616247779244,0.13648155572174336,0,184.99930183814774,440.6646882730274,1.4145194176665434,0.355,0.24313275537460158,4.708466466582417e-05,6.137030232989212e-05,130.89068500034045,78534.41100020427,logs/reacher_cdc_adaptive_k_noise_40\run_adaptive_rho_K040_rho0.1_noise0.01_Kmin40_Kmax300_Kstep1_gmin1e-06_seed008.npz
adaptive_rho,9,40,0.1,0.01,600,40.43333333333333,112.47888888888887,2.0215163883101265e-05,8965.36003128401,3.7845060344677717,2.947372961197092,0.036511526916476265,20070309.802494798,1.6355203351148134e-05,0.0016666666666666668,0.0884545089039585,0.120275653603511,0.18685989712186443,0.07558167558197076,0,188.274050498596,440.90770280205385,1.414504714203329,0.355,0.25459994197981894,4.867876805043331e-05,6.300174588523491e-05,128.3027258327153,76981.63549962919,logs/reacher_cdc_adaptive_k_noise_40\run_adaptive_rho_K040_rho0.1_noise0.01_Kmin40_Kmax300_Kstep1_gmin1e-06_seed009.npz
adaptive_rho,0,40,0.2,0.01,600,46.06666666666667,1540.528888888889,2.620620447532694e-07,299366.60820795014,3.598366339256742,1.7811812554212039,0.030785249117917437,20079309.25978534,3.497305980397832e-05,0.0,0.07450223515076915,0.10918444414733783,0.18933254054304896,0.09802235912851912,0,180.04069474961076,418.0331500157872,1.4143660553092745,0.33,0.19627344626835097,4.193300525561113e-05,5.331248227934778e-05,167.70288100078082,100621.72860046849,logs/reacher_cdc_adaptive_k_noise_40\run_adaptive_rho_K040_rho0.2_noise0.01_Kmin40_Kmax300_Kstep1_gmin1e-06_seed000.npz
adaptive_rho,1,40,0.2,0.01,600,47.36666666666667,1861.0655555555559,5.165012181116385e-07,160957.39691348205,3.569651745182094,0.7763173843075792,0.022055536840113056,20067847.039754033,2.2016249978661564e-05,0.0,0.06655177943573412,0.10798512008642093,0.1845795350613701,0.10407574127238535,0,181.59260085576886,427.0687404552178,1.4146583542005544,0.32666666666666666,0.1693038176883534,3.4600795457445634e-05,4.527560817557547e-05,180.51083899665778,108306.50339799467,logs/reacher_cdc_adaptive_k_noise_40\run_adaptive_rho_K040_rho0.2_noise0.01_Kmin40_Kmax300_Kstep1_gmin1e-06_seed001.npz
adaptive_rho,2,40,0.2,0.01,600,46.5,1647.75,2.405067976629698e-07,320167.32264909265,3.7485581304887563,3.213118789401055,0.0397873490316628,20062908.245264754,4.063283204849859e-05,0.0,0.07299809105468219,0.12481600962830987,0.1965072841060796,0.02034933813919516,0,186.87600661208643,420.4918141324939,1.414273202218281,0.3283333333333333,0.1927897243985818,3.887310136347269e-05,4.925828436682754e-05,176.32304433519798,105793.82660111878,logs/reacher_cdc_adaptive_k_noise_40\run_adaptive_rho_K040_rho0.2_noise0.01_Kmin40_Kmax300_Kstep1_gmin1e-06_seed002.npz
adaptive_rho,3,40,0.2,0.01,600,46.93333333333333,1754.595555555555,2.6469489166880173e-07,259408.98822011604,3.6714859108246287,2.5382930062383555,0.03629989366783573,20088517.23001902,2.085206333670722e-05,0.0,0.07895670519557439,0.1342865293126473,0.2005980452050341,0.1205424824842859,0,184.2055819462446,416.7048832793197,1.4145889493309012,0.375,0.2159573819451787,3.9792085887024876e-05,4.8332777245852224e-05,174.98667983474056,104992.00790084433,logs/reacher_cdc_adaptive_k_noise_40\run_adaptive_rho_K040_rho0.2_noise0.01_Kmin40_Kmax300_Kstep1_gmin1e-06_seed003.npz
adaptive_rho,4,40,0.2,0.01,600,47.36666666666667,1861.0655555555559,2.216876662352613e-05,38188.54185903059,3.893250624538337,3.0788724945870047,0.031954208710971224,20093738.14366091,3.592389917845548e-05,0.0016666666666666668,0.06728445972478672,0.10586430201662761,0.18075376050906805,0.08469574392500495,0,190.967042916699,438.72397610863214,1.4159250784396815,0.375,0.1811811681382064,3.675982041207889e-05,4.680809535486883e-05,178.9792921677387,107387.57530064322,logs/reacher_cdc_adaptive_k_noise_40\run_adaptive_rho_K040_rho0.2_noise0.01_Kmin40_Kmax300_Kstep1_gmin1e-06_seed004.npz
adaptive_rho,5,40,0.2,0.01,600,48.233333333333334,2072.8788888888885,2.932586248188508e-07,244692.7714438338,3.8363739123047536,1.2120063676480055,0.02578865630468595,20093119.617988866,5.757454730778678e-05,0.0,0.06057230019415929,0.09995650583083476,0.18032128630000863,0.08602811255191507,0,191.16392306304658,454.9686973576509,1.4147418707210018,0.36333333333333334,0.15671021702612967,3.2519658543361354e-05,4.0843981102938164e-05,188.2189725007629,112931.38350045774,logs/reacher_cdc_adaptive_k_noise_40\run_adaptive_rho_K040_rho0.2_noise0.01_Kmin40_Kmax300_Kstep1_gmin1e-06_seed005.npz
adaptive_rho,6,40,0.2,0.01,600,43.03333333333333,779.4655555555554,2.5702237108032385e-07,255831.78011634966,3.4437971012978674,2.5162420936802423,0.026157939255120333,20067717.587828968,4.034701676618879e-05,0.0,0.07761000091613483,0.1268314879002275,0.19056018734854613,0.11506424073036876,0,185.31125229883676,438.7352342857823,1.4144723670936221,0.36833333333333335,0.19631279387955794,4.07384682772129e-05,5.2488022194754196e-05,154.05838949877457,92435.03369926475,logs/reacher_cdc_adaptive_k_noise_40\run_adaptive_rho_K040_rho0.2_noise0.01_Kmin40_Kmax300_Kstep1_gmin1e-06_seed006.npz
adaptive_rho,7,40,0.2,0.01,600,46.5,1647.75,4.32586442499157e-07,237507.2950195147,3.7607529629962757,2.5281539147383247,0.03036864182872974,20087074.232323125,1.5455868799762012e-05,0.0,0.06781523670170854,0.11105517219996558,0.1949662701843979,0.0510169569101307,0,189.8702222936107,436.67096130787877,1.4143503455128084,0.3416666666666667,0.1785688060741437,3.6207851660118955e-05,4.726773343031729e-05,177.73203849811884,106639.2230988713,logs/reacher_cdc_adaptive_k_noise_40\run_adaptive_rho_K040_rho0.2_noise0.01_Kmin40_Kmax300_Kstep1_gmin1e-06_seed007.npz
adaptive_rho,8,40,0.2,0.01,600,46.93333333333333,1754.595555555555,7.200888757916001e-06,64960.93923471153,3.608375058763983,0.17040969977344234,0.022595198471059723,20081818.01740376,1.5421323706627533e-05,0.0,0.06225666845687662,0.1085644653891114,0.18916616247779244,0.07091941818254621,0,185.59182964500684,438.42459159559576,1.4146277999156245,0.35,0.1563599065436317,3.2056715051080486e-05,4.169925392173332e-05,186.0053724993486,111603.22349960916,logs/reacher_cdc_adaptive_k_noise_40\run_adaptive_rho_K040_rho0.2_noise0.01_Kmin40_Kmax300_Kstep1_gmin1e-06_seed008.npz
adaptive_rho,9,40,0.2,0.01,600,46.5,1647.75,5.7104718931971565e-06,51440.75789640338,3.718709236617751,4.175956461310777,0.031650194379470836,20071604.8628608,7.567683119227188e-05,0.0016666666666666668,0.07694843670894262,0.13458077898106247,0.18685989712186443,0.02315460385644511,0,183.17976417097694,418.32676091962827,1.414294486500193,0.355,0.2055772488301506,4.217069274201327e-05,5.358876568558274e-05,177.31146099899584,106386.87659939751,logs/reacher_cdc_adaptive_k_noise_40\run_adaptive_rho_K040_rho0.2_noise0.01_Kmin40_Kmax300_Kstep1_gmin1e-06_seed009.npz
adaptive_rho,0,40,0.3,0.01,600,58.2,4400.76,2.620620447532694e-07,373673.48551171453,3.5748938574152693,2.956044777700715,0.03062996448774726,20195930.7190465,5.463040117213684e-05,0.0016666666666666668,0.07030946909496737,0.12365585670239286,0.18933254054304896,0.06320402905606601,0,179.5019680386795,405.8461749584617,1.4149650170633807,0.355,0.1797567117315557,3.776679384611712e-05,4.857856970960059e-05,250.66041866880065,150396.2512012804,logs/reacher_cdc_adaptive_k_noise_40\run_adaptive_rho_K040_rho0.3_noise0.01_Kmin40_Kmax300_Kstep1_gmin1e-06_seed000.npz
adaptive_rho,1,40,0.3,0.01,600,57.766666666666666,4303.67888888889,5.165012181116385e-07,238068.63702103755,3.8227435830280485,2.6838096789686117,0.026307844451077186,20071722.604266636,3.965773541858655e-05,0.0,0.07105878540602956,0.10836639085345563,0.1845795350613701,0.017754446404478864,0,185.29981670711692,427.4315415321083,1.4164151565061311,0.36333333333333334,0.19229343621048214,3.8428645079860296e-05,4.9973567496562517e-05,272.5351331631343,163521.07989788055,logs/reacher_cdc_adaptive_k_noise_40\run_adaptive_rho_K040_rho0.3_noise0.01_Kmin40_Kmax300_Kstep1_gmin1e-06_seed001.npz
adaptive_rho,2,40,0.3,0.01,600,59.06666666666667,4593.795555555555,2.405067976629698e-07,453734.25913403253,3.5584463920033516,0.19597289952557395,0.02124677354797492,20056913.686996143,2.3411255546561268e-05,0.0016666666666666668,0.06842732940848158,0.11922917338873804,0.1965072841060796,0.017612569675942318,0,185.55126986173713,423.2431154308706,1.4142835386996724,0.4,0.17134338477134226,3.444411294195126e-05,4.406028265229466e-05,273.51985033077653,164111.91019846592,logs/reacher_cdc_adaptive_k_noise_40\run_adaptive_rho_K040_rho0.3_noise0.01_Kmin40_Kmax300_Kstep1_gmin1e-06_seed002.npz
adaptive_rho,3,40,0.3,0.01,600,56.46666666666667,4010.1822222222227,2.6469489166880173e-07,315852.0027909841,3.559313068656003,0.12942302848139767,0.020785756471051308,20105595.08257174,5.317835098259833e-05,0.0,0.05740941522234761,0.09411019887980016,0.2005980452050341,0.04744239146041253,0,182.9336012886021,421.77857700888876,1.414418598685633,0.375,0.13417941402873326,3.0025400897377467e-05,3.902482377714209e-05,254.96798149814518,152980.7888988871,logs/reacher_cdc_adaptive_k_noise_40\run_adaptive_rho_K040_rho0.3_noise0.01_Kmin40_Kmax300_Kstep1_gmin1e-06_seed003.npz
adaptive_rho,4,40,0.3,0.01,600,55.166666666666664,3713.3055555555566,2.9719260785852987e-06,107534.29103196197,3.537562387682793,0.05245229422780949,0.020401474031152656,20070555.997119807,2.966941958626647e-05,0.0,0.0637450936315446,0.11124190050485838,0.18075376050906805,0.0551600443843969,0,184.91556933444318,444.97569303610715,1.4147302935199773,0.3433333333333333,0.1526211711774682,3.299045092606924e-05,4.2126817654699816e-05,246.35364733384145,147812.18840030488,logs/reacher_cdc_adaptive_k_noise_40\run_adaptive_rho_K040_rho0.3_noise0.01_Kmin40_Kmax300_Kstep1_gmin1e-06_seed004.npz
adaptive_rho,5,40,0.3,0.01,600,50.4,2595.84,2.932586248188508e-07,306604.7368735465,3.8271536948137714,2.8968295023767396,0.040588031728657284,20073625.485430226,3.627813008670023e-05,0.0,0.07421411527134514,0.1203591825805243,0.18032128630000863,0.11064915323336504,0,192.94460481621243,457.0357795815207,1.4144611607742652,0.365,0.2030854308972288,4.0074048179001136e-05,5.032721025167538e-05,199.51649733042964,119709.89839825779,logs/reacher_cdc_adaptive_k_noise_40\run_adaptive_rho_K040_rho0.3_noise0.01_Kmin40_Kmax300_Kstep1_gmin1e-06_seed005.npz
adaptive_rho,6,40,0.3,0.01,600,55.6,3812.64,2.5702237108032385e-07,347301.4374201059,3.4660345662212104,3.4012147035874345,0.026433918270705157,20101154.381984185,1.8586534148179106e-05,0.0,0.06071976023062306,0.11053241247652522,0.19056018734854613,0.048517244727455576,0,180.6824047492539,419.02253157391516,1.4145891981081289,0.3466666666666667,0.13973831393679453,3.172631286825691e-05,4.1003392660936955e-05,237.1899794957911,142313.98769747466,logs/reacher_cdc_adaptive_k_noise_40\run_adaptive_rho_K040_rho0.3_noise0.01_Kmin40_Kmax300_Kstep1_gmin1e-06_seed006.npz
adaptive_rho,7,40,0.3,0.01,600,53.86666666666667,3413.0488888888885,4.32586442499157e-07,320311.51928320486,3.7774578787759068,2.727327381639885,0.030684820006137047,20066554.7099606,3.3117515723196355e-05,0.0,0.07717838734236408,0.12320929927656975,0.18291799181937143,0.1196261567556278,0,185.23980573212629,403.0476148101227,1.419557756817354,0.3383333333333333,0.2119955255709614,4.1904331677614035e-05,5.281834720668513e-05,218.6191473338598,131171.48840031587,logs/reacher_cdc_adaptive_k_noise_40\run_adaptive_rho_K040_rho0.3_noise0.01_Kmin40_Kmax300_Kstep1_gmin1e-06_seed007.npz
adaptive_rho,8,40,0.3,0.01,600,54.3,3513.51,5.649726120352747e-07,171591.04087510373,3.6102053774732794,4.248464688924621,0.05079067989434163,20070949.191620413,3.685191108592832e-05,0.0,0.09270795437200709,0.13321658947445153,0.1886950620574027,0.011188220034340371,0,183.20056656309032,414.52700576763516,1.4150765755818127,0.355,0.2661149518986869,5.075469477687286e-05,6.437985929939087e-05,220.63793666816005,132382.76200089604,logs/reacher_cdc_adaptive_k_noise_40\run_adaptive_rho_K040_rho0.3_noise0.01_Kmin40_Kmax300_Kstep1_gmin1e-06_seed008.npz
adaptive_rho,9,40,0.3,0.01,600,59.93333333333333,4785.328888888889,5.877653242796169e-07,203623.25353733875,3.819683866729021,0.08033573181543902,0.020769369099843515,20062251.332187768,3.6823882417238214e-05,0.0016666666666666668,0.06674102890330476,0.10170930354086664,0.1845092985691772,0.05888513952728015,0,194.0129685776538,431.9023895963635,1.4143544694469317,0.385,0.17353436438722805,3.558694123055642e-05,4.416108909606481e-05,256.3555096654454,153813.30579926725,logs/reacher_cdc_adaptive_k_noise_40\run_adaptive_rho_K040_rho0.3_noise0.01_Kmin40_Kmax300_Kstep1_gmin1e-06_seed009.npz
adaptive_rho,0,40,0.4,0.01,600,68.6,6618.039999999999,2.620620447532694e-07,456495.1561712842,3.7341043651819126,3.740117091141725,0.03601685163576347,20087247.52734638,4.441754697944077e-05,0.0016666666666666668,0.0647704226002982,0.10824339854837396,0.18933254054304896,0.07096410672889913,0,187.54885319156585,417.6071962359608,1.4143995835740129,0.34,0.16672898535454272,3.364494767690752e-05,4.2082305705182144e-05,332.64621383161284,199587.7282989677,logs/reacher_cdc_adaptive_k_noise_40\run_adaptive_rho_K040_rho0.4_noise0.01_Kmin40_Kmax300_Kstep1_gmin1e-06_seed000.npz
adaptive_rho,1,40,0.4,0.01,600,60.8,4975.36,5.165012181116385e-07,268653.8906248581,3.6876814415288495,1.6661990431739544,0.025160906167305045,20080291.39502858,4.211049627505728e-05,0.0,0.06720698289775988,0.10562932077563536,0.1845795350613701,0.01998856851490099,0,186.03127619594733,412.3622537510777,1.414623190159111,0.37666666666666665,0.1710516232415943,3.6640416377378046e-05,4.665040436409997e-05,274.7670943348203,164860.25660089217,logs/reacher_cdc_adaptive_k_noise_40\run_adaptive_rho_K040_rho0.4_noise0.01_Kmin40_Kmax300_Kstep1_gmin1e-06_seed001.npz
adaptive_rho,2,40,0.4,0.01,600,66.86666666666666,6263.515555555555,2.405067976629698e-07,406663.07595906715,3.4599417682907383,0.05425599488850426,0.020199578066141238,20062449.367996197,4.370969368181455e-05,0.0016666666666666668,0.05714674469351243,0.09098235510535946,0.1965072841060796,0.049408029869287565,0,178.07602849211997,420.7607425412534,1.4146031286540024,0.30666666666666664,0.1313672378230742,2.9510903450430936e-05,3.828710426728167e-05,321.3436228351202,192806.1737010721,logs/reacher_cdc_adaptive_k_noise_40\run_adaptive_rho_K040_rho0.4_noise0.01_Kmin40_Kmax300_Kstep1_gmin1e-06_seed002.npz
adaptive_rho,3,40,0.4,0.01,600,63.4,5536.439999999999,2.6469489166880173e-07,382507.89916846406,3.6695082226703493,0.09571100641981482,0.02058525291364398,20085352.56520549,1.6128669107744782e-05,0.0,0.06786703708435098,0.12158440157064866,0.2005980452050341,0.024291266724924182,0,182.5071230148664,412.06736414030865,1.4144045132447283,0.3416666666666667,0.1719728237511645,3.59325849173427e-05,4.5853648925434055e-05,296.11934149987064,177671.6048999224,logs/reacher_cdc_adaptive_k_noise_40\run_adaptive_rho_K040_rho0.4_noise0.01_Kmin40_Kmax300_Kstep1_gmin1e-06_seed003.npz
adaptive_rho,4,40,0.4,0.01,600,59.5,4689.75,2.4839437964898385e-07,390579.4197400897,3.5868918985074387,4.854497580857211,0.030771504983771146,20075662.076782532,3.444663315065218e-05,0.0,0.08471565733439149,0.11975823343682257,0.18075376050906805,0.1312192459978065,0,181.85596249712466,417.6931994841395,1.4149758685863414,0.3566666666666667,0.232719706432195,4.663082432555768e-05,5.733187686743339e-05,256.2751031641771,153765.06189850625,logs/reacher_cdc_adaptive_k_noise_40\run_adaptive_rho_K040_rho0.4_noise0.01_Kmin40_Kmax300_Kstep1_gmin1e-06_seed004.npz
adaptive_rho,5,40,0.4,0.01,600,69.46666666666667,6793.0488888888885,2.932586248188508e-07,626992.9656676321,3.4220388013059906,0.0846595280349283,0.02154374173450395,20069937.934873182,2.8352844954260113e-05,0.0016666666666666668,0.08163149539814676,0.12000710393120059,0.18032128630000863,0.03186553188254553,0,184.29878462155938,423.98385377654347,1.4149224615230624,0.3566666666666667,0.21088077989035445,4.446553649240898e-05,5.689901254186678e-05,358.23291316841886,214939.7479010513,logs/reacher_cdc_adaptive_k_noise_40\run_adaptive_rho_K040_rho0.4_noise0.01_Kmin40_Kmax300_Kstep1_gmin1e-06_seed005.npz
adaptive_rho,6,40,0.4,0.01,600,64.7,5811.91,2.5702237108032385e-07,383180.0640858994,3.556247574168624,1.5642299557729578,0.02565717409336082,20112944.255392544,7.854348958529492e-05,0.0,0.055909703468205056,0.10754434575829201,0.19056018734854613,0.11189507619559048,0,187.75417941451062,423.9224336788505,1.4145935193048977,0.36833333333333335,0.1289856690171521,2.8376297089106744e-05,3.766103099484546e-05,299.5631796624123,179737.9077974474,logs/reacher_cdc_adaptive_k_noise_40\run_adaptive_rho_K040_rho0.4_noise0.01_Kmin40_Kmax300_Kstep1_gmin1e-06_seed006.npz
adaptive_rho,7,40,0.4,0.01,600,72.06666666666666,7309.062222222224,4.32586442499157e-07,444088.10628426605,3.5233286710472216,0.08177442860920313,0.02118497589043626,20099022.526103433,1.4867149925157148e-05,0.0,0.05894330718827854,0.10119541347134371,0.18291799181937143,0.05393710427350169,0,180.3965040736352,418.53201831766876,1.414371245250593,0.3416666666666667,0.13692561380434964,3.1396444446384923e-05,3.947860245644371e-05,362.6205891657931,217572.35349947587,logs/reacher_cdc_adaptive_k_noise_40\run_adaptive_rho_K040_rho0.4_noise0.01_Kmin40_Kmax300_Kstep1_gmin1e-06_seed007.npz
adaptive_rho,8,40,0.4,0.01,600,69.46666666666667,6793.0488888888885,5.649726120352747e-07,282004.54971050983,3.5386010796119596,0.056404321361303515,0.020537521441772844,20068077.659912985,8.085396112309685e-05,0.0,0.05983627221213869,0.09098772013912851,0.1886950620574027,0.04869971139250658,0,182.28812817034557,412.8603229200045,1.4149150573997424,0.36666666666666664,0.14376479745475765,3.1785511711953296e-05,4.04994463578162e-05,359.2541923339013,215552.51540034078,logs/reacher_cdc_adaptive_k_noise_40\run_adaptive_rho_K040_rho0.4_noise0.01_Kmin40_Kmax300_Kstep1_gmin1e-06_seed008.npz
adaptive_rho,9,40,0.4,0.01,600,70.33333333333333,6966.555555555557,5.877653242796169e-07,285116.7823327529,3.7107067148038975,0.08510696202453727,0.021006000306772587,20062200.610244814,1.917006031253906e-05,0.0016666666666666668,0.05409384827086454,0.10290363063768798,0.1845092985691772,0.07497153005991179,0,183.60289462861329,410.0607394220111,1.4143573397449896,0.33666666666666667,0.1276750112123304,2.6458177064723137e-05,3.36606425128617e-05,334.55881383347634,200735.2883000858,logs/reacher_cdc_adaptive_k_noise_40\run_adaptive_rho_K040_rho0.4_noise0.01_Kmin40_Kmax300_Kstep1_gmin1e-06_seed009.npz
adaptive_rho,0,40,0.5,0.01,600,74.66666666666667,7811.555555555555,2.620620447532694e-07,451418.1312174236,3.612778329708033,4.496608091976452,0.03310569655242349,20076701.458028387,0.0003420773546705464,0.0016666666666666668,0.0645447401703314,0.09987801950939416,0.18933254054304896,0.05825465677359545,0,184.8286264080209,429.91988214133676,1.4145465576718352,0.32666666666666666,0.15965548287723802,3.5009847114934924e-05,4.473461785592884e-05,369.3915760026236,221634.94560157415,logs/reacher_cdc_adaptive_k_noise_40\run_adaptive_rho_K040_rho0.5_noise0.01_Kmin40_Kmax300_Kstep1_gmin1e-06_seed000.npz
adaptive_rho,1,40,0.5,0.01,600,80.3,8853.909999999996,5.165012181116385e-07,497386.1816414471,3.820381538760733,1.8129242634626603,0.0229980257285894,20085109.41966039,1.8811196843168847e-05,0.0,0.06704155792311159,0.11032427113458361,0.1845795350613701,0.03914271904551032,0,183.7951809280347,406.49375031698776,1.4145857419280101,0.3616666666666667,0.17846937894219536,3.593683794048458e-05,4.632208346942352e-05,413.81395083541673,248288.37050125003,logs/reacher_cdc_adaptive_k_noise_40\run_adaptive_rho_K040_rho0.5_noise0.01_Kmin40_Kmax300_Kstep1_gmin1e-06_seed001.npz
adaptive_rho,2,40,0.5,0.01,600,88.53333333333333,10263.182222222224,2.405067976629698e-07,534092.131173804,3.5604500681260927,0.23049433254201435,0.019980214717158624,20072207.51917992,1.812829133034723e-05,0.0,0.052196774735711424,0.08876500217893012,0.1965072841060796,0.03562663177618971,0,182.76186133847554,404.58668462769805,1.41461388854931,0.3383333333333333,0.12088372193820647,2.688658967427891e-05,3.472211637497303e-05,483.1096098315902,289865.7658989541,logs/reacher_cdc_adaptive_k_noise_40\run_adaptive_rho_K040_rho0.5_noise0.01_Kmin40_Kmax300_Kstep1_gmin1e-06_seed002.npz
adaptive_rho,3,40,0.5,0.01,600,75.1,7893.99,2.6469489166880173e-07,393639.6461770563,3.668960352500632,2.962027685846984,0.028484596650191325,20131237.026014555,3.165290154916256e-05,0.0016666666666666668,0.06588988072552825,0.11656834621595337,0.2005980452050341,0.0841878416986359,0,183.90521490489056,418.5448154672504,1.414456698453586,0.32666666666666666,0.16647234507375103,3.4958537906244984e-05,4.355761664231422e-05,367.4975221679779,220498.51330078673,logs/reacher_cdc_adaptive_k_noise_40\run_adaptive_rho_K040_rho0.5_noise0.01_Kmin40_Kmax300_Kstep1_gmin1e-06_seed003.npz
adaptive_rho,4,40,0.5,0.01,600,58.2,4400.76,2.4839437964898385e-07,360498.3810772646,3.470324647426587,6.85841430110881,0.10576776649952621,20075141.625919245,3.104079744438769e-05,0.0,0.11082040678266866,0.13670644426396428,0.18075376050906805,0.10660588356313366,0,185.10857411522923,416.77176401290956,1.4144150312093207,0.38,0.34656828013482094,6.480865608826154e-05,8.331902677694033e-05,245.15398099281205,147092.38859568723,logs/reacher_cdc_adaptive_k_noise_40\run_adaptive_rho_K040_rho0.5_noise0.01_Kmin40_Kmax300_Kstep1_gmin1e-06_seed004.npz
adaptive_rho,5,40,0.5,0.01,600,79.86666666666666,8775.982222222221,2.932586248188508e-07,501039.45343244635,3.588376979899167,0.08823202513811626,0.02093208827422065,20074167.690841872,0.00010226559190001934,0.0016666666666666668,0.06990545920584791,0.10673834409485228,0.18032128630000863,0.04044705171659251,0,184.06812765069708,423.0080040835822,1.4143915941153833,0.31833333333333336,0.17710165701695826,3.816329263128164e-05,4.811725912624407e-05,394.88017033513944,236928.10220108368,logs/reacher_cdc_adaptive_k_noise_40\run_adaptive_rho_K040_rho0.5_noise0.01_Kmin40_Kmax300_Kstep1_gmin1e-06_seed005.npz
adaptive_rho,6,40,0.5,0.01,600,76.4,8139.04,2.5702237108032385e-07,497494.33110412746,3.685793953929621,2.8041430665743956,0.025348547165036994,20058701.83579642,1.9364553703234118e-05,0.0,0.053571300339137706,0.09493007657565995,0.19056018734854613,0.018227117273995206,0,185.7982039929584,417.98752672437274,1.4143653233796543,0.38333333333333336,0.13106802844550444,2.7582548464211775e-05,3.584335670717996e-05,388.1009818351595,232860.58910109568,logs/reacher_cdc_adaptive_k_noise_40\run_adaptive_rho_K040_rho0.5_noise0.01_Kmin40_Kmax300_Kstep1_gmin1e-06_seed006.npz
adaptive_rho,7,40,0.5,0.01,600,80.73333333333333,8931.462222222222,4.32586442499157e-07,484279.1599226005,3.745151144176616,0.14936433415219708,0.020565027847749075,20085912.816904098,2.230712409317386e-05,0.0,0.06551874589674661,0.10818221765121423,0.18291799181937143,0.018236510903690013,0,190.4176205306751,434.1161435761141,1.4148222826237362,0.375,0.1676580753083508,3.419363970329858e-05,4.3075380433793493e-05,421.7643403316227,253058.60419897363,logs/reacher_cdc_adaptive_k_noise_40\run_adaptive_rho_K040_rho0.5_noise0.01_Kmin40_Kmax300_Kstep1_gmin1e-06_seed007.npz
adaptive_rho,8,40,0.5,0.01,600,81.16666666666667,9008.638888888887,5.649726120352747e-07,290507.8917219089,3.4998293317640505,1.5913230125559092,0.027928159809437757,20064475.350947075,1.6931099352315614e-05,0.0,0.05597867124758844,0.09198428745018536,0.1886950620574027,0.04492260456950226,0,185.78716901895422,433.64891910963996,1.4145077666246202,0.3466666666666667,0.13049782613180602,2.8675751942092226e-05,3.6913140807094815e-05,419.02243766603834,251413.46259962302,logs/reacher_cdc_adaptive_k_noise_40\run_adaptive_rho_K040_rho0.5_noise0.01_Kmin40_Kmax300_Kstep1_gmin1e-06_seed008.npz
adaptive_rho,9,40,0.5,0.01,600,88.53333333333333,10263.182222222224,2.564131604364507e-07,558869.860566626,3.355567993174694,0.05164832943626366,0.01969567463848918,20069289.340969022,2.5900001046099747e-05,0.0,0.055071285342515486,0.0899069848663303,0.1845092985691772,0.05114888148732143,0,177.34168445268273,416.9873195584148,1.4142956263459698,0.36,0.11916347769336585,2.7943691066493533e-05,3.675092977569671e-05,484.37339400251705,290624.03640151024,logs/reacher_cdc_adaptive_k_noise_40\run_adaptive_rho_K040_rho0.5_noise0.01_Kmin40_Kmax300_Kstep1_gmin1e-06_seed009.npz
adaptive_rho,0,40,0.6,0.01,600,96.76666666666667,11536.878888888892,2.620620447532694e-07,542373.3267057082,3.5871477904377493,0.09346944885598568,0.019190796941573513,20080631.203472793,1.9549094751549033e-05,0.0016666666666666668,0.05318972147789473,0.0858462250230942,0.18933254054304896,0.022363230484220155,0,184.78947589327046,428.4444153062147,1.4142965204231805,0.37333333333333335,0.12189509721090955,2.8035522154248172e-05,3.616678781601852e-05,515.0412839996474,309024.7703997884,logs/reacher_cdc_adaptive_k_noise_40\run_adaptive_rho_K040_rho0.6_noise0.01_Kmin40_Kmax300_Kstep1_gmin1e-06_seed000.npz
adaptive_rho,1,40,0.6,0.01,600,85.93333333333334,9832.795555555555,5.165012181116385e-07,427144.8181210647,3.595394628101047,3.8588075196035434,0.03262069880107673,20063415.507582456,1.6468996723053555e-05,0.0033333333333333335,0.06331060535596014,0.10267684346127798,0.1845795350613701,0.05821749151183154,0,189.00587789118725,451.2289525496961,1.4144953539394869,0.35,0.1524702300302829,3.436331765707933e-05,4.4969373232808906e-05,435.6693726692659,261401.62360155955,logs/reacher_cdc_adaptive_k_noise_40\run_adaptive_rho_K040_rho0.6_noise0.01_Kmin40_Kmax300_Kstep1_gmin1e-06_seed001.npz
adaptive_rho,2,40,0.6,0.01,600,87.23333333333333,10049.678888888886,2.405067976629698e-07,525255.7629226339,3.691078026837784,0.05882172375591639,0.019138692860861,20059225.38871977,8.829085417459143e-05,0.0,0.05379121165844588,0.08809360167858095,0.1965072841060796,0.09250253885197447,0,190.934605133292,429.5441275850375,1.414234034363957,0.385,0.12827604456712716,2.7283031070740124e-05,3.522332375743379e-05,442.0214839989785,265212.8903993871,logs/reacher_cdc_adaptive_k_noise_40\run_adaptive_rho_K040_rho0.6_noise0.01_Kmin40_Kmax300_Kstep1_gmin1e-06_seed002.npz
adaptive_rho,3,40,0.6,0.01,600,73.8,7645.56,2.6469489166880173e-07,395299.1414269495,3.6465715089814617,4.574992516588802,0.09336889893311202,20078458.923937388,0.0026328604365906247,0.0016666666666666668,0.0990833130442474,0.14080232557179398,0.2005980452050341,0.0943050429778363,0,187.09127071621884,400.01000702363933,1.4144088141335531,0.37333333333333335,0.2928477236437113,5.382455084804193e-05,6.930086560159805e-05,336.3234919990646,201794.09519943874,logs/reacher_cdc_adaptive_k_noise_40\run_adaptive_rho_K040_rho0.6_noise0.01_Kmin40_Kmax300_Kstep1_gmin1e-06_seed003.npz
adaptive_rho,4,40,0.6,0.01,600,95.9,11409.189999999997,2.4839437964898385e-07,779512.4518854108,3.757148073100951,1.370410164509623,0.02144662926878383,20067502.21953826,2.7669258064425138e-05,0.0016666666666666668,0.06352923084683654,0.11169251956432821,0.18075376050906805,0.028732288516268596,0,185.88883741224072,427.56999106642456,1.4144255178782132,0.3433333333333333,0.15960938419048018,3.306055611059975e-05,4.1772434274701235e-05,531.3687465017816,318821.247901069,logs/reacher_cdc_adaptive_k_noise_40\run_adaptive_rho_K040_rho0.6_noise0.01_Kmin40_Kmax300_Kstep1_gmin1e-06_seed004.npz
adaptive_rho,5,40,0.6,0.01,600,87.66666666666667,10121.22222222222,2.932586248188508e-07,555579.9806601938,3.688185332563475,0.0870599519211663,0.020446611222758353,20071799.68636087,5.1231640484362633e-05,0.0016666666666666668,0.05870505744439933,0.10543589198869627,0.18032128630000863,0.03106422146745225,0,186.3726510009894,427.92787979948,1.4143255019844838,0.3333333333333333,0.14335443642851878,3.011493938553804e-05,3.8728453994936065e-05,476.4469414976581,285868.16489859484,logs/reacher_cdc_adaptive_k_noise_40\run_adaptive_rho_K040_rho0.6_noise0.01_Kmin40_Kmax300_Kstep1_gmin1e-06_seed005.npz
adaptive_rho,6,40,0.6,0.01,600,79.0,8619.0,2.5702237108032385e-07,431918.7631659271,3.7256343143616393,1.4553505682612355,0.023638641821605556,20087091.736803003,9.410378555012831e-05,0.0016666666666666668,0.07436239059524662,0.12078671907610093,0.19056018734854613,0.03938579060785084,0,183.88155293497263,408.56077441824925,1.414353591149044,0.37666666666666665,0.19701403653532412,3.984162332445905e-05,5.0021990815364915e-05,366.5847186697647,219950.83120185882,logs/reacher_cdc_adaptive_k_noise_40\run_adaptive_rho_K040_rho0.6_noise0.01_Kmin40_Kmax300_Kstep1_gmin1e-06_seed006.npz
adaptive_rho,7,40,0.6,0.01,600,95.9,11409.189999999997,4.32586442499157e-07,630271.0172273392,3.7345113040277336,0.18564215561154634,0.02036216434062222,20104273.107852608,6.71539213336647e-05,0.0016666666666666668,0.06232519075199112,0.10574876193973723,0.18291799181937143,0.05637320086737596,0,191.2526900490563,418.8389366618035,1.4143739492476144,0.37166666666666665,0.15939552235416152,3.245115275899902e-05,4.204523622401281e-05,528.6406853346853,317184.41120081116,logs/reacher_cdc_adaptive_k_noise_40\run_adaptive_rho_K040_rho0.6_noise0.01_Kmin40_Kmax300_Kstep1_gmin1e-06_seed007.npz
adaptive_rho,8,40,0.6,0.01,600,90.26666666666667,10542.595555555557,4.914589915115746e-07,486603.27068712236,3.7182131362691675,2.5131055562803946,0.02413597074075808,20091501.202181075,0.00024262069085811448,0.0,0.06471194806901123,0.11041045832392282,0.18784995195697984,0.022729369061595485,0,187.89381525645314,430.88595601310647,1.4142539591320262,0.37,0.1604408953248616,3.391642974206205e-05,4.465523111149241e-05,492.7717694983585,295663.0616990151,logs/reacher_cdc_adaptive_k_noise_40\run_adaptive_rho_K040_rho0.6_noise0.01_Kmin40_Kmax300_Kstep1_gmin1e-06_seed008.npz
adaptive_rho,9,40,0.6,0.01,600,92.0,10816.0,2.564131604364507e-07,548822.6690977986,3.551040886945084,0.48245487659356173,0.02160276454948253,20066320.243195646,2.4873436389927592e-05,0.0,0.05611122909309443,0.10778247988387847,0.1845092985691772,0.03878456041645725,0,182.70243525740753,428.61071881949607,1.414486143151125,0.35333333333333333,0.12725276015600265,2.8078495486235603e-05,3.7011847706672824e-05,462.81195166520774,277687.17099912465,logs/reacher_cdc_adaptive_k_noise_40\run_adaptive_rho_K040_rho0.6_noise0.01_Kmin40_Kmax300_Kstep1_gmin1e-06_seed009.npz
adaptive_rho,0,40,0.7,0.01,600,105.43333333333334,12731.145555555555,2.620620447532694e-07,804903.797464373,3.425609512438672,0.14816868813817002,0.018825094278705858,20074598.590612,2.5913115589540625e-05,0.0,0.06105125135820565,0.10993304839454182,0.18933254054304896,0.03329213687550816,0,180.91703330928596,420.3260117446362,1.4145023077798018,0.3333333333333333,0.13916692834654257,3.0435069039334653e-05,3.937564454598435e-05,606.4105119973343,363846.3071984006,logs/reacher_cdc_adaptive_k_noise_40\run_adaptive_rho_K040_rho0.7_noise0.01_Kmin40_Kmax300_Kstep1_gmin1e-06_seed000.npz
adaptive_rho,1,40,0.7,0.01,600,107.6,13006.24,5.165012181116385e-07,592014.9938683728,3.622973852723691,0.14376875186425614,0.01857445269374884,20063415.507582456,3.2817532935806584e-05,0.0016666666666666668,0.0494836048083433,0.09201508923607689,0.1845795350613701,0.028108084042619257,0,188.4504688199927,439.06722980338714,1.4143259650881135,0.375,0.11634971457639952,2.46028503205039e-05,3.156690820083593e-05,583.9642306665579,350378.53839993477,logs/reacher_cdc_adaptive_k_noise_40\run_adaptive_rho_K040_rho0.7_noise0.01_Kmin40_Kmax300_Kstep1_gmin1e-06_seed001.npz
adaptive_rho,2,40,0.7,0.01,600,104.13333333333334,12561.582222222227,2.405067976629698e-07,561462.6665072781,3.4814366985102,3.4123364760066033,0.03349521718158162,20065966.193463925,0.00011908249525379068,0.0016666666666666668,0.050397319728297786,0.0833936447451607,0.1965072841060796,0.02421158138380115,0,186.03606061123492,424.7932823722414,1.414586167700141,0.3416666666666667,0.11284017031307526,2.6241210309256594e-05,3.412432618027262e-05,576.5664908326775,345939.89449960645,logs/reacher_cdc_adaptive_k_noise_40\run_adaptive_rho_K040_rho0.7_noise0.01_Kmin40_Kmax300_Kstep1_gmin1e-06_seed002.npz
adaptive_rho,3,40,0.7,0.01,600,102.83333333333333,12388.638888888892,2.6469489166880173e-07,492493.88400755584,3.4674276912448407,1.7911220367584655,0.023508819590029623,20093755.573317643,8.086649459479152e-05,0.0,0.05816201096959441,0.0930458428166299,0.2005980452050341,0.05157358214531003,0,187.2682706626267,450.7775240180126,1.4143514010734775,0.3616666666666667,0.132608599453487,2.9628513700440138e-05,3.807281893738766e-05,515.9998448336652,309599.90690019913,logs/reacher_cdc_adaptive_k_noise_40\run_adaptive_rho_K040_rho0.7_noise0.01_Kmin40_Kmax300_Kstep1_gmin1e-06_seed003.npz
adaptive_rho,4,40,0.7,0.01,600,119.73333333333333,14373.26222222222,2.4839437964898385e-07,718721.8339090187,3.4782269028314348,0.20739166304312956,0.019238749980928373,20082350.862162177,0.0002861317628000818,0.0033333333333333335,0.05212348810514996,0.09217326888893428,0.18075376050906805,0.028239282165847944,0,190.57870962427782,424.0455891039553,1.414643065287589,0.355,0.11568194837475594,2.57335204159779e-05,3.2886188569341785e-05,709.8719206646396,425923.1523987837,logs/reacher_cdc_adaptive_k_noise_40\run_adaptive_rho_K040_rho0.7_noise0.01_Kmin40_Kmax300_Kstep1_gmin1e-06_seed004.npz
adaptive_rho,5,40,0.7,0.01,600,105.86666666666666,12786.915555555555,2.932586248188508e-07,674325.9772497023,3.802570826054231,0.05149897117256892,0.019802157117048254,20068801.927814603,2.1593282559508145e-05,0.0,0.05830815104125457,0.10330972611283316,0.18032128630000863,0.011233530568985947,0,182.8236555832906,403.7668675994363,1.414264437926206,0.375,0.14596169744110088,2.9917636929456265e-05,3.9266079832697554e-05,608.2148713354642,364928.92280127853,logs/reacher_cdc_adaptive_k_noise_40\run_adaptive_rho_K040_rho0.7_noise0.01_Kmin40_Kmax300_Kstep1_gmin1e-06_seed005.npz
adaptive_rho,6,40,0.7,0.01,600,83.76666666666667,9463.812222222223,2.5702237108032385e-07,511143.4135773316,3.7311650737146564,2.549839655452278,0.03145478786780019,20094510.00815311,6.097643754210667e-05,0.0,0.09131530376372482,0.1335915872806268,0.19056018734854613,0.1198061193734446,0,188.33726982136793,403.2949869688988,1.414328817063924,0.36833333333333335,0.2593315957627879,4.8483807351871375e-05,6.618435424814879e-05,424.08998516737483,254453.9911004249,logs/reacher_cdc_adaptive_k_noise_40\run_adaptive_rho_K040_rho0.7_noise0.01_Kmin40_Kmax300_Kstep1_gmin1e-06_seed006.npz
adaptive_rho,7,40,0.7,0.01,600,84.2,9538.360000000002,4.32586442499157e-07,677584.3238415268,3.591904786076518,3.668392160308364,0.0816070565521593,20100945.455497444,0.00010017643122244265,0.0033333333333333335,0.09264774418245135,0.12737912363943893,0.18291799181937143,0.06455956422728042,0,180.35465879968726,396.70122541663227,1.4143567657345875,0.36,0.2663220505180463,5.187254113880706e-05,6.445377261738172e-05,426.33026316626155,255798.15789975692,logs/reacher_cdc_adaptive_k_noise_40\run_adaptive_rho_K040_rho0.7_noise0.01_Kmin40_Kmax300_Kstep1_gmin1e-06_seed007.npz
adaptive_rho,8,40,0.7,0.01,600,99.8,11971.959999999997,4.914589915115746e-07,575279.2834548227,3.5650798452865784,0.6960185009317466,0.020810566066820937,20098338.77171399,0.00016342445613522352,0.0016666666666666668,0.0664054138348431,0.1295468495765384,0.18784995195697984,0.07699131022652911,0,186.18878101122374,442.9010372671456,1.4143541816432608,0.37333333333333335,0.1627803987409801,3.241523099071992e-05,4.152742726792197e-05,569.9934670007011,341996.0802004207,logs/reacher_cdc_adaptive_k_noise_40\run_adaptive_rho_K040_rho0.7_noise0.01_Kmin40_Kmax300_Kstep1_gmin1e-06_seed008.npz
adaptive_rho,9,40,0.7,0.01,600,105.0,12675.0,2.564131604364507e-07,706121.5216827834,3.639537053531799,0.05609444892513383,0.019346107263695518,20098948.043896798,2.3622618843657988e-05,0.0016666666666666668,0.05873809078387789,0.10620038012895058,0.1845092985691772,0.07227239389962527,0,185.7740006928991,423.1526501106929,1.4144779212082619,0.35,0.13850560189623068,3.033096506502026e-05,3.932381160712382e-05,629.688172833412,377812.9037000472,logs/reacher_cdc_adaptive_k_noise_40\run_adaptive_rho_K040_rho0.7_noise0.01_Kmin40_Kmax300_Kstep1_gmin1e-06_seed009.npz
adaptive_rho,0,40,0.8,0.01,600,124.06666666666666,14790.128888888894,2.620620447532694e-07,887160.5943846703,3.732677364964405,0.2400915626035391,0.01854716251943173,20079015.617885567,0.00016204996496211842,0.0033333333333333335,0.054376676535588295,0.1099524195744653,0.18933254054304896,0.05221287152431602,0,184.3790529319471,429.60254087765634,1.4146025543883607,0.35333333333333333,0.12847700850172764,2.6231848075845776e-05,3.285862389536664e-05,705.9586023321996,423575.16139931977,logs/reacher_cdc_adaptive_k_noise_40\run_adaptive_rho_K040_rho0.8_noise0.01_Kmin40_Kmax300_Kstep1_gmin1e-06_seed000.npz
adaptive_rho,1,40,0.8,0.01,600,107.6,13006.24,5.165012181116385e-07,566184.419068961,3.772174298451767,3.7275938340724877,0.02461574047700574,20097235.16158873,5.572374579713549e-05,0.005,0.06214325966587609,0.10125497645796364,0.1845795350613701,0.059695056458399065,0,188.05585385755225,428.4341061318765,1.4147221315331484,0.37166666666666665,0.15670416976355314,3.313414775307183e-05,4.1633257016177586e-05,605.531092833456,363318.6557000736,logs/reacher_cdc_adaptive_k_noise_40\run_adaptive_rho_K040_rho0.8_noise0.01_Kmin40_Kmax300_Kstep1_gmin1e-06_seed001.npz
adaptive_rho,2,40,0.8,0.01,600,114.1,13775.19,2.405067976629698e-07,662767.8668985253,3.611976961054243,2.625923123290087,0.02291216404441132,20076402.93380401,3.497663060418493e-05,0.0016666666666666668,0.05478783750198018,0.08391703151362931,0.1965072841060796,0.04424537080005081,0,183.3478308411196,410.6614336816344,1.4144248918347344,0.37,0.1303753568875686,2.8792455687917804e-05,3.6710316493331135e-05,653.2856829986364,391971.40979918186,logs/reacher_cdc_adaptive_k_noise_40\run_adaptive_rho_K040_rho0.8_noise0.01_Kmin40_Kmax300_Kstep1_gmin1e-06_seed002.npz
adaptive_rho,3,40,0.8,0.01,600,108.9,13166.79,2.6469489166880173e-07,611275.1482445216,3.7407969188508385,0.18064937123870095,0.018438726811897132,20057115.016196933,9.253659208829015e-05,0.0,0.056645888661421714,0.08595764011448644,0.2005980452050341,0.06308518099831252,0,183.1449669262357,412.1448574599648,1.4143414159829675,0.3466666666666667,0.13744972631763275,2.9553986665909683e-05,3.7972294820075215e-05,604.638434163838,362783.0604983028,logs/reacher_cdc_adaptive_k_noise_40\run_adaptive_rho_K040_rho0.8_noise0.01_Kmin40_Kmax300_Kstep1_gmin1e-06_seed003.npz
adaptive_rho,4,40,0.8,0.01,600,116.7,14059.11,2.4839437964898385e-07,807319.6450846713,3.4260222177378417,0.20654833248668097,0.019168427280317046,20075416.992740586,2.1871225345295613e-05,0.0016666666666666668,0.0580310339380906,0.10956645687518929,0.18075376050906805,0.07449519221084293,0,179.76348430127905,417.5598832813764,1.4166878768398214,0.36333333333333334,0.13119571354393036,2.8349314886439656e-05,3.628288997017351e-05,702.7103971687999,421626.23830127995,logs/reacher_cdc_adaptive_k_noise_40\run_adaptive_rho_K040_rho0.8_noise0.01_Kmin40_Kmax300_Kstep1_gmin1e-06_seed004.npz
adaptive_rho,5,40,0.8,0.01,600,118.86666666666666,14285.38222222222,2.932586248188508e-07,676533.5332540859,3.5877034696645866,2.744023251852092,0.02395242718607864,20155165.969083607,8.492535285825214e-05,0.0016666666666666668,0.0501358868247223,0.08372389726551853,0.18032128630000863,0.012340237681338535,0,181.83145905072593,428.3839325870776,1.4152563813574386,0.3383333333333333,0.11672970564091668,2.5100842812600848e-05,3.236796887472722e-05,694.4113116645409,416646.78699872456,logs/reacher_cdc_adaptive_k_noise_40\run_adaptive_rho_K040_rho0.8_noise0.01_Kmin40_Kmax300_Kstep1_gmin1e-06_seed005.npz
adaptive_rho,6,40,0.8,0.01,600,107.6,13006.240000000002,2.5702237108032385e-07,611768.8559525463,3.5996653386935473,1.1066460613366833,0.01968658783338475,20065053.97271392,3.4073043502826006e-05,0.0016666666666666668,0.06027035291174269,0.08749512339719123,0.19056018734854613,0.09159093915167382,0,184.84520192051923,419.0874746473645,1.4143178042701146,0.3383333333333333,0.1436997481442096,3.2172187659950394e-05,4.0509422300094465e-05,579.1960781655507,347517.64689933043,logs/reacher_cdc_adaptive_k_noise_40\run_adaptive_rho_K040_rho0.8_noise0.01_Kmin40_Kmax300_Kstep1_gmin1e-06_seed006.npz
adaptive_rho,7,40,0.8,0.01,600,114.53333333333333,13823.44888888889,4.32586442499157e-07,713518.4388647759,3.561716499600081,0.05220129670796312,0.0186287912380127,20100945.455497444,2.619703048454321e-05,0.0,0.05323115679763313,0.10782402114520172,0.18291799181937143,0.04381991862237636,0,187.4630639130758,443.35528448135597,1.4144249273975824,0.345,0.11920474687796988,2.730041889482288e-05,3.529857604046524e-05,709.4258921628352,425655.53529770114,logs/reacher_cdc_adaptive_k_noise_40\run_adaptive_rho_K040_rho0.8_noise0.01_Kmin40_Kmax300_Kstep1_gmin1e-06_seed007.npz
adaptive_rho,8,40,0.8,0.01,600,102.4,12330.24,4.914589915115746e-07,388393.168712024,3.7722152767349653,4.213052369420733,0.03352119846733783,20094340.932445604,0.0008954902701294976,0.0033333333333333335,0.06360700521528767,0.0958528751562272,0.18784995195697984,0.03088141500931374,0,190.493709185334,446.3400424747245,1.4143366954972474,0.38333333333333336,0.15744019705958134,3.4419400449219286e-05,4.283396873031803e-05,537.999007331285,322799.404398771,logs/reacher_cdc_adaptive_k_noise_40\run_adaptive_rho_K040_rho0.8_noise0.01_Kmin40_Kmax300_Kstep1_gmin1e-06_seed008.npz
adaptive_rho,9,40,0.8,0.01,600,107.16666666666667,12951.97222222222,2.564131604364507e-07,713258.5706302873,3.7675304751400502,3.405142296138896,0.03760652545620941,20131932.83005458,3.727276442715241e-05,0.0016666666666666668,0.06039557592069788,0.093336584217675,0.1845092985691772,0.08871349999413199,0,184.46778801358153,425.14665542766375,1.414349506562703,0.39166666666666666,0.1464454900384326,3.2312687421457503e-05,4.256396172401132e-05,575.1040399996176,345062.42399977054,logs/reacher_cdc_adaptive_k_noise_40\run_adaptive_rho_K040_rho0.8_noise0.01_Kmin40_Kmax300_Kstep1_gmin1e-06_seed009.npz
adaptive_rho,0,40,0.9,0.01,600,123.2,14709.760000000004,2.620620447532694e-07,817719.5959679075,3.5376945464313994,4.18886743528517,0.026033001034725528,20068009.764292754,2.6032463874235767e-05,0.0,0.06081031353304481,0.10863578457773533,0.18933254054304896,0.025652883724822575,0,185.80893466720482,428.876568963526,1.414471283100516,0.3333333333333333,0.1387399875440845,3.096910850336178e-05,3.964096142657979e-05,753.9672811688312,452380.3687012987,logs/reacher_cdc_adaptive_k_noise_40\run_adaptive_rho_K040_rho0.9_noise0.01_Kmin40_Kmax300_Kstep1_gmin1e-06_seed000.npz
adaptive_rho,1,40,0.9,0.01,600,140.96666666666667,16057.065555555553,5.165012181116385e-07,778695.8389050525,3.7311034356464536,0.04643894961124786,0.016866650011258245,20063415.507582456,2.0828641171461845e-05,0.0033333333333333335,0.05378889303736614,0.08537632729537378,0.1845795350613701,0.06285343434341581,0,188.4729650922092,432.6364301329211,1.4144676177740194,0.33,0.12923448340721788,2.8626303513254175e-05,3.691803019613059e-05,891.0549571660036,534632.9742996022,logs/reacher_cdc_adaptive_k_noise_40\run_adaptive_rho_K040_rho0.9_noise0.01_Kmin40_Kmax300_Kstep1_gmin1e-06_seed001.npz
adaptive_rho,2,40,0.9,0.01,600,126.23333333333333,14984.47888888889,2.405067976629698e-07,619617.1165130589,3.4940533786425023,0.19350302218447252,0.0184930515330538,20068723.61825963,6.408638487856101e-05,0.0016666666666666668,0.05128777775538633,0.07311413927484317,0.1965072841060796,0.03621927458289019,0,187.21953494090627,434.44152319220404,1.414387259696028,0.38166666666666665,0.11177950261642125,2.6394016005826335e-05,3.410218155777346e-05,709.594417498447,425756.6504990682,logs/reacher_cdc_adaptive_k_noise_40\run_adaptive_rho_K040_rho0.9_noise0.01_Kmin40_Kmax300_Kstep1_gmin1e-06_seed002.npz
adaptive_rho,3,40,0.9,0.01,600,125.8,14946.36,2.6469489166880173e-07,791787.9149977444,3.5478460952490254,0.05752250588035116,0.018386913047737843,20071999.023986664,4.295394624903385e-05,0.0033333333333333335,0.05189394730897152,0.08021565559717993,0.2005980452050341,0.051518947997591984,0,180.89628323003103,419.89181158059887,1.4143464784245856,0.33666666666666667,0.11906895302567434,2.61364151021457e-05,3.347783656823547e-05,737.8277969998695,442696.67819992173,logs/reacher_cdc_adaptive_k_noise_40\run_adaptive_rho_K040_rho0.9_noise0.01_Kmin40_Kmax300_Kstep1_gmin1e-06_seed003.npz
adaptive_rho,4,40,0.9,0.01,600,119.3,14329.509999999997,2.4839437964898385e-07,761675.9534228365,3.8522972205234374,1.7409086962341065,0.02344229608828476,20074686.487665296,2.0731075821550334e-05,0.005,0.06839191940327606,0.11498241008957236,0.18075376050906805,0.11645512045290739,0,185.25342430006617,420.5447975362847,1.4142533047908068,0.375,0.17887012848427714,3.643847801469178e-05,4.6440454945611446e-05,679.4996761664515,407699.8056998709,logs/reacher_cdc_adaptive_k_noise_40\run_adaptive_rho_K040_rho0.9_noise0.01_Kmin40_Kmax300_Kstep1_gmin1e-06_seed004.npz
adaptive_rho,5,40,0.9,0.01,600,131.43333333333334,15412.612222222226,2.932586248188508e-07,798106.1791107804,3.5181017185487082,0.9546378449322396,0.020299796588037284,20078820.653910566,3.638734747127133e-05,0.0,0.055235852439796555,0.09046672165557681,0.18032128630000863,0.04735257176172267,0,176.94580200570778,417.2601105369217,1.4144679983152333,0.32,0.12502732763849608,2.9393969990322877e-05,3.721133793084669e-05,805.1842620021974,483110.55720131844,logs/reacher_cdc_adaptive_k_noise_40\run_adaptive_rho_K040_rho0.9_noise0.01_Kmin40_Kmax300_Kstep1_gmin1e-06_seed005.npz
adaptive_rho,6,40,0.9,0.01,600,123.63333333333334,14750.132222222222,2.5702237108032385e-07,606794.3375719818,3.551396023121433,1.4159709455204268,0.022403607845685427,20076237.470096443,0.00010421151288337575,0.0033333333333333335,0.06060929297671403,0.09096109411311733,0.19056018734854613,0.033012203679617,0,186.02805803137494,416.16832174322974,1.414956718861393,0.37833333333333335,0.1411601468719717,3.258531044798789e-05,4.161358625217895e-05,657.4631961677611,394477.9177006567,logs/reacher_cdc_adaptive_k_noise_40\run_adaptive_rho_K040_rho0.9_noise0.01_Kmin40_Kmax300_Kstep1_gmin1e-06_seed006.npz
adaptive_rho,7,40,0.9,0.01,600,127.96666666666667,15133.198888888886,4.32586442499157e-07,707724.8164016864,3.6205112150535403,1.568676036012198,0.020742185356810675,20100945.455497444,8.51958316327724e-05,0.005,0.059548150308139064,0.10782402114520172,0.18291799181937143,0.04779417959519639,0,185.5326745707706,424.2203772968239,1.414521460872236,0.355,0.1382402175942505,3.177708685138743e-05,3.989717682162321e-05,738.011964832549,442807.1788995294,logs/reacher_cdc_adaptive_k_noise_40\run_adaptive_rho_K040_rho0.9_noise0.01_Kmin40_Kmax300_Kstep1_gmin1e-06_seed007.npz
adaptive_rho,8,40,0.9,0.01,600,86.8,9977.76,4.914589915115746e-07,372636.1067310208,3.531744246532693,2.984117668568354,0.05389605692571083,20149282.827764884,0.004523865156153298,0.0033333333333333335,0.09429271115493822,0.12543529877325565,0.18784995195697984,0.05584178758719942,0,189.85602911540633,428.36267941971204,1.4143650846871285,0.34833333333333333,0.26564020093497104,5.281464072586072e-05,6.877075569810703e-05,404.330035665771,242598.0213994626,logs/reacher_cdc_adaptive_k_noise_40\run_adaptive_rho_K040_rho0.9_noise0.01_Kmin40_Kmax300_Kstep1_gmin1e-06_seed008.npz
adaptive_rho,9,40,0.9,0.01,600,136.2,15757.56,2.564131604364507e-07,815930.411517338,3.4925152867634703,0.16264865007093388,0.01831347756462872,20071877.209229253,0.0001830627711951937,0.0,0.043661586439848174,0.06997972797566403,0.1845092985691772,0.01648144841941342,0,188.21664471738114,440.136879226696,1.4143169183833428,0.35333333333333333,0.09646635286621535,2.1618662290854576e-05,2.8286279024016748e-05,782.2076123347506,469324.56740085036,logs/reacher_cdc_adaptive_k_noise_40\run_adaptive_rho_K040_rho0.9_noise0.01_Kmin40_Kmax300_Kstep1_gmin1e-06_seed009.npz
adaptive_rho,0,40,1.0,0.01,600,147.9,16411.59,2.620620447532694e-07,889256.0568837855,3.758766663517463,0.0739104110514548,0.016892943387923624,20105517.97552298,8.47890596576126e-05,0.005,0.054738775510074854,0.10905958404581587,0.18933254054304896,0.022199414722887383,0,182.33086861012168,423.6390416660365,1.414284888955978,0.3466666666666667,0.12996117849948757,2.7188980882481983e-05,3.471755568344828e-05,790.6343734999731,474380.62409998383,logs/reacher_cdc_adaptive_k_noise_40\run_adaptive_rho_K040_rho1_noise0.01_Kmin40_Kmax300_Kstep1_gmin1e-06_seed000.npz
adaptive_rho,1,40,1.0,0.01,600,141.4,16082.04,5.165012181116385e-07,723828.7229593799,3.5389124013312676,0.047502007858122905,0.01666225047315577,20093540.416986063,1.6835382786984592e-05,0.0033333333333333335,0.04363303693771026,0.079348084363113,0.1845795350613701,0.042754812298319865,0,185.71900163352376,429.5617531264438,1.4144529990880217,0.37166666666666665,0.09886933091010323,2.1935681345830205e-05,2.871354161993213e-05,838.5061006692316,503103.66040153895,logs/reacher_cdc_adaptive_k_noise_40\run_adaptive_rho_K040_rho1_noise0.01_Kmin40_Kmax300_Kstep1_gmin1e-06_seed001.npz
adaptive_rho,2,40,1.0,0.01,600,146.6,16352.44,2.405067976629698e-07,921018.4461859703,3.485805321782594,0.2733979559940383,0.018355032743962513,20117764.08980981,9.357830655633517e-05,0.0016666666666666668,0.045152770026230166,0.07897710106942132,0.1965072841060796,0.042921590344257764,0,180.40386724177108,423.55384285678053,1.4144419298114987,0.34833333333333333,0.09829143004140845,2.2152124667626226e-05,2.892807738546545e-05,904.446939836489,542668.1639018934,logs/reacher_cdc_adaptive_k_noise_40\run_adaptive_rho_K040_rho1_noise0.01_Kmin40_Kmax300_Kstep1_gmin1e-06_seed002.npz
adaptive_rho,3,40,1.0,0.01,600,137.5,15843.75,2.6469489166880173e-07,873682.3536811847,3.5645043998608585,0.09547115013492377,0.01745747590080079,20063293.411942694,1.7975426534702723e-05,0.0,0.05415224374691226,0.09181449389728008,0.2005980452050341,0.029135253833011954,0,184.36990788914682,424.05173010239565,1.414628563417609,0.34,0.12200010679475351,2.833000376698056e-05,3.6827542289455486e-05,829.1745668304308,497504.7400982585,logs/reacher_cdc_adaptive_k_noise_40\run_adaptive_rho_K040_rho1_noise0.01_Kmin40_Kmax300_Kstep1_gmin1e-06_seed003.npz
adaptive_rho,4,40,1.0,0.01,600,138.36666666666667,15899.33222222222,2.4839437964898385e-07,997795.8358911774,3.613023938461137,1.4201606104036544,0.01971989736660739,20078692.309024427,0.00046592355411917294,0.0033333333333333335,0.06591043562219902,0.10981515283415427,0.18075376050906805,0.018547909920576706,0,180.8749175622317,422.33803313015125,1.4142507544088767,0.31833333333333336,0.1586836690293287,3.461033192354491e-05,4.613284984756222e-05,763.2300311678167,457938.01870069,logs/reacher_cdc_adaptive_k_noise_40\run_adaptive_rho_K040_rho1_noise0.01_Kmin40_Kmax300_Kstep1_gmin1e-06_seed004.npz
adaptive_rho,5,40,1.0,0.01,600,141.4,16082.04,2.932586248188508e-07,845463.3724224861,3.575705419681949,0.055776671026534996,0.018558589415654313,20071229.566257607,2.95702997404479e-05,0.0,0.05140068634063516,0.0944431549661111,0.18032128630000863,0.056284372942531274,0,185.48436373115868,430.42352728360356,1.4143584278771593,0.3566666666666667,0.11844086962017104,2.6092423040849394e-05,3.296766366904631e-05,853.0980473349337,511858.8284009602,logs/reacher_cdc_adaptive_k_noise_40\run_adaptive_rho_K040_rho1_noise0.01_Kmin40_Kmax300_Kstep1_gmin1e-06_seed005.npz
adaptive_rho,6,40,1.0,0.01,600,135.33333333333334,15698.222222222226,2.5702237108032385e-07,745821.764522693,3.6033425900160707,2.0378009467652745,0.0203712251992942,20054987.804558143,2.4638284819110303e-05,0.005,0.0545965140821969,0.08304202762600524,0.19056018734854613,0.05481348829758288,0,181.940506395597,417.0994872527392,1.4147563296390149,0.365,0.12579906373726693,2.862368573838543e-05,3.6424777444224696e-05,736.2892751669278,441773.5651001567,logs/reacher_cdc_adaptive_k_noise_40\run_adaptive_rho_K040_rho1_noise0.01_Kmin40_Kmax300_Kstep1_gmin1e-06_seed006.npz
adaptive_rho,7,40,1.0,0.01,600,143.13333333333333,16178.182222222227,4.32586442499157e-07,748317.1635881499,3.563093365291311,1.4427108166712856,0.020225621936644664,20125449.455422837,5.658371347399495e-05,0.006666666666666667,0.053001836972750446,0.09831059694638089,0.18291799181937143,0.06072054270173722,0,189.65158855462403,442.45084346212667,1.4143281493759,0.35833333333333334,0.11870500292720297,2.7077704846112352e-05,3.4753942833217685e-05,842.3551201655451,505413.0720993271,logs/reacher_cdc_adaptive_k_noise_40\run_adaptive_rho_K040_rho1_noise0.01_Kmin40_Kmax300_Kstep1_gmin1e-06_seed007.npz
adaptive_rho,8,40,1.0,0.01,600,141.4,16082.04,4.914589915115746e-07,748063.2381153367,3.5838671947258915,0.2525909876252349,0.018107449052095336,20071177.998612553,0.0005283113156535956,0.0033333333333333335,0.05329804393405193,0.08907867556479379,0.18784995195697984,0.03896934015315966,0,184.2456599364047,425.1635568527181,1.414433603587199,0.34833333333333333,0.12168537893881029,2.7023445529546184e-05,3.464661227657194e-05,857.7614649994454,514656.87899966724,logs/reacher_cdc_adaptive_k_noise_40\run_adaptive_rho_K040_rho1_noise0.01_Kmin40_Kmax300_Kstep1_gmin1e-06_seed008.npz
adaptive_rho,9,40,1.0,0.01,600,149.63333333333333,16485.198888888888,2.564131604364507e-07,897794.1030003567,3.6441938883564746,0.7945590291456982,0.01852806296682534,20059510.681028392,7.113113125295029e-05,0.005,0.051217270566790436,0.08216141005994584,0.1845092985691772,0.04745170458081874,0,180.5664916507813,431.11137494474644,1.4142655236079238,0.32666666666666666,0.11800015231936586,2.6541978958323936e-05,3.4126487539335216e-05,904.31412266936,542588.473601616,logs/reacher_cdc_adaptive_k_noise_40\run_adaptive_rho_K040_rho1_noise0.01_Kmin40_Kmax300_Kstep1_gmin1e-06_seed009.npz
adaptive_rho,0,40,1.5,0.01,600,192.96666666666667,16372.53222222222,2.620620447532694e-07,1125178.665317948,3.566058417662128,0.05689364295245038,0.015067421553004496,20080582.576054122,0.0002310800424230096,0.006666666666666667,0.04493912779485205,0.0918852796072022,0.18933254054304896,0.03451814130440426,0,184.70922569703208,420.97042900920894,1.414258097524358,0.33666666666666667,0.09870959705049817,2.1946506223855508e-05,2.7911289599198098e-05,1193.76442583239,716258.6554994341,logs/reacher_cdc_adaptive_k_noise_40\run_adaptive_rho_K040_rho1.5_noise0.01_Kmin40_Kmax300_Kstep1_gmin1e-06_seed000.npz
adaptive_rho,1,40,1.5,0.01,600,193.4,16352.44,5.165012181116385e-07,994238.2481727842,3.485841645765462,0.10043763495366868,0.014982177149614558,20070225.58651508,6.929294067476314e-05,0.006666666666666667,0.0411537892022693,0.08159575011679035,0.1845795350613701,0.015984398038136165,0,182.42435196198088,433.83255635433176,1.4143663216984825,0.3416666666666667,0.08674721926807004,1.9944853168303635e-05,2.5581096967349617e-05,1218.9127923325093,731347.6753995055,logs/reacher_cdc_adaptive_k_noise_40\run_adaptive_rho_K040_rho1.5_noise0.01_Kmin40_Kmax300_Kstep1_gmin1e-06_seed001.npz
adaptive_rho,2,40,1.5,0.01,600,195.56666666666666,16246.345555555557,2.405067976629698e-07,1105050.9635415336,3.506398020379943,0.07941260483002296,0.014911974069038445,20072139.192072265,7.255859995105789e-05,0.006666666666666667,0.04461627255937319,0.08067471016384699,0.1965072841060796,0.011290083028318477,0,182.81959802990627,421.22801084749835,1.4144260456249753,0.33,0.09505807516380553,2.124991765446431e-05,2.6821305897539293e-05,1193.9610298358214,716376.6179014929,logs/reacher_cdc_adaptive_k_noise_40\run_adaptive_rho_K040_rho1.5_noise0.01_Kmin40_Kmax300_Kstep1_gmin1e-06_seed002.npz
adaptive_rho,3,40,1.5,0.01,600,193.4,16352.44,2.6469489166880173e-07,1115035.7072555705,3.5504391435742817,0.04935599939683426,0.014999299193599403,20058267.278813753,8.838606475245943e-05,0.005,0.052979715400193104,0.09412648061265286,0.2005980452050341,0.0044597844888803586,0,177.16324907225936,413.15885032002825,1.414222826594813,0.32166666666666666,0.11766773836534856,2.7173734051304704e-05,3.432522938234322e-05,1239.9537051672814,743972.2231003689,logs/reacher_cdc_adaptive_k_noise_40\run_adaptive_rho_K040_rho1.5_noise0.01_Kmin40_Kmax300_Kstep1_gmin1e-06_seed003.npz
adaptive_rho,4,40,1.5,0.01,600,191.66666666666666,16430.55555555556,2.4839437964898385e-07,1166467.4797940433,3.469033086289734,0.055160049741735113,0.01541543799794938,20074812.357046675,0.00013321770029341287,0.0016666666666666668,0.03899094914938906,0.07027382519748859,0.18075376050906805,0.025011453741294487,0,184.97442753582362,435.8236100617363,1.4143387689217903,0.36333333333333334,0.08199450280228139,1.8816787191587357e-05,2.4098856971493614e-05,1365.1441336683154,819086.4802009892,logs/reacher_cdc_adaptive_k_noise_40\run_adaptive_rho_K040_rho1.5_noise0.01_Kmin40_Kmax300_Kstep1_gmin1e-06_seed004.npz
adaptive_rho,5,40,1.5,0.01,600,198.16666666666666,16106.638888888887,2.932586248188508e-07,1096782.115327411,3.6136687241525607,0.2215956041999411,0.016209860043535092,20075994.300725825,3.626546399477569e-05,0.0016666666666666668,0.04384857111974246,0.07543108388885782,0.18032128630000863,0.04474039770909635,0,188.6505032578928,449.518859800969,1.4142224746356622,0.31333333333333335,0.0975394332535271,2.208154356596695e-05,2.8050193387092738e-05,1358.3104376657866,814986.262599472,logs/reacher_cdc_adaptive_k_noise_40\run_adaptive_rho_K040_rho1.5_noise0.01_Kmin40_Kmax300_Kstep1_gmin1e-06_seed005.npz
adaptive_rho,6,40,1.5,0.01,600,183.43333333333334,16719.545555555553,2.5702237108032385e-07,1022978.2599435514,3.473058560435799,0.050288803863687566,0.0150934001142202,20081008.385364763,5.3401715558921834e-05,0.0033333333333333335,0.04745403288830157,0.08024107861919018,0.19056018734854613,0.0657185552997159,0,182.42675178308048,427.16600122990644,1.414385620061225,0.3283333333333333,0.10083947034594924,2.370769400739696e-05,2.9735808562131934e-05,1246.5765381652939,747945.9228991764,logs/reacher_cdc_adaptive_k_noise_40\run_adaptive_rho_K040_rho1.5_noise0.01_Kmin40_Kmax300_Kstep1_gmin1e-06_seed006.npz
adaptive_rho,7,40,1.5,0.01,600,182.56666666666666,16742.078888888886,4.32586442499157e-07,828069.4644688683,3.4760535091558338,0.046867886739838556,0.01526857132119611,20128955.402656358,0.00012196455006647147,0.0016666666666666668,0.04086163291332697,0.06320484901809029,0.18291799181937143,0.05377120311061031,0,189.2818305021755,449.02987317317576,1.414214231058787,0.37333333333333335,0.08705218235507418,2.0722140635204267e-05,2.5620437164159834e-05,1281.5719371665425,768943.1622999255,logs/reacher_cdc_adaptive_k_noise_40\run_adaptive_rho_K040_rho1.5_noise0.01_Kmin40_Kmax300_Kstep1_gmin1e-06_seed007.npz
adaptive_rho,8,40,1.5,0.01,600,188.63333333333333,16552.798888888887,4.914589915115746e-07,1049318.0879493046,3.484014070551269,0.04417546102887557,0.015714744142966156,20084576.996764276,7.959320070707591e-05,0.005,0.04649216671720452,0.09422163776177794,0.18784995195697984,0.05914813180399113,0,183.75611615535286,425.29460892252655,1.4142265373535714,0.3233333333333333,0.09959395176648128,2.217891081518846e-05,2.8247182115322987e-05,1265.6513631665923,759390.8178999554,logs/reacher_cdc_adaptive_k_noise_40\run_adaptive_rho_K040_rho1.5_noise0.01_Kmin40_Kmax300_Kstep1_gmin1e-06_seed008.npz
adaptive_rho,9,40,1.5,0.01,600,192.96666666666667,16372.53222222222,2.564131604364507e-07,1005810.8611657575,3.4508489442176264,0.07152499187436098,0.014900829213101617,20072034.936056055,0.00014872977424621465,0.008333333333333333,0.041275656213108865,0.06744151129868683,0.1845092985691772,0.04609732919184029,0,185.26368528008072,439.6467347799382,1.4143968414659907,0.3416666666666667,0.08515206112800322,2.048850868736782e-05,2.6171642191554783e-05,1259.5240148350906,755714.4089010544,logs/reacher_cdc_adaptive_k_noise_40\run_adaptive_rho_K040_rho1.5_noise0.01_Kmin40_Kmax300_Kstep1_gmin1e-06_seed009.npz
adaptive_rho,0,40,0.1,0.02,600,41.3,336.31,2.8085119313277028e-05,13309.713105283467,4.341197421195177,0.606597395799643,0.04746775512037302,20099427.901623838,9.210471716356635e-05,0.0,0.07589765509144528,0.14775248862253165,0.18933525704199033,0.02571172192700594,0,210.44489141471618,464.6508831049677,1.4166286075036534,0.4066666666666667,0.23059455873004656,4.06585820805914e-05,5.075478595677381e-05,141.5756561649808,84945.39369898848,logs/reacher_cdc_adaptive_k_noise_40\run_adaptive_rho_K040_rho0.1_noise0.02_Kmin40_Kmax300_Kstep1_gmin1e-06_seed000.npz
adaptive_rho,1,40,0.1,0.02,600,40.43333333333333,112.47888888888893,6.924128612760433e-05,6654.450493186191,4.072009237114436,3.7083626468978284,0.10193015407531197,20084780.68075772,5.4548599094067954e-05,0.0,0.10227221230027629,0.14602062233095117,0.18472747826868433,0.1122124617358041,0,199.37737976565654,434.6577012376912,1.4146012800747632,0.42833333333333334,0.3309028646718659,5.724707046686618e-05,7.357157223537312e-05,134.7823708327875,80869.42249967251,logs/reacher_cdc_adaptive_k_noise_40\run_adaptive_rho_K040_rho0.1_noise0.02_Kmin40_Kmax300_Kstep1_gmin1e-06_seed001.npz
adaptive_rho,2,40,0.1,0.02,600,41.3,336.31,2.1513144996344008e-05,13023.30009912226,4.136906842451793,4.299531097175965,0.0540042270932803,20075082.360260665,3.298458166095053e-05,0.0,0.07435974166252454,0.11143560965992277,0.1965072841060796,0.04426375828535103,0,210.21207064682383,462.2757500059447,1.4146453038346105,0.42,0.2146084634457878,4.06040432955132e-05,5.1420580216091494e-05,145.60040516740023,87360.24310044013,logs/reacher_cdc_adaptive_k_noise_40\run_adaptive_rho_K040_rho0.1_noise0.02_Kmin40_Kmax300_Kstep1_gmin1e-06_seed002.npz
adaptive_rho,3,40,0.1,0.02,600,41.733333333333334,447.6622222222224,2.837457929446439e-07,215208.89238703277,3.955314162418281,4.618182505150653,0.087240342420859,20089666.04407006,3.2137900036777536e-05,0.0,0.09495788752389069,0.14312904484634104,0.2005980452050341,0.049058724666222006,0,206.461450798471,461.59520472296686,1.4148448660325954,0.4166666666666667,0.2915961115142622,5.335270104517145e-05,6.64022052218166e-05,147.7746131659175,88664.7678995505,logs/reacher_cdc_adaptive_k_noise_40\run_adaptive_rho_K040_rho0.1_noise0.02_Kmin40_Kmax300_Kstep1_gmin1e-06_seed003.npz
adaptive_rho,4,40,0.1,0.02,600,40.43333333333333,112.4788888888889,4.521858521571254e-05,7733.915299438662,4.361484323319368,3.6855659107459604,0.06186061045404019,20104143.2323659,3.2411445531834e-05,0.0,0.08949553977650378,0.13385496454275658,0.18075376050906805,0.08678056856477818,0,209.0198938323092,483.2398448797813,1.4149140455402769,0.4666666666666667,0.28579072051123644,5.05281479570447e-05,6.467196768166897e-05,138.6695698328549,83201.74189971294,logs/reacher_cdc_adaptive_k_noise_40\run_adaptive_rho_K040_rho0.1_noise0.02_Kmin40_Kmax300_Kstep1_gmin1e-06_seed004.npz
adaptive_rho,5,40,0.1,0.02,600,40.86666666666667,224.58222222222213,2.4583983502318396e-05,11612.029194633327,4.075310698208277,4.836051268418853,0.05295346785853508,20149203.527101383,2.7885333634340907e-05,0.0,0.07128305231140959,0.119016706765221,0.1811930052259547,0.027550703473566033,0,207.50306645271618,483.9730262368147,1.416372243890618,0.425,0.19943058309064526,3.728909277147271e-05,4.740709549002108e-05,143.4676704988427,86080.60229930561,logs/reacher_cdc_adaptive_k_noise_40\run_adaptive_rho_K040_rho0.1_noise0.02_Kmin40_Kmax300_Kstep1_gmin1e-06_seed005.npz
adaptive_rho,6,40,0.1,0.02,600,40.86666666666667,224.5822222222221,2.4045671334230585e-05,11607.998958458144,4.088520496303159,3.594421280628375,0.05554525879090724,20102707.199410725,3.170099167593379e-05,0.0016666666666666668,0.09451440802852708,0.1431324278420896,0.19056042585225286,0.06769443220830954,0,204.72911983419027,451.25950388478975,1.4154669262026047,0.4116666666666667,0.2958255696846075,5.224241303321692e-05,6.642523943021584e-05,141.3967673346633,84838.06040079799,logs/reacher_cdc_adaptive_k_noise_40\run_adaptive_rho_K040_rho0.1_noise0.02_Kmin40_Kmax300_Kstep1_gmin1e-06_seed006.npz
adaptive_rho,7,40,0.1,0.02,600,40.86666666666667,224.58222222222219,3.1991204392795045e-06,27814.39601435342,4.130154186268907,4.396386187172556,0.1079995931768659,20110561.146055285,3.2063513949751573e-05,0.0,0.11971512165786108,0.15918998021211336,0.18291799181937143,0.14082698748615535,0,214.26884731982773,480.1828556053773,1.419504882355708,0.4716666666666667,0.4229966492542124,6.989110759772881e-05,9.161393268138661e-05,140.86213116825093,84517.27870095056,logs/reacher_cdc_adaptive_k_noise_40\run_adaptive_rho_K040_rho0.1_noise0.02_Kmin40_Kmax300_Kstep1_gmin1e-06_seed007.npz
adaptive_rho,8,40,0.1,0.02,600,40.43333333333333,112.47888888888893,3.495291971746861e-05,8328.050719682531,3.8604583232316774,3.4623551671673582,0.05934776839136932,20094972.157338813,4.6552014160507955e-05,0.0,0.08479199312628653,0.13496584838875458,0.19122318794624196,0.09893655621329679,0,202.94576902269577,464.6158854878082,1.4148255257312152,0.4116666666666667,0.2487604645707166,4.648354701145933e-05,5.978738609506155e-05,134.16910833426905,80501.46500056144,logs/reacher_cdc_adaptive_k_noise_40\run_adaptive_rho_K040_rho0.1_noise0.02_Kmin40_Kmax300_Kstep1_gmin1e-06_seed008.npz
adaptive_rho,9,40,0.1,0.02,600,41.3,336.31,2.757157685186082e-07,221991.41270941668,4.209991278900707,3.9495695358563667,0.06352141977541977,20098318.725273278,6.651090211316779e-05,0.0,0.08503626992450218,0.13803644722753264,0.19997512323297334,0.08782831163988879,0,199.80289527609426,448.54758507799784,1.4144712695503694,0.415,0.259821672687457,4.566920690238273e-05,6.0047755184505936e-05,146.37691300110114,87826.14780066069,logs/reacher_cdc_adaptive_k_noise_40\run_adaptive_rho_K040_rho0.1_noise0.02_Kmin40_Kmax300_Kstep1_gmin1e-06_seed009.npz
adaptive_rho,0,40,0.2,0.02,600,46.5,1647.75,2.565073324334998e-07,323774.9452698356,4.10246050477235,3.212022209365524,0.04830110849609091,20148050.855828486,3.22546556770332e-05,0.0,0.08079399147772494,0.12543542602662885,0.18933254054304896,0.06016140179258347,0,204.5630509675924,459.3174818993544,1.4151820029209277,0.4533333333333333,0.2360183902786227,4.433505782923693e-05,5.6525112108081815e-05,186.76003866576744,112056.02319946047,logs/reacher_cdc_adaptive_k_noise_40\run_adaptive_rho_K040_rho0.2_noise0.02_Kmin40_Kmax300_Kstep1_gmin1e-06_seed000.npz
adaptive_rho,1,40,0.2,0.02,600,44.333333333333336,1107.8888888888891,5.490005762703456e-07,124430.66599951354,4.181924486623549,6.51578988117644,0.10519751403111874,20099015.781167928,2.5917524150188516e-05,0.0,0.08274916917175312,0.1350569370816168,0.1845795350613701,0.06524161651101386,0,203.5166672452178,458.9989097381565,1.415442340481912,0.42333333333333334,0.2476231489502341,4.561188384230264e-05,5.7758144888539444e-05,159.84950299859824,95909.70179915894,logs/reacher_cdc_adaptive_k_noise_40\run_adaptive_rho_K040_rho0.2_noise0.02_Kmin40_Kmax300_Kstep1_gmin1e-06_seed001.npz
adaptive_rho,2,40,0.2,0.02,600,43.9,998.7900000000004,2.0794514792486313e-05,22466.73135995038,4.56213764918376,7.623329283459698,0.08646085401087943,20108858.676984154,4.589294047143297e-05,0.0,0.09276813300246457,0.14695431330198858,0.1965072841060796,0.047732088558081254,0,207.78457349344302,443.99641934463045,1.4148877546325458,0.455,0.31130323374574737,5.19978398459844e-05,6.548098461653243e-05,164.9181566645469,98950.89399872813,logs/reacher_cdc_adaptive_k_noise_40\run_adaptive_rho_K040_rho0.2_noise0.02_Kmin40_Kmax300_Kstep1_gmin1e-06_seed002.npz
adaptive_rho,3,40,0.2,0.02,600,43.46666666666667,889.3155555555551,2.837457929446439e-07,219839.9876617183,4.034688659213748,4.618182505150653,0.10606712439112372,20095648.430536665,5.832632332621985e-05,0.0,0.09540661230734014,0.1385677665342895,0.2005980452050341,0.11441297258470642,0,210.46724381339988,454.95856608430773,1.4147194164947434,0.46,0.2935761408116521,5.437984490136807e-05,6.770191327436125e-05,159.02533833577763,95415.20300146658,logs/reacher_cdc_adaptive_k_noise_40\run_adaptive_rho_K040_rho0.2_noise0.02_Kmin40_Kmax300_Kstep1_gmin1e-06_seed003.npz
adaptive_rho,4,40,0.2,0.02,600,42.166666666666664,558.6388888888887,2.464959046943944e-05,10749.100514336771,4.221580461373237,3.6855659107459604,0.0660513285214918,20102985.60530719,0.00014922931502742398,0.0,0.08068402699211735,0.12639094014443,0.18075376050906805,0.054436909200996295,0,208.91513231559497,483.1393433288505,1.4147544187502787,0.45166666666666666,0.2381075442141254,4.396956124032209e-05,5.675986513335261e-05,149.4555508333724,89673.33050002344,logs/reacher_cdc_adaptive_k_noise_40\run_adaptive_rho_K040_rho0.2_noise0.02_Kmin40_Kmax300_Kstep1_gmin1e-06_seed004.npz
adaptive_rho,5,40,0.2,0.02,600,44.766666666666666,1216.6122222222223,2.1146849531339385e-07,299599.69377716735,3.975814139383665,0.33923186690585566,0.04313827847887405,20147453.096683163,0.00021902499650165927,0.0,0.09460163787986559,0.14620205724529298,0.18032128630000863,0.048783195701861425,0,203.14703440957956,451.80751962243176,1.4151192779415258,0.4066666666666667,0.285797374361334,5.210336092127462e-05,6.405235437028504e-05,164.13882316594632,98483.2938995678,logs/reacher_cdc_adaptive_k_noise_40\run_adaptive_rho_K040_rho0.2_noise0.02_Kmin40_Kmax300_Kstep1_gmin1e-06_seed005.npz
adaptive_rho,6,40,0.2,0.02,600,46.06666666666667,1540.5288888888892,2.435210486876048e-07,268331.4082886216,4.015923873629775,4.334474712954274,0.07193338071882856,20094228.573391173,3.14516343611585e-05,0.0,0.09219309532049284,0.14509420689922387,0.19056018734854613,0.10368943813886924,0,210.06767539807345,479.2113522620998,1.414618898664777,0.445,0.27445797941797345,5.0306555079326845e-05,6.18588747538075e-05,180.26911299927937,108161.46779956762,logs/reacher_cdc_adaptive_k_noise_40\run_adaptive_rho_K040_rho0.2_noise0.02_Kmin40_Kmax300_Kstep1_gmin1e-06_seed006.npz
adaptive_rho,7,40,0.2,0.02,600,44.766666666666666,1216.6122222222223,3.1991204392795045e-06,44399.51021624951,4.200156578887808,3.0235287584371755,0.07222087497588918,20106663.64778695,6.333464574295158e-05,0.0,0.10478085219438907,0.17340991523684218,0.20438216026686543,0.058069410014786445,0,212.75862747581945,466.2331269728462,1.4147782199252277,0.44333333333333336,0.34682563080467665,5.6935405542150306e-05,7.095422633740827e-05,169.09403283226615,101456.41969935969,logs/reacher_cdc_adaptive_k_noise_40\run_adaptive_rho_K040_rho0.2_noise0.02_Kmin40_Kmax300_Kstep1_gmin1e-06_seed007.npz
adaptive_rho,8,40,0.2,0.02,600,46.93333333333333,1754.5955555555554,1.3715089529977153e-05,31565.026072873065,3.9453237282853486,4.042717860842591,0.08212077930745534,20116652.614066146,2.134358701156259e-05,0.0,0.08910149624388279,0.14837224701405302,0.19122318794624196,0.08149457338970932,0,202.89863735277896,445.9583161903454,1.4164715282025448,0.4116666666666667,0.2628402332935793,4.967851595934241e-05,6.504398123348454e-05,168.03806266689207,100822.83760013524,logs/reacher_cdc_adaptive_k_noise_40\run_adaptive_rho_K040_rho0.2_noise0.02_Kmin40_Kmax300_Kstep1_gmin1e-06_seed008.npz
adaptive_rho,9,40,0.2,0.02,600,47.8,1967.1599999999992,2.757157685186082e-07,280866.8770946504,4.1894452488006335,2.1733930063752247,0.051352290086403525,20109472.458737038,4.027001073476391e-05,0.0,0.08679015396352224,0.1531527860288045,0.1845092985691772,0.07048162262510138,0,207.0604243605439,467.22026292079,1.4148881334986885,0.4483333333333333,0.26592198313197796,4.615282635098641e-05,5.936256023631782e-05,190.47270433433974,114283.62260060385,logs/reacher_cdc_adaptive_k_noise_40\run_adaptive_rho_K040_rho0.2_noise0.02_Kmin40_Kmax300_Kstep1_gmin1e-06_seed009.npz
adaptive_rho,0,40,0.3,0.02,600,56.03333333333333,3911.5988888888883,2.565073324334998e-07,422359.46201743936,3.9770746597275184,2.3125726853245396,0.05393947200132189,20088570.113402173,0.00013430537299562954,0.0016666666666666668,0.07281484634570033,0.10659222170936898,0.18933254054304896,0.0709790979869807,0,204.55654832104364,462.16139545076976,1.4182709520289327,0.405,0.19911647351422537,4.010292119198266e-05,5.214908412372222e-05,251.31966466491576,150791.79879894946,logs/reacher_cdc_adaptive_k_noise_40\run_adaptive_rho_K040_rho0.3_noise0.02_Kmin40_Kmax300_Kstep1_gmin1e-06_seed000.npz
adaptive_rho,1,40,0.3,0.02,600,50.833333333333336,2699.305555555555,5.490005762703456e-07,167553.457425749,4.148081427088003,3.2223656574582096,0.053146013343602805,20135538.107323885,3.4706550118742534e-05,0.0016666666666666668,0.0762710179011951,0.12660912068928024,0.1845795350613701,0.033790833264859446,0,213.16389878466373,488.3565624819319,1.415269461413512,0.4116666666666667,0.2242474783601456,4.089185745908333e-05,5.397022798875662e-05,223.97979549869584,134387.8772992175,logs/reacher_cdc_adaptive_k_noise_40\run_adaptive_rho_K040_rho0.3_noise0.02_Kmin40_Kmax300_Kstep1_gmin1e-06_seed001.npz
adaptive_rho,2,40,0.3,0.02,600,50.4,2595.8400000000006,2.3080182523508743e-07,321435.6661575175,4.16098474122567,3.402305992518533,0.060319521758371256,20117611.24494991,0.000289298454969079,0.0016666666666666668,0.09617866741582498,0.15904808354762953,0.1965072841060796,0.08760676953100094,0,210.0920807280662,467.89407840789454,1.4185319326796202,0.45166666666666666,0.3036672781613735,5.249194882675183e-05,6.82416396720874e-05,209.88934366498142,125933.60619898885,logs/reacher_cdc_adaptive_k_noise_40\run_adaptive_rho_K040_rho0.3_noise0.02_Kmin40_Kmax300_Kstep1_gmin1e-06_seed002.npz
adaptive_rho,3,40,0.3,0.02,600,50.833333333333336,2699.305555555555,2.837457929446439e-07,269940.87165309314,4.027591272666201,4.618182505150653,0.07680758241103611,20109964.527131613,3.1302397868915995e-05,0.0,0.07909040533644282,0.11932134902528758,0.2005980452050341,0.05139926142056036,0,210.39988249031867,478.5137788723231,1.4144851571777532,0.4483333333333333,0.22902054057852786,4.496666232270091e-05,5.520396669138324e-05,218.45002916913168,131070.01750147901,logs/reacher_cdc_adaptive_k_noise_40\run_adaptive_rho_K040_rho0.3_noise0.02_Kmin40_Kmax300_Kstep1_gmin1e-06_seed003.npz
adaptive_rho,4,40,0.3,0.02,600,48.233333333333334,2072.8788888888885,7.2893627163152605e-06,65578.20300345389,3.9040874768593388,5.073605977196461,0.10175454769048976,20104487.24499839,3.175086935336769e-05,0.0,0.09751442116433946,0.13766832684013305,0.18075376050906805,0.09623734033087454,0,206.6464337601348,472.4786662595569,1.4145325377584952,0.4116666666666667,0.29904766487160206,5.514310110549194e-05,7.234401269160804e-05,200.23553850032235,120141.3231001934,logs/reacher_cdc_adaptive_k_noise_40\run_adaptive_rho_K040_rho0.3_noise0.02_Kmin40_Kmax300_Kstep1_gmin1e-06_seed004.npz
adaptive_rho,5,40,0.3,0.02,600,47.8,1967.1599999999992,2.1146849531339385e-07,311304.53441685485,4.2738335334001505,8.261103830029828,0.0805461550255983,20148908.97868427,0.008325660900019518,0.0016666666666666668,0.09613477040049812,0.15312612728633562,0.210906919804298,0.07731052894687278,0,214.38511058751573,489.8918195624902,1.414687564264594,0.4683333333333333,0.31266628335264596,5.3878729738406205e-05,6.801283351858628e-05,186.91555266695408,112149.33160017245,logs/reacher_cdc_adaptive_k_noise_40\run_adaptive_rho_K040_rho0.3_noise0.02_Kmin40_Kmax300_Kstep1_gmin1e-06_seed005.npz
adaptive_rho,6,40,0.3,0.02,600,55.166666666666664,3713.3055555555566,2.435210486876048e-07,385346.46000433,4.1286733621153875,1.1369093887579862,0.0444990822398511,20107699.873371318,4.1469252770060924e-05,0.0,0.08212950645531099,0.13021062995081703,0.19056018734854613,0.08576264892480966,0,208.774816864787,467.11550312005033,1.4154828077428419,0.43,0.2416592491503142,4.436210337837164e-05,5.5982188698431196e-05,246.0136418355008,147608.18510130048,logs/reacher_cdc_adaptive_k_noise_40\run_adaptive_rho_K040_rho0.3_noise0.02_Kmin40_Kmax300_Kstep1_gmin1e-06_seed006.npz
adaptive_rho,7,40,0.3,0.02,600,53.86666666666667,3413.0488888888885,3.37270210208927e-07,299855.75588027673,4.054585741710648,3.727305038189227,0.05615349884765209,20091346.717483316,4.248793115783289e-05,0.0,0.08966313150883895,0.15223727517688027,0.18291799181937143,0.1479882667281232,0,204.52848677811332,442.3864964002055,1.4147447033961031,0.43166666666666664,0.2754092126869354,4.831202800432285e-05,6.24189175674715e-05,246.15981866333945,147695.89119800366,logs/reacher_cdc_adaptive_k_noise_40\run_adaptive_rho_K040_rho0.3_noise0.02_Kmin40_Kmax300_Kstep1_gmin1e-06_seed007.npz
adaptive_rho,8,40,0.3,0.02,600,49.96666666666667,2491.9988888888893,1.5823105133951457e-06,128337.21864106847,4.147651526902338,6.989231922501458,0.12702291731947885,20101609.71321639,5.011394368706929e-05,0.0,0.0998840317607118,0.14663458261455053,0.19122318794624196,0.12026897961536781,0,210.96891986355743,461.0239231036848,1.4149282485750332,0.45,0.31605195601886826,5.37004606742821e-05,7.091760798939967e-05,210.80867967005665,126485.20780203398,logs/reacher_cdc_adaptive_k_noise_40\run_adaptive_rho_K040_rho0.3_noise0.02_Kmin40_Kmax300_Kstep1_gmin1e-06_seed008.npz
adaptive_rho,9,40,0.3,0.02,600,57.333333333333336,4206.222222222222,2.757157685186082e-07,459869.2482624207,4.3718892472017945,0.4921842039638585,0.04368271559852897,20116577.303946443,3.699342449903902e-05,0.0016666666666666668,0.08828789206671257,0.1480823203682441,0.19371827223485197,0.06793761400454727,0,206.82178617563682,459.00726481750087,1.4147657841615533,0.43166666666666664,0.2755792754765041,4.7906352866066016e-05,6.015223677927103e-05,266.2091294990387,159725.4776994232,logs/reacher_cdc_adaptive_k_noise_40\run_adaptive_rho_K040_rho0.3_noise0.02_Kmin40_Kmax300_Kstep1_gmin1e-06_seed009.npz
adaptive_rho,0,40,0.4,0.02,600,61.666666666666664,5163.88888888889,2.565073324334998e-07,473229.59776078793,4.244081149342168,2.953460309054231,0.05164677562431231,20084341.061091714,3.57775271388401e-05,0.0,0.08742134593124193,0.1413346878436688,0.18933254054304896,0.02307134227112014,0,214.78351437520777,495.93738201855354,1.4147207842667957,0.4533333333333333,0.27078087732228273,4.795238180563534e-05,5.859972324635753e-05,293.8223223337748,176293.3934002649,logs/reacher_cdc_adaptive_k_noise_40\run_adaptive_rho_K040_rho0.4_noise0.02_Kmin40_Kmax300_Kstep1_gmin1e-06_seed000.npz
adaptive_rho,1,40,0.4,0.02,600,59.93333333333333,4785.328888888889,5.490005762703456e-07,232856.66632758538,4.210289527514016,5.070225371327871,0.05498065682080092,20093824.872626927,4.404943477688611e-05,0.0,0.07870976532564225,0.14423900101930676,0.1845795350613701,0.06057435866084998,0,204.15938263994929,451.3579190647705,1.4143390136202325,0.4116666666666667,0.23189300117978773,4.324622705798484e-05,5.4160225187966544e-05,302.0354176646409,181221.25059878454,logs/reacher_cdc_adaptive_k_noise_40\run_adaptive_rho_K040_rho0.4_noise0.02_Kmin40_Kmax300_Kstep1_gmin1e-06_seed001.npz
adaptive_rho,2,40,0.4,0.02,600,59.5,4689.75,2.3080182523508743e-07,353371.328720239,4.179390371122727,4.53881654920243,0.07799938795858323,20094591.337657396,2.8542228905539626e-05,0.0016666666666666668,0.09502968201760374,0.15978647105709087,0.1965072841060796,0.019954982364511455,0,208.63318775421465,475.7771090961627,1.4143931950048032,0.43666666666666665,0.2965209349828551,5.3120766403038525e-05,6.597159465898757e-05,263.59406799912296,158156.44079947378,logs/reacher_cdc_adaptive_k_noise_40\run_adaptive_rho_K040_rho0.4_noise0.02_Kmin40_Kmax300_Kstep1_gmin1e-06_seed002.npz
adaptive_rho,3,40,0.4,0.02,600,62.1,5257.590000000002,2.837457929446439e-07,381341.64106788335,3.836842707357992,2.2116732900186995,0.0652441121850511,20118615.377086487,4.908297293084352e-05,0.0,0.08090393852885538,0.11925401078291953,0.2005980452050341,0.08337116842973094,0,203.98617628654802,450.91800284914126,1.414278963131754,0.42333333333333334,0.22359647132034827,4.434645225483038e-05,5.8698698093303954e-05,321.3991135023146,192839.46810138877,logs/reacher_cdc_adaptive_k_noise_40\run_adaptive_rho_K040_rho0.4_noise0.02_Kmin40_Kmax300_Kstep1_gmin1e-06_seed003.npz
adaptive_rho,4,40,0.4,0.02,600,61.666666666666664,5163.888888888889,6.374916487104143e-06,130210.26681940451,4.1222402226905315,3.693225688748281,0.10039164901863065,20098166.259406257,6.639443624277717e-05,0.0016666666666666668,0.10198483866302972,0.15118567415617434,0.18075376050906805,0.12070482642670127,0,205.4735982687805,457.3780367916877,1.415446435172513,0.435,0.32862058918563725,5.67976893093181e-05,7.346117880687857e-05,289.850366669513,173910.22000170778,logs/reacher_cdc_adaptive_k_noise_40\run_adaptive_rho_K040_rho0.4_noise0.02_Kmin40_Kmax300_Kstep1_gmin1e-06_seed004.npz
adaptive_rho,5,40,0.4,0.02,600,56.03333333333333,3911.5988888888883,2.1146849531339385e-07,355354.7232549203,4.075732916654606,2.6297068631162643,0.05080673631383348,20094072.16700458,6.134786134167617e-05,0.0,0.09052143413476241,0.1530808854903941,0.1897428340094468,0.10037307795946057,0,206.8930275335342,462.0200051244977,1.4146500169267053,0.44333333333333336,0.2724684210709234,4.849053722153786e-05,6.363959453247019e-05,270.83241166663356,162499.44699998014,logs/reacher_cdc_adaptive_k_noise_40\run_adaptive_rho_K040_rho0.4_noise0.02_Kmin40_Kmax300_Kstep1_gmin1e-06_seed005.npz
adaptive_rho,6,40,0.4,0.02,600,58.2,4400.760000000001,2.435210486876048e-07,357136.96165365557,3.8987654100269418,3.4862590482585567,0.05283995414022608,20102972.58275325,4.923600842748893e-05,0.0016666666666666668,0.07245469668270627,0.14494890185942463,0.19056018734854613,0.09704541058202677,0,208.43679359081372,487.22936946001425,1.4153740438708686,0.38333333333333336,0.19586659878884755,3.752647736968337e-05,4.8095938750901266e-05,271.83755749855965,163102.5344991358,logs/reacher_cdc_adaptive_k_noise_40\run_adaptive_rho_K040_rho0.4_noise0.02_Kmin40_Kmax300_Kstep1_gmin1e-06_seed006.npz
adaptive_rho,7,40,0.4,0.02,600,58.2,4400.76,3.37270210208927e-07,320230.74602619227,4.082425150272823,4.858129782936407,0.08556215829198102,20092735.469968297,0.00037814736631083817,0.0016666666666666668,0.08815706070944083,0.12057790676683894,0.18291799181937143,0.05939910328987761,0,208.44841723900652,477.3076220033642,1.4143750109983035,0.445,0.26354393084255706,4.994779805122291e-05,6.32777301540926e-05,259.6507981677617,155790.47890065704,logs/reacher_cdc_adaptive_k_noise_40\run_adaptive_rho_K040_rho0.4_noise0.02_Kmin40_Kmax300_Kstep1_gmin1e-06_seed007.npz
adaptive_rho,8,40,0.4,0.02,600,65.13333333333334,5902.982222222223,1.5823105133951457e-06,330697.4961677056,3.9583221025787907,0.10893410589462264,0.04253938904764856,20130550.490329377,3.4200083044540555e-05,0.0,0.0855868114060928,0.13795405839358982,0.19122318794624196,0.04799010110237229,0,210.0043972910758,463.94767331964204,1.4145974483298542,0.43666666666666665,0.24719634236405788,4.728167470431016e-05,6.042500167445352e-05,339.1088053331866,203465.28319991194,logs/reacher_cdc_adaptive_k_noise_40\run_adaptive_rho_K040_rho0.4_noise0.02_Kmin40_Kmax300_Kstep1_gmin1e-06_seed008.npz
adaptive_rho,9,40,0.4,0.02,600,58.2,4400.76,2.757157685186082e-07,329345.533959911,3.950551211913972,0.7036392466954888,0.044667407722247934,20118531.851953354,3.6138011919379395e-05,0.0,0.08143743988630249,0.15055402835427326,0.1845092985691772,0.025646688902787082,0,202.04092919959965,453.48410399939354,1.4145943457186003,0.43166666666666664,0.23187901948909498,4.321208856330477e-05,5.437253373532782e-05,271.600724333354,162960.43460001238,logs/reacher_cdc_adaptive_k_noise_40\run_adaptive_rho_K040_rho0.4_noise0.02_Kmin40_Kmax300_Kstep1_gmin1e-06_seed009.npz
adaptive_rho,0,40,0.5,0.02,600,67.3,6352.709999999999,2.565073324334998e-07,479750.2094416268,4.1056479878254875,3.7852957417616553,0.06779013124996057,20109951.83243518,2.7133133936129812e-05,0.0016666666666666668,0.07431286485230998,0.1289321016609152,0.18933254054304896,0.08954250385753847,0,208.1966192992295,455.9280478117085,1.414594821781186,0.44666666666666666,0.21031121467771452,3.918686950365081e-05,5.0658353522418826e-05,347.25533450158156,208353.20070094895,logs/reacher_cdc_adaptive_k_noise_40\run_adaptive_rho_K040_rho0.5_noise0.02_Kmin40_Kmax300_Kstep1_gmin1e-06_seed000.npz
adaptive_rho,1,40,0.5,0.02,600,64.7,5811.91,5.490005762703456e-07,191451.9212342625,4.042735119309632,5.617309810785622,0.09097946917331622,20093048.04884973,6.122553458245942e-05,0.0016666666666666668,0.08635918897750597,0.13298276117936192,0.1845795350613701,0.0999748522319315,0,203.05636547397268,461.9755395527958,1.4151477192449162,0.4216666666666667,0.2527658835916496,4.787434844555224e-05,6.281336874588613e-05,292.7585098304553,175655.10589827318,logs/reacher_cdc_adaptive_k_noise_40\run_adaptive_rho_K040_rho0.5_noise0.02_Kmin40_Kmax300_Kstep1_gmin1e-06_seed001.npz
adaptive_rho,2,40,0.5,0.02,600,70.76666666666667,7052.745555555556,2.3080182523508743e-07,431513.1925699731,4.176898709587245,4.192590433047363,0.08281836122811331,20099841.234106112,4.062066362406742e-05,0.0,0.10636278502832479,0.19796468516014634,0.22185446019880536,0.11681714264508222,0,210.7762789701395,475.43204707474854,1.4146922899812528,0.445,0.3558773082033105,5.773589734990359e-05,7.33993481289196e-05,332.64180399962544,199585.08239977527,logs/reacher_cdc_adaptive_k_noise_40\run_adaptive_rho_K040_rho0.5_noise0.02_Kmin40_Kmax300_Kstep1_gmin1e-06_seed002.npz
adaptive_rho,3,40,0.5,0.02,600,57.766666666666666,4303.67888888889,2.837457929446439e-07,412813.3775718089,3.924770875703831,4.277909070118097,0.11556033467388095,20100875.814893134,4.200355278912435e-05,0.0,0.10813641352435827,0.14566118128723776,0.2005980452050341,0.0903519106299928,0,211.86312246140295,464.6477267668448,1.4146782838954595,0.4683333333333333,0.3510407485546917,6.225013994830583e-05,7.769570895724313e-05,254.46793250060486,152680.7595003629,logs/reacher_cdc_adaptive_k_noise_40\run_adaptive_rho_K040_rho0.5_noise0.02_Kmin40_Kmax300_Kstep1_gmin1e-06_seed003.npz
adaptive_rho,4,40,0.5,0.02,600,77.26666666666667,8300.52888888889,2.3083854707504568e-07,495812.29590075446,4.564345395000312,2.3337318668912435,0.0506638660796745,20116551.187363558,4.611917081429917e-05,0.0,0.08424483686450371,0.1523955235829659,0.1898746845057562,0.027960722058259647,0,208.98733951024704,458.4422161181237,1.4153108323836983,0.44166666666666665,0.2685298202431577,4.554736594980756e-05,5.852277063750668e-05,391.9205751660047,235152.34509960283,logs/reacher_cdc_adaptive_k_noise_40\run_adaptive_rho_K040_rho0.5_noise0.02_Kmin40_Kmax300_Kstep1_gmin1e-06_seed004.npz
adaptive_rho,5,40,0.5,0.02,600,75.53333333333333,7976.0488888888885,2.1146849531339385e-07,491470.4191244371,4.348684938657237,3.2591525785439592,0.07042193206675575,20140729.208972897,5.869339561020245e-05,0.0,0.06407083759441214,0.1059072207126987,0.18032128630000863,0.11183367053854863,0,209.93125287383512,452.84792725692455,1.4161523018654887,0.4633333333333333,0.18959964081843886,3.484868695523619e-05,4.5300978845390434e-05,396.34475350088906,237806.85210053343,logs/reacher_cdc_adaptive_k_noise_40\run_adaptive_rho_K040_rho0.5_noise0.02_Kmin40_Kmax300_Kstep1_gmin1e-06_seed005.npz
adaptive_rho,6,40,0.5,0.02,600,72.93333333333334,7478.062222222222,2.435210486876048e-07,474477.70975158195,4.381559679390181,5.115501765791702,0.07084043948309625,20125040.62762283,0.0011484747207688491,0.0033333333333333335,0.10447510905778794,0.19686794962010684,0.23155547521928377,0.11378714114459913,0,208.32830062609042,468.26967806331584,1.4146879740449905,0.48333333333333334,0.3494444100944833,5.635583575178804e-05,7.263780594488725e-05,366.98548116682406,220191.28870009445,logs/reacher_cdc_adaptive_k_noise_40\run_adaptive_rho_K040_rho0.5_noise0.02_Kmin40_Kmax300_Kstep1_gmin1e-06_seed006.npz
adaptive_rho,7,40,0.5,0.02,600,67.3,6352.709999999998,3.37270210208927e-07,380497.7426018747,4.1804132254882935,4.425960254346585,0.0722598589330588,20121440.96533021,5.418864868387986e-05,0.0,0.08059454403945306,0.11979890966079405,0.18291799181937143,0.105370430566564,0,210.5618302283935,493.79983900599996,1.4147693442530462,0.47,0.2372125473812695,4.4584660910506944e-05,5.822440773861436e-05,310.4138064995641,186248.28389973845,logs/reacher_cdc_adaptive_k_noise_40\run_adaptive_rho_K040_rho0.5_noise0.02_Kmin40_Kmax300_Kstep1_gmin1e-06_seed007.npz
adaptive_rho,8,40,0.5,0.02,600,69.46666666666667,6793.0488888888885,4.922585757782572e-07,368861.6923711449,4.1678745736771905,5.426253847178829,0.09052757091082812,20109410.342223864,3.884737351398431e-05,0.0,0.10343346444520092,0.14861837065940317,0.18784995195697984,0.08689671148380912,0,207.42621817436884,468.4879932245551,1.4143643237782968,0.43166666666666664,0.3425022217604651,5.786610299527385e-05,7.438944679420167e-05,327.35423249929835,196412.539499579,logs/reacher_cdc_adaptive_k_noise_40\run_adaptive_rho_K040_rho0.5_noise0.02_Kmin40_Kmax300_Kstep1_gmin1e-06_seed008.npz
adaptive_rho,9,40,0.5,0.02,600,65.56666666666666,5993.67888888889,2.757157685186082e-07,407751.25045721454,4.252973139789892,4.246355181989638,0.09386244032421101,20193676.70471751,3.418998067484568e-05,0.0033333333333333335,0.11090504127720174,0.16085030267087383,0.19222353848563115,0.08249183961489498,0,215.00309911866475,481.4858279844066,1.414754970974987,0.4633333333333333,0.37766168978470327,6.395465346051528e-05,8.056750694198145e-05,299.2376326660936,179542.57959965616,logs/reacher_cdc_adaptive_k_noise_40\run_adaptive_rho_K040_rho0.5_noise0.02_Kmin40_Kmax300_Kstep1_gmin1e-06_seed009.npz
adaptive_rho,0,40,0.6,0.02,600,79.0,8619.0,2.565073324334998e-07,548475.8161533901,4.157788679755498,2.538884084635156,0.05660304716727613,20180822.493646916,9.60534444577086e-05,0.0016666666666666668,0.08072384850300016,0.13446935688387246,0.18933254054304896,0.07606539649692452,0,206.65709498530447,457.4126299018608,1.4146450322439335,0.44,0.23628199528483948,4.348179432535205e-05,5.4326842338702276e-05,398.1148901684598,238868.93410107587,logs/reacher_cdc_adaptive_k_noise_40\run_adaptive_rho_K040_rho0.6_noise0.02_Kmin40_Kmax300_Kstep1_gmin1e-06_seed000.npz
adaptive_rho,1,40,0.6,0.02,600,77.26666666666667,8300.52888888889,5.490005762703456e-07,275882.18959689053,4.241547250454747,3.1295290975671426,0.06005281862270087,20136162.908563506,0.00028557509767869927,0.0,0.085432149895198,0.13356085977253432,0.1845795350613701,0.08367526049729034,0,217.3655299394357,489.2187721447735,1.4160536733264544,0.45166666666666666,0.257677444467609,4.740103542002554e-05,6.124815019332438e-05,399.10345549928024,239462.07329956815,logs/reacher_cdc_adaptive_k_noise_40\run_adaptive_rho_K040_rho0.6_noise0.02_Kmin40_Kmax300_Kstep1_gmin1e-06_seed001.npz
adaptive_rho,2,40,0.6,0.02,600,86.36666666666666,9905.465555555555,2.3080182523508743e-07,588696.4577378746,4.079580619395762,2.5337083368625875,0.04415093318703198,20091068.91226452,6.993416893608017e-05,0.0,0.07637066446542047,0.11782069431184745,0.1965072841060796,0.09461243307216251,0,204.69262139129992,468.3587380148954,1.4147849291801653,0.4216666666666667,0.21712700800561655,4.1988703515974716e-05,5.292272325856407e-05,461.63391183324467,276980.3470999468,logs/reacher_cdc_adaptive_k_noise_40\run_adaptive_rho_K040_rho0.6_noise0.02_Kmin40_Kmax300_Kstep1_gmin1e-06_seed002.npz
adaptive_rho,3,40,0.6,0.02,600,85.93333333333334,9832.795555555553,2.837457929446439e-07,610030.6637463043,4.274724778999377,3.7449613463468276,0.05009401097065498,20189943.257492743,0.001927203908312294,0.0033333333333333335,0.08408971385349318,0.1231406369789319,0.2005980452050341,0.11761649700703311,0,213.95447951379083,474.4987481910464,1.4149847753750893,0.4533333333333333,0.2560686661129724,4.589662013340611e-05,5.873497869272413e-05,484.8803314968245,290928.1988980947,logs/reacher_cdc_adaptive_k_noise_40\run_adaptive_rho_K040_rho0.6_noise0.02_Kmin40_Kmax300_Kstep1_gmin1e-06_seed003.npz
adaptive_rho,4,40,0.6,0.02,600,83.33333333333333,9388.888888888892,2.3083854707504568e-07,549090.3032121864,4.332338148742466,1.7753272661263821,0.048701377054902024,20126486.24970876,5.884868843266712e-05,0.0016666666666666668,0.08862561639448362,0.13586957081652118,0.19297168147717467,0.04161208261473968,0,212.08779023081786,487.5207494335092,1.4148230082667526,0.41833333333333333,0.2743875796111345,4.93597966149598e-05,6.478464040708249e-05,439.67990133096464,263807.9407985788,logs/reacher_cdc_adaptive_k_noise_40\run_adaptive_rho_K040_rho0.6_noise0.02_Kmin40_Kmax300_Kstep1_gmin1e-06_seed004.npz
adaptive_rho,5,40,0.6,0.02,600,80.3,8853.909999999996,2.1146849531339385e-07,482977.13212060404,4.203524513110989,3.329556840774008,0.0746636259142929,20094746.60085713,5.855562499195592e-05,0.0033333333333333335,0.0869577604235342,0.13587302206514817,0.18032128630000863,0.14110440358466386,0,206.37145253559916,471.3676778449531,1.4144263529773768,0.4083333333333333,0.2659386869582754,4.750373280469036e-05,5.947977373454989e-05,425.03794283567305,255022.76570140384,logs/reacher_cdc_adaptive_k_noise_40\run_adaptive_rho_K040_rho0.6_noise0.02_Kmin40_Kmax300_Kstep1_gmin1e-06_seed005.npz
adaptive_rho,6,40,0.6,0.02,600,77.26666666666667,8300.52888888889,2.435210486876048e-07,490884.26829203847,4.278953822784321,2.71230220203624,0.05643925412486141,20128826.75847239,5.884896313603787e-05,0.0,0.08773890691796332,0.15430892820655265,0.23155547521928377,0.061751441230457386,0,214.66632711771763,464.81890242258993,1.4144001997936801,0.4483333333333333,0.2712469819152333,4.5406484855163504e-05,5.47248799608773e-05,397.7796303321763,238667.77819930576,logs/reacher_cdc_adaptive_k_noise_40\run_adaptive_rho_K040_rho0.6_noise0.02_Kmin40_Kmax300_Kstep1_gmin1e-06_seed006.npz
adaptive_rho,7,40,0.6,0.02,600,69.9,6879.99,3.37270210208927e-07,382330.853028879,4.087031047844263,5.307913160995781,0.08479150921436514,20102016.07516638,3.7709641704178335e-05,0.0033333333333333335,0.09418758923255977,0.16318358555260357,0.21143357811357688,0.11018020180556082,0,212.22985052308357,484.4245227135196,1.41488523030175,0.45666666666666667,0.29199983086218656,5.0201831760833714e-05,6.313087821855159e-05,337.59693050388404,202558.1583023304,logs/reacher_cdc_adaptive_k_noise_40\run_adaptive_rho_K040_rho0.6_noise0.02_Kmin40_Kmax300_Kstep1_gmin1e-06_seed007.npz
adaptive_rho,8,40,0.6,0.02,600,83.76666666666667,9463.812222222223,4.922585757782572e-07,491138.4000523124,3.9224366632065166,0.10637837494383325,0.04160868749156306,20125851.622149892,3.400066704041569e-05,0.0,0.07041813987278077,0.1200860899977831,0.18784995195697984,0.085167693664563,0,206.97134055644676,468.06809804890827,1.414724357169638,0.4483333333333333,0.19163419009614505,3.768977560513043e-05,4.9297647533011985e-05,493.641640501058,296184.9843006348,logs/reacher_cdc_adaptive_k_noise_40\run_adaptive_rho_K040_rho0.6_noise0.02_Kmin40_Kmax300_Kstep1_gmin1e-06_seed008.npz
adaptive_rho,9,40,0.6,0.02,600,79.86666666666666,8775.982222222221,2.757157685186082e-07,512159.47488772345,4.200935171843748,2.0773143378489887,0.051567245759030614,20145639.070606392,5.210767931904962e-05,0.0,0.09245240596734211,0.13992315735232738,0.1845092985691772,0.07900676517555064,0,214.61911803881029,482.8131220073193,1.414535665166237,0.45666666666666667,0.2844804666163657,5.080643055830862e-05,6.15284276036522e-05,429.31619717215654,257589.71830329392,logs/reacher_cdc_adaptive_k_noise_40\run_adaptive_rho_K040_rho0.6_noise0.02_Kmin40_Kmax300_Kstep1_gmin1e-06_seed009.npz
adaptive_rho,0,40,0.7,0.02,600,96.33333333333333,11473.222222222223,2.565073324334998e-07,525465.1294016564,4.357071934210353,3.132549548677783,0.05560862941311568,20116672.67009076,0.00015065232785307876,0.0016666666666666668,0.06938599723422327,0.10853499776346975,0.18933254054304896,0.031422314276791694,0,215.23327421238847,486.0260299392073,1.4147304660626143,0.4583333333333333,0.2040363131331821,3.8100576679800095e-05,4.857396188389267e-05,503.11552299691056,301869.3137981463,logs/reacher_cdc_adaptive_k_noise_40\run_adaptive_rho_K040_rho0.7_noise0.02_Kmin40_Kmax300_Kstep1_gmin1e-06_seed000.npz
adaptive_rho,1,40,0.7,0.02,600,92.43333333333334,10883.412222222221,5.490005762703456e-07,703423.1149494753,4.343185094942529,4.926459636094521,0.04917267970596837,20118736.142736785,5.8722947116831825e-05,0.0016666666666666668,0.0985130549957361,0.16944226682982705,0.2676744306460694,0.05831471943035631,0,211.54927303911626,488.61291998027235,1.4143809658509219,0.4583333333333333,0.32358705879919697,5.206079241373955e-05,6.504118983817638e-05,537.1659135003574,322299.54810021445,logs/reacher_cdc_adaptive_k_noise_40\run_adaptive_rho_K040_rho0.7_noise0.02_Kmin40_Kmax300_Kstep1_gmin1e-06_seed001.npz
adaptive_rho,2,40,0.7,0.02,600,84.2,9538.360000000002,2.3080182523508743e-07,797159.5001226362,4.311853248439574,3.6867443602389836,0.06935296772034842,20159376.697474588,2.8539081324101132e-05,0.0033333333333333335,0.10038500796076125,0.15257599828329688,0.20090971268202615,0.07246942122324813,0,203.79481250437192,450.5632624154431,1.4153632599347976,0.425,0.3269164016038603,5.634037375289718e-05,7.297137966034944e-05,455.94229766885593,273565.37860131357,logs/reacher_cdc_adaptive_k_noise_40\run_adaptive_rho_K040_rho0.7_noise0.02_Kmin40_Kmax300_Kstep1_gmin1e-06_seed002.npz
adaptive_rho,3,40,0.7,0.02,600,98.93333333333334,11849.52888888889,2.837457929446439e-07,697982.7067439989,3.964844322800901,2.3440168596003907,0.04500405942299511,20142229.469908576,5.947737535154216e-05,0.0033333333333333335,0.07878226844626474,0.13810279312007656,0.2005980452050341,0.11054558392777239,0,209.6329960829454,457.21845979568144,1.4148851456829912,0.425,0.21506586778759879,4.2043991047828266e-05,5.4579905833715966e-05,562.6073153355779,337564.3892013468,logs/reacher_cdc_adaptive_k_noise_40\run_adaptive_rho_K040_rho0.7_noise0.02_Kmin40_Kmax300_Kstep1_gmin1e-06_seed003.npz
adaptive_rho,4,40,0.7,0.02,600,90.7,10611.51,2.3083854707504568e-07,511008.7318724647,3.897318268011189,3.5915676314591805,0.06214344040811094,20151647.80059147,0.00020163711875284226,0.0,0.07700028461325059,0.11351042912164455,0.18075376050906805,0.02834352284186918,0,209.42904580095131,463.1875592782616,1.4145693344816803,0.43666666666666665,0.20879810151385436,4.3169730922856473e-05,5.3424096946013956e-05,493.1590756688577,295895.44540131465,logs/reacher_cdc_adaptive_k_noise_40\run_adaptive_rho_K040_rho0.7_noise0.02_Kmin40_Kmax300_Kstep1_gmin1e-06_seed004.npz
adaptive_rho,5,40,0.7,0.02,600,96.76666666666667,11536.878888888892,2.1146849531339385e-07,674794.226271087,4.151712005522401,3.357585666345932,0.05690038862013987,20121355.19599088,5.385113026278513e-05,0.0033333333333333335,0.07874245146474099,0.13359134653564644,0.18032128630000863,0.10596549876748604,0,212.59636625557476,472.30363343364104,1.4175031431437226,0.455,0.22655325070071103,4.217542394784977e-05,5.4581151483319674e-05,563.7631165011165,338257.8699006699,logs/reacher_cdc_adaptive_k_noise_40\run_adaptive_rho_K040_rho0.7_noise0.02_Kmin40_Kmax300_Kstep1_gmin1e-06_seed005.npz
adaptive_rho,6,40,0.7,0.02,600,82.9,9313.59,2.435210486876048e-07,502095.91892581113,4.1558167965650075,3.8091599269623746,0.08649736440220256,20121472.096248634,5.32740843062315e-05,0.0,0.09524888195307611,0.14165425313146734,0.19056018734854613,0.029037866550416017,0,213.22935779246816,470.7231068628298,1.4150876397260879,0.44,0.2974943506704173,5.284798060062195e-05,6.557448751341242e-05,404.1252965010547,242475.17790063284,logs/reacher_cdc_adaptive_k_noise_40\run_adaptive_rho_K040_rho0.7_noise0.02_Kmin40_Kmax300_Kstep1_gmin1e-06_seed006.npz
adaptive_rho,7,40,0.7,0.02,600,96.33333333333333,11473.22222222222,3.37270210208927e-07,700443.242291523,3.907019532169073,5.098109536529035,0.062385309767584,20107065.037554614,3.697320548659197e-05,0.0,0.07980528290728298,0.1231494252511038,0.18291799181937143,0.10985334554466149,0,211.70683154495862,484.7884651557042,1.415644594780822,0.435,0.21899061096744515,4.278816121148596e-05,5.5822297018573834e-05,570.2489289982865,342149.3573989719,logs/reacher_cdc_adaptive_k_noise_40\run_adaptive_rho_K040_rho0.7_noise0.02_Kmin40_Kmax300_Kstep1_gmin1e-06_seed007.npz
adaptive_rho,8,40,0.7,0.02,600,102.83333333333333,12388.638888888892,4.922585757782572e-07,566604.9394946281,4.145963796788648,1.2979753401415244,0.04245543074725713,20123660.99658477,0.0005274225587277128,0.0,0.0784989478127198,0.1427812063060091,0.18784995195697984,0.05735822720996462,0,202.6242399739335,455.6945437902084,1.414638878659428,0.4116666666666667,0.22528269425049152,4.1999922786867144e-05,5.391540745316439e-05,617.5879264991576,370552.7558994945,logs/reacher_cdc_adaptive_k_noise_40\run_adaptive_rho_K040_rho0.7_noise0.02_Kmin40_Kmax300_Kstep1_gmin1e-06_seed008.npz
adaptive_rho,9,40,0.7,0.02,600,91.56666666666666,10748.212222222222,2.757157685186082e-07,851929.8067071335,4.032329945563511,5.2541344859970565,0.07396164758397715,20133416.15494131,2.94207386780864e-05,0.0033333333333333335,0.10628047505575602,0.14868810249641276,0.214883756295928,0.10224249165440677,0,202.68187159473106,465.09359388825976,1.4157283692478715,0.41333333333333333,0.3473770035398443,5.910153503099441e-05,7.719067737579681e-05,505.10637016404263,303063.8220984256,logs/reacher_cdc_adaptive_k_noise_40\run_adaptive_rho_K040_rho0.7_noise0.02_Kmin40_Kmax300_Kstep1_gmin1e-06_seed009.npz
adaptive_rho,0,40,0.8,0.02,600,103.7,12504.310000000003,2.565073324334998e-07,740525.7287586108,4.014956588378006,2.660805178356733,0.05577632360178851,20110047.351819348,3.8681526544637025e-05,0.0016666666666666668,0.06834872480912285,0.11695051082322679,0.18933254054304896,0.06576302880994689,0,208.4279422579013,483.20473764694566,1.4144024059861109,0.4216666666666667,0.18485293963431063,3.667022801519763e-05,4.593207133186608e-05,619.6479900016371,371788.7940009823,logs/reacher_cdc_adaptive_k_noise_40\run_adaptive_rho_K040_rho0.8_noise0.02_Kmin40_Kmax300_Kstep1_gmin1e-06_seed000.npz
adaptive_rho,1,40,0.8,0.02,600,103.26666666666667,12446.662222222223,5.490005762703456e-07,522066.1988167871,4.090229697003681,5.4261005635906,0.049679662060265306,20110978.13039646,0.00011919424324569276,0.0016666666666666668,0.07029008185877521,0.11661963185795797,0.1845795350613701,0.09721471305636976,0,205.11618871535507,461.4424587041687,1.4151061221644439,0.43166666666666664,0.1918454409840269,3.72297771796317e-05,4.592535260191967e-05,535.3505879989825,321210.3527993895,logs/reacher_cdc_adaptive_k_noise_40\run_adaptive_rho_K040_rho0.8_noise0.02_Kmin40_Kmax300_Kstep1_gmin1e-06_seed001.npz
adaptive_rho,2,40,0.8,0.02,600,109.33333333333333,13219.555555555558,2.3080182523508743e-07,814090.2406471979,4.284200378311139,0.09789230497011192,0.03757050868262105,20101368.2699042,7.282703517557312e-05,0.0016666666666666668,0.06501553100492657,0.11045504489782455,0.1965072841060796,0.07714540083028307,0,208.04493467856008,461.25210836160295,1.4145406047396412,0.415,0.18345909477771424,3.499762529611199e-05,4.476142347077721e-05,650.394032667391,390236.4196004346,logs/reacher_cdc_adaptive_k_noise_40\run_adaptive_rho_K040_rho0.8_noise0.02_Kmin40_Kmax300_Kstep1_gmin1e-06_seed002.npz
adaptive_rho,3,40,0.8,0.02,600,108.03333333333333,13060.132222222222,2.837457929446439e-07,707990.9024082307,4.1678976593089,2.6726649777075004,0.04657099014133794,20151769.84580919,0.00016718565866723355,0.0016666666666666668,0.07639985729108498,0.14081665748763328,0.2005980452050341,0.03431614235807326,0,212.03388426103845,454.3158123566594,1.4151925338976956,0.455,0.2175672486799341,3.888619145523955e-05,5.018786160602942e-05,640.0803641654784,384048.21849928703,logs/reacher_cdc_adaptive_k_noise_40\run_adaptive_rho_K040_rho0.8_noise0.02_Kmin40_Kmax300_Kstep1_gmin1e-06_seed003.npz
adaptive_rho,4,40,0.8,0.02,600,90.26666666666667,10542.595555555557,2.3083854707504568e-07,455597.9788669898,4.122244379962044,4.398372247591008,0.0896560731410722,20134721.04994999,2.501700212941494e-05,0.0,0.09598937466185699,0.13602777983308528,0.18075376050906805,0.12689074526221383,0,214.0450862262201,465.7518791280081,1.41479760300038,0.46166666666666667,0.2983535849385357,5.431112245536959e-05,6.833804073627417e-05,448.95016183378175,269370.09710026905,logs/reacher_cdc_adaptive_k_noise_40\run_adaptive_rho_K040_rho0.8_noise0.02_Kmin40_Kmax300_Kstep1_gmin1e-06_seed004.npz
adaptive_rho,5,40,0.8,0.02,600,103.7,12504.310000000001,2.1146849531339385e-07,752102.8926163786,4.243386724071562,2.1829405958206265,0.05442770797890335,20107359.06105828,0.0005171754548170313,0.005,0.08330115917244733,0.14039730554597746,0.18032128630000863,0.11013678287919665,0,216.7075919042992,445.3246515527776,1.4147069722450518,0.4583333333333333,0.24847679217863017,4.5164371294711214e-05,5.71715641751256e-05,627.1197955013486,376271.87730080914,logs/reacher_cdc_adaptive_k_noise_40\run_adaptive_rho_K040_rho0.8_noise0.02_Kmin40_Kmax300_Kstep1_gmin1e-06_seed005.npz
adaptive_rho,6,40,0.8,0.02,600,113.66666666666667,13726.555555555553,2.435210486876048e-07,824626.7734470374,4.108432688680861,0.9599491250814053,0.04114952986034972,20124828.17133997,0.00016867040738677543,0.008333333333333333,0.07879449755763009,0.13101361125928976,0.19056018734854613,0.10740999583274087,0,209.98326817872214,478.4447494313707,1.4150001048326988,0.4583333333333333,0.2240452493186919,4.271621492973739e-05,5.460001518021426e-05,704.7668451709129,422860.1071025478,logs/reacher_cdc_adaptive_k_noise_40\run_adaptive_rho_K040_rho0.8_noise0.02_Kmin40_Kmax300_Kstep1_gmin1e-06_seed006.npz
adaptive_rho,7,40,0.8,0.02,600,91.56666666666666,10748.212222222222,3.37270210208927e-07,581865.2550391966,4.073979252516543,4.0848148659335095,0.05429582624034512,20111823.445829064,6.05080095212728e-05,0.0,0.08007936135942496,0.11757315575835663,0.18291799181937143,0.09331688569281452,0,210.05889184795987,474.98014683967403,1.4145909584805032,0.4166666666666667,0.22603356406444253,4.472408198920897e-05,5.733927632858212e-05,483.5745370015502,290144.7222009301,logs/reacher_cdc_adaptive_k_noise_40\run_adaptive_rho_K040_rho0.8_noise0.02_Kmin40_Kmax300_Kstep1_gmin1e-06_seed007.npz
adaptive_rho,8,40,0.8,0.02,600,112.8,13628.159999999996,4.922585757782572e-07,794161.0369239172,4.374261008950754,2.695412445018607,0.044758435606837225,20144028.381812148,7.051665083249101e-05,0.0,0.08192680279303684,0.1308322377953383,0.18784995195697984,0.07400339638518356,0,202.77482439000698,430.6664656048657,1.4147492341746573,0.43,0.24765430890145976,4.343990890437514e-05,5.487382421148162e-05,695.1792240008945,417107.5344005367,logs/reacher_cdc_adaptive_k_noise_40\run_adaptive_rho_K040_rho0.8_noise0.02_Kmin40_Kmax300_Kstep1_gmin1e-06_seed008.npz
adaptive_rho,9,40,0.8,0.02,600,105.0,12675.0,2.757157685186082e-07,881765.0305182645,4.305450323043471,3.9479171015258054,0.06593128077365096,20148852.9710635,0.00021744995811040128,0.006666666666666667,0.08588987798012156,0.13251028032485332,0.1845092985691772,0.11118393542913292,0,210.76806135220215,464.8449714302691,1.41536004522215,0.44333333333333336,0.2599120306110753,4.659269209840622e-05,5.991208021043154e-05,582.4558894986209,349473.53369917255,logs/reacher_cdc_adaptive_k_noise_40\run_adaptive_rho_K040_rho0.8_noise0.02_Kmin40_Kmax300_Kstep1_gmin1e-06_seed009.npz
adaptive_rho,0,40,0.9,0.02,600,113.66666666666667,13726.555555555555,2.565073324334998e-07,741096.9832597765,4.137086937509201,3.2846615955392426,0.06735716773536472,20119326.368182104,0.0016157675289570576,0.005,0.08621819118168157,0.14341562912035344,0.18933254054304896,0.048100446514724615,0,211.51179966027274,482.6299950955989,1.4155718320555741,0.4483333333333333,0.25478092489053333,4.626654808346727e-05,6.140411899019943e-05,637.6823410007637,382609.4046004582,logs/reacher_cdc_adaptive_k_noise_40\run_adaptive_rho_K040_rho0.9_noise0.02_Kmin40_Kmax300_Kstep1_gmin1e-06_seed000.npz
adaptive_rho,1,40,0.9,0.02,600,124.06666666666666,14790.128888888894,5.490005762703456e-07,800631.44380573,4.2027161163899915,3.210583961923814,0.04298231367617823,20134646.47233117,0.00019391332902958766,0.0016666666666666668,0.06738332432219395,0.1200056820497129,0.1845795350613701,0.06642420289140817,0,212.15765834311702,468.65269145393825,1.41576774199197,0.4483333333333333,0.18785548104710917,3.540359278989798e-05,4.5445313869948704e-05,767.8767791663995,460726.0674998397,logs/reacher_cdc_adaptive_k_noise_40\run_adaptive_rho_K040_rho0.9_noise0.02_Kmin40_Kmax300_Kstep1_gmin1e-06_seed001.npz
adaptive_rho,2,40,0.9,0.02,600,120.6,14459.64,2.3080182523508743e-07,709698.986280032,4.342084241284189,2.040168640985076,0.04235369053932322,20109374.783882514,5.7959259198906355e-05,0.005,0.07096130456411083,0.1085237858030928,0.1965072841060796,0.0760336576242484,0,215.8934083473923,475.40234977051733,1.4146773356781048,0.4533333333333333,0.20462785203132514,3.756551011393115e-05,4.795416196226123e-05,720.3376905005038,432202.61430030223,logs/reacher_cdc_adaptive_k_noise_40\run_adaptive_rho_K040_rho0.9_noise0.02_Kmin40_Kmax300_Kstep1_gmin1e-06_seed002.npz
adaptive_rho,3,40,0.9,0.02,600,119.73333333333333,14373.26222222222,2.837457929446439e-07,777963.410126073,4.16401942580558,2.186214803610159,0.056525781913502215,20118606.645116284,0.00011850843078533077,0.0016666666666666668,0.06636682666799161,0.10307316289405169,0.2005980452050341,0.00711181885082494,0,220.13133169989743,496.0809337814152,1.4145553540542875,0.445,0.18050364397754867,3.531069498930282e-05,4.5805689309716876e-05,743.4064188318249,446043.85129909497,logs/reacher_cdc_adaptive_k_noise_40\run_adaptive_rho_K040_rho0.9_noise0.02_Kmin40_Kmax300_Kstep1_gmin1e-06_seed003.npz
adaptive_rho,4,40,0.9,0.02,600,105.86666666666666,12786.915555555557,2.3083854707504568e-07,888114.0947913674,4.354170014851961,3.181174952089289,0.05074597667486432,20123341.348497774,0.0001270600901378254,0.0,0.08176925235717726,0.12364001484850075,0.18075376050906805,0.02869650648478659,0,205.75223158493714,451.93414170010385,1.4143258327350967,0.415,0.24588566623734884,4.465718548487977e-05,5.782869955558481e-05,624.0747171690842,374444.83030145057,logs/reacher_cdc_adaptive_k_noise_40\run_adaptive_rho_K040_rho0.9_noise0.02_Kmin40_Kmax300_Kstep1_gmin1e-06_seed004.npz
adaptive_rho,5,40,0.9,0.02,600,118.0,14196.0,2.1146849531339385e-07,724060.8788722084,4.029848819263379,1.5546826103099427,0.03993254165945062,20116369.944344483,0.0003819365000844199,0.005,0.067076846817968,0.1118370788091316,0.18032128630000863,0.06527905889729453,0,211.48836767413326,477.3662085191497,1.4150248665442469,0.44333333333333336,0.17544288889506096,3.644068595451522e-05,4.714019476547537e-05,724.5813668362098,434748.82010172587,logs/reacher_cdc_adaptive_k_noise_40\run_adaptive_rho_K040_rho0.9_noise0.02_Kmin40_Kmax300_Kstep1_gmin1e-06_seed005.npz
adaptive_rho,6,40,0.9,0.02,600,99.8,11971.959999999997,2.435210486876048e-07,597615.3664021266,4.143860383904577,2.884386272926915,0.07447463053677089,20119563.922627132,3.105567221673731e-05,0.0016666666666666668,0.09568657392794182,0.13239518363301303,0.19056018734854613,0.0991457449854957,0,213.5709441402318,482.96575472391316,1.414574559225399,0.47833333333333333,0.29890234641161934,5.4154709598246174e-05,6.972461740129625e-05,549.1310441623986,329478.6264974391,logs/reacher_cdc_adaptive_k_noise_40\run_adaptive_rho_K040_rho0.9_noise0.02_Kmin40_Kmax300_Kstep1_gmin1e-06_seed006.npz
adaptive_rho,7,40,0.9,0.02,600,100.66666666666667,12092.888888888889,3.37270210208927e-07,604948.995017155,4.065368135167763,3.3310982774768316,0.06710544204084878,20251945.62460543,9.124458680579305e-05,0.0016666666666666668,0.08864460875136887,0.13393490893173332,0.18291799181937143,0.07611440015090448,0,210.68419229061672,477.0349746848699,1.4144262162012617,0.45,0.2608989040152099,4.916666274764199e-05,6.213752005603363e-05,533.1412119998519,319884.72719991114,logs/reacher_cdc_adaptive_k_noise_40\run_adaptive_rho_K040_rho0.9_noise0.02_Kmin40_Kmax300_Kstep1_gmin1e-06_seed007.npz
adaptive_rho,8,40,0.9,0.02,600,113.23333333333333,13677.54555555555,4.922585757782572e-07,559521.8856572543,4.338311492547556,3.5648004299491673,0.05226329711520574,20120980.79948422,3.421042282557729e-05,0.005,0.07737598761535214,0.13057400276911035,0.18784995195697984,0.09515097583775904,0,211.81395344211055,474.202772757454,1.4151401621544082,0.45166666666666666,0.22932398244801327,4.167949961011356e-05,5.3964911996818404e-05,655.9329865003625,393559.79190021753,logs/reacher_cdc_adaptive_k_noise_40\run_adaptive_rho_K040_rho0.9_noise0.02_Kmin40_Kmax300_Kstep1_gmin1e-06_seed008.npz
adaptive_rho,9,40,0.9,0.02,600,116.26666666666667,14012.72888888889,2.757157685186082e-07,767319.2960901352,4.197371489850337,5.374543337932456,0.06207407566258283,20149322.500302102,0.0001373727063754471,0.0,0.0743051463053957,0.1268034838786117,0.1845092985691772,0.02087676162651421,0,213.28803541676544,499.33762299676755,1.415250337202413,0.48333333333333334,0.20872220820847218,3.989277627165984e-05,5.250385090611924e-05,623.5562990015993,374133.7794009596,logs/reacher_cdc_adaptive_k_noise_40\run_adaptive_rho_K040_rho0.9_noise0.02_Kmin40_Kmax300_Kstep1_gmin1e-06_seed009.npz
adaptive_rho,0,40,1.0,0.02,600,128.83333333333334,15205.305555555553,2.565073324334998e-07,802168.9260433409,4.319748765092578,1.5696825479192504,0.03990025590859318,20114361.48350878,0.00019370392832204948,0.0033333333333333335,0.06799542525248256,0.11294850278934841,0.18933254054304896,0.0457721425404056,0,211.44065366816824,481.6422588488891,1.4145410082930885,0.4816666666666667,0.19048144877064335,3.588868338940159e-05,4.659780390118655e-05,731.1394875021264,438683.6925012758,logs/reacher_cdc_adaptive_k_noise_40\run_adaptive_rho_K040_rho1_noise0.02_Kmin40_Kmax300_Kstep1_gmin1e-06_seed000.npz
adaptive_rho,1,40,1.0,0.02,600,131.0,15379.0,5.490005762703456e-07,820338.9231792156,4.186408911762971,1.7685302967303946,0.040440195365039365,20098925.128751747,3.3712201382516117e-05,0.0,0.06659034608328943,0.10765059336962239,0.1845795350613701,0.056622227184319474,0,214.80445171777066,468.1370845673186,1.414709264123229,0.47,0.1835517137255879,3.590325806168122e-05,4.6581355393572556e-05,792.1985929994844,475319.15579969063,logs/reacher_cdc_adaptive_k_noise_40\run_adaptive_rho_K040_rho1_noise0.02_Kmin40_Kmax300_Kstep1_gmin1e-06_seed001.npz
adaptive_rho,2,40,1.0,0.02,600,114.1,13775.19,2.3080182523508743e-07,700525.0896954689,4.144416682320995,4.987306466571449,0.056564787494208915,20106928.082976818,0.00014304900121011823,0.0016666666666666668,0.09046653989419212,0.15715846640712378,0.1965072841060796,0.042202511747964355,0,209.38978947509938,459.3587881556795,1.4143551305840025,0.43166666666666664,0.2730542411302807,4.8747521840083094e-05,6.271479214589282e-05,611.6270118297931,366976.2070978759,logs/reacher_cdc_adaptive_k_noise_40\run_adaptive_rho_K040_rho1_noise0.02_Kmin40_Kmax300_Kstep1_gmin1e-06_seed002.npz
adaptive_rho,3,40,1.0,0.02,600,128.83333333333334,15205.305555555557,2.837457929446439e-07,823719.3332600433,4.1073173067984925,1.1812437152107207,0.04015343717382474,20145102.71102701,8.603039098812564e-05,0.0033333333333333335,0.07125152767803318,0.10694159882062473,0.2005980452050341,0.08692370701811969,0,211.36224046596925,468.90543807676045,1.4146497170276753,0.4216666666666667,0.1939095627473544,3.8715205766837716e-05,5.053128065977997e-05,755.3699743324736,453221.98459948413,logs/reacher_cdc_adaptive_k_noise_40\run_adaptive_rho_K040_rho1_noise0.02_Kmin40_Kmax300_Kstep1_gmin1e-06_seed003.npz
adaptive_rho,4,40,1.0,0.02,600,127.53333333333333,15096.58222222222,2.3083854707504568e-07,735078.4300565486,4.099588525378046,5.708948418242864,0.06815230648785359,20142057.300037473,0.00012102810304503176,0.008333333333333333,0.0817203914771365,0.13101154920231067,0.18075376050906805,0.057080429985990305,0,209.75693256462938,474.4801840362733,1.4149786803624673,0.4266666666666667,0.22891049465903063,4.470320505430438e-05,5.8318666896337923e-05,752.3815189990759,451428.9113994455,logs/reacher_cdc_adaptive_k_noise_40\run_adaptive_rho_K040_rho1_noise0.02_Kmin40_Kmax300_Kstep1_gmin1e-06_seed004.npz
adaptive_rho,5,40,1.0,0.02,600,108.9,13166.79,2.1146849531339385e-07,664809.0440781704,3.9975067933059822,3.856473568561956,0.06295668420953487,20129078.87379071,0.0009017175094125917,0.0033333333333333335,0.0832113314771952,0.11482998452664774,0.18032128630000863,0.02163126595403102,0,211.8528927717975,485.4721832596232,1.4144600793601683,0.475,0.23321766463240443,4.6116795532839044e-05,6.043434236402917e-05,570.8522403348858,342511.3442009315,logs/reacher_cdc_adaptive_k_noise_40\run_adaptive_rho_K040_rho1_noise0.02_Kmin40_Kmax300_Kstep1_gmin1e-06_seed005.npz
adaptive_rho,6,40,1.0,0.02,600,120.16666666666667,14416.638888888883,2.435210486876048e-07,664271.1684986779,4.0219287684197695,1.9380670716500494,0.04175659798402801,20107697.0261439,0.0017918345167434798,0.005,0.06256177882345398,0.0944140724469836,0.19056018734854613,0.061566088113698056,0,210.47434078802902,479.4162535254773,1.4143563003592499,0.43166666666666664,0.16404584865684435,3.3530816539754213e-05,4.279654828776007e-05,658.9730461698491,395383.82770190947,logs/reacher_cdc_adaptive_k_noise_40\run_adaptive_rho_K040_rho1_noise0.02_Kmin40_Kmax300_Kstep1_gmin1e-06_seed006.npz
adaptive_rho,7,40,1.0,0.02,600,115.83333333333333,13965.97222222222,3.37270210208927e-07,686073.5693151819,4.126103229902194,2.9891053226638213,0.062096960102511624,20137815.42020504,0.00012144207274321445,0.005,0.07755277115400414,0.12575006907434277,0.18291799181937143,0.02174460911973226,0,209.39124552789156,470.7673889551311,1.4160153477461195,0.42833333333333334,0.21708770853714904,4.256747290751353e-05,5.4161689879291984e-05,642.7201630000491,385632.09780002944,logs/reacher_cdc_adaptive_k_noise_40\run_adaptive_rho_K040_rho1_noise0.02_Kmin40_Kmax300_Kstep1_gmin1e-06_seed007.npz
adaptive_rho,8,40,1.0,0.02,600,126.66666666666667,15022.22222222222,4.922585757782572e-07,725973.2339568421,4.231989614910339,2.405099276344486,0.059200367366993197,20104275.14279494,0.00011757470676338211,0.01,0.0918445572664005,0.15223832074955737,0.18784995195697984,0.10846604816099907,0,208.9299439341025,456.0317391505562,1.4145551556526117,0.41833333333333333,0.28254778455721785,4.850002738386982e-05,6.262621011934684e-05,720.8083946649762,432485.0367989857,logs/reacher_cdc_adaptive_k_noise_40\run_adaptive_rho_K040_rho1_noise0.02_Kmin40_Kmax300_Kstep1_gmin1e-06_seed008.npz
adaptive_rho,9,40,1.0,0.02,600,128.4,15169.44,2.757157685186082e-07,853380.4144433832,4.349725457048188,1.7111417217403009,0.0425519256664931,20107724.532379955,0.00016932781304385833,0.0016666666666666668,0.08074915077341661,0.15561029123621847,0.20060023737462418,0.03846524903679175,0,212.62294763687984,472.75967116634416,1.415250337202413,0.44166666666666665,0.23784438868343966,4.079038452904895e-05,5.204623318594972e-05,676.5992843326725,405959.57059960347,logs/reacher_cdc_adaptive_k_noise_40\run_adaptive_rho_K040_rho1_noise0.02_Kmin40_Kmax300_Kstep1_gmin1e-06_seed009.npz
adaptive_rho,0,40,1.5,0.02,600,183.86666666666667,16707.71555555556,2.565073324334998e-07,1061082.609838165,4.222313742602598,2.35017324370918,0.036292452070936204,20136461.915815156,0.0003916482773540313,0.011666666666666667,0.05408225586804226,0.09002781036848705,0.18933254054304896,0.014103331407290294,0,215.4674921932753,499.7481608547759,1.414507889732523,0.475,0.14305599120360302,2.8301992089030433e-05,3.723664925618087e-05,1121.6976946666061,673018.6167999636,logs/reacher_cdc_adaptive_k_noise_40\run_adaptive_rho_K040_rho1.5_noise0.02_Kmin40_Kmax300_Kstep1_gmin1e-06_seed000.npz
adaptive_rho,1,40,1.5,0.02,600,166.53333333333333,16887.98222222222,5.490005762703456e-07,836027.7119612455,4.3249571548468975,3.2103929663409785,0.052437247926802544,20118426.463953312,3.679021928446164e-05,0.0033333333333333335,0.06731586251723011,0.11067289444483408,0.1845795350613701,0.04122721309130633,0,206.39849404389693,464.4970952924535,1.4146714227658221,0.45,0.18829992692913777,3.594270440074031e-05,4.703532860585262e-05,991.0747471655486,594644.8482993292,logs/reacher_cdc_adaptive_k_noise_40\run_adaptive_rho_K040_rho1.5_noise0.02_Kmin40_Kmax300_Kstep1_gmin1e-06_seed001.npz
adaptive_rho,2,40,1.5,0.02,600,172.6,16893.24,2.3080182523508743e-07,873555.178390892,3.9762246718845593,2.6414074562538725,0.040637506205814994,20149249.765772898,0.00011594889463087495,0.006666666666666667,0.06099097540351537,0.0959259239514637,0.1965072841060796,0.04451883946634087,0,210.15795842664346,500.08060533897134,1.4146039166656077,0.4266666666666667,0.15337059987201224,3.242344391607845e-05,4.180594566631688e-05,1019.0689036659509,611441.3421995705,logs/reacher_cdc_adaptive_k_noise_40\run_adaptive_rho_K040_rho1.5_noise0.02_Kmin40_Kmax300_Kstep1_gmin1e-06_seed002.npz
adaptive_rho,3,40,1.5,0.02,600,179.1,16817.19,2.837457929446439e-07,1224539.3607188086,4.246673718852238,2.453890784143515,0.037160753512943435,20111466.878289416,5.5465846553767324e-05,0.0033333333333333335,0.07198321728260317,0.11198803224585636,0.2005980452050341,0.03712534064240685,0,213.86192224522736,471.4689314763532,1.415706236616321,0.4533333333333333,0.198709967889759,3.975852815651389e-05,5.108475658065205e-05,1134.5798676666648,680747.9205999989,logs/reacher_cdc_adaptive_k_noise_40\run_adaptive_rho_K040_rho1.5_noise0.02_Kmin40_Kmax300_Kstep1_gmin1e-06_seed003.npz
adaptive_rho,4,40,1.5,0.02,600,171.3,16898.31,2.3083854707504568e-07,971081.8049767726,4.010449637880479,1.781628990004192,0.037277072724869915,20118927.802424576,0.005252064617768729,0.006666666666666667,0.06446487624459946,0.10998754941543877,0.18075376050906805,0.05397134773030875,0,218.18155669770806,502.1522528380576,1.414621160119861,0.46166666666666667,0.16345635277679607,3.4291379759434586e-05,4.401714264937807e-05,1055.9179941687034,633550.7965012221,logs/reacher_cdc_adaptive_k_noise_40\run_adaptive_rho_K040_rho1.5_noise0.02_Kmin40_Kmax300_Kstep1_gmin1e-06_seed004.npz
adaptive_rho,5,40,1.5,0.02,600,171.3,16898.31,2.1146849531339385e-07,1141898.2414051287,4.112176954554825,2.289751599185225,0.04119804582455425,20108207.945976593,0.00019087006343402598,0.005,0.06563100353182502,0.10135033945749215,0.18032128630000863,0.08011590292560024,0,210.7371713728495,459.32900714536856,1.4143742346306853,0.41833333333333333,0.1758333002809607,3.543159587356124e-05,4.644206098201839e-05,1081.6381656671485,648982.8994002892,logs/reacher_cdc_adaptive_k_noise_40\run_adaptive_rho_K040_rho1.5_noise0.02_Kmin40_Kmax300_Kstep1_gmin1e-06_seed005.npz
adaptive_rho,6,40,1.5,0.02,600,170.0,16900.0,2.435210486876048e-07,1061379.6812946694,4.354681393937852,0.10380676541585365,0.03535651136937611,20132540.76249823,6.535564355193195e-05,0.0016666666666666668,0.060953905302163526,0.09799946756803955,0.19056018734854613,0.10003480502640114,0,212.45200617712936,447.6209802271778,1.4143407568057942,0.44166666666666665,0.16888113737730012,3.257303459930423e-05,4.123552621068417e-05,1036.2222716705098,621733.3630023059,logs/reacher_cdc_adaptive_k_noise_40\run_adaptive_rho_K040_rho1.5_noise0.02_Kmin40_Kmax300_Kstep1_gmin1e-06_seed006.npz
adaptive_rho,7,40,1.5,0.02,600,180.4,16791.84,3.37270210208927e-07,1038160.788871534,4.070956660990191,0.09065669437321511,0.03339492314734215,20144225.13698897,6.23907724367765e-05,0.0016666666666666668,0.06386086778222007,0.10927567366151118,0.18291799181937143,0.050902666439603464,0,213.83184041078317,472.06664720743026,1.4142981903304825,0.45666666666666667,0.16200972215853862,3.43860019898444e-05,4.3708575717890925e-05,1102.3639381655569,661418.3628993342,logs/reacher_cdc_adaptive_k_noise_40\run_adaptive_rho_K040_rho1.5_noise0.02_Kmin40_Kmax300_Kstep1_gmin1e-06_seed007.npz
adaptive_rho,8,40,1.5,0.02,600,180.4,16791.84,4.922585757782572e-07,898642.8094665518,4.291456022513302,3.081786336640463,0.04066486111846514,20118477.218314126,5.678355118887676e-05,0.0033333333333333335,0.0602782320680571,0.10710764045263384,0.18784995195697984,0.11124718809601761,0,215.2326470545204,508.80852746032366,1.4153698387030682,0.4683333333333333,0.16254346888171864,3.1408052608215705e-05,3.9862722483310475e-05,1056.9618316662188,634177.0989997312,logs/reacher_cdc_adaptive_k_noise_40\run_adaptive_rho_K040_rho1.5_noise0.02_Kmin40_Kmax300_Kstep1_gmin1e-06_seed008.npz
adaptive_rho,9,40,1.5,0.02,600,182.56666666666666,16742.078888888886,2.757157685186082e-07,1288832.7538976187,4.317838978370155,3.110352711297024,0.03965767586220173,20120269.056358393,0.0002011250646109178,0.005,0.062008201447919506,0.11361272502058165,0.1845092985691772,0.10897258030618232,0,215.21961935470026,498.97109266913355,1.4151257767110574,0.465,0.16702259995621552,3.226017845270237e-05,4.0987350911259806e-05,1107.6137223348876,664568.2334009325,logs/reacher_cdc_adaptive_k_noise_40\run_adaptive_rho_K040_rho1.5_noise0.02_Kmin40_Kmax300_Kstep1_gmin1e-06_seed009.npz
